id_venda,data_hora,prato,categoria,quantidade,valor_total
1,2026-08-06 08:45:46,Hambúrguer Artesanal,Lanches,1,30.0
2,2026-08-24 06:04:46,Feijoada,Almoço,3,105.0
3,2026-09-07 11:11:46,Suco de Laranja,Bebidas,1,8.0
4,2026-09-16 16:21:46,Pizza Margherita,Jantar,2,90.0
5,2026-09-11 21:59:46,Hambúrguer Artesanal,Lanches,3,90.0
6,2026-09-07 17:52:46,Suco de Laranja,Bebidas,3,24.0
7,2026-07-12 03:30:46,Pizza Margherita,Jantar,2,90.0
8,2026-07-22 21:12:46,Pizza Margherita,Jantar,1,45.0
9,2026-08-21 02:38:46,Cerveja IPA,Bebidas,2,30.0
10,2026-08-28 01:35:46,Suco de Laranja,Bebidas,2,16.0
11,2026-09-21 00:29:46,Suco de Laranja,Bebidas,1,8.0
12,2026-08-30 19:10:46,Suco de Laranja,Bebidas,1,8.0
13,2026-08-08 02:42:46,Feijoada,Almoço,1,35.0
14,2026-08-24 03:40:46,Suco de Laranja,Bebidas,2,16.0
15,2026-07-23 00:17:46,Suco de Laranja,Bebidas,2,16.0
16,2026-09-22 16:49:46,Cerveja IPA,Bebidas,1,15.0
17,2026-07-27 23:32:46,Suco de Laranja,Bebidas,2,16.0
18,2026-06-27 21:03:46,Cerveja IPA,Bebidas,1,15.0
19,2026-07-22 08:48:46,Hambúrguer Artesanal,Lanches,1,30.0
20,2026-07-19 17:29:46,Feijoada,Almoço,1,35.0
21,2026-07-20 06:03:46,Prato Executivo Frango,Almoço,2,50.0
22,2026-09-14 03:22:46,Cerveja IPA,Bebidas,1,15.0
23,2026-07-27 14:07:46,Suco de Laranja,Bebidas,1,8.0
24,2026-07-24 03:46:46,Pizza Margherita,Jantar,2,90.0
25,2026-09-08 13:12:46,Prato Executivo Frango,Almoço,2,50.0
26,2026-07-20 11:16:46,Cerveja IPA,Bebidas,1,15.0
27,2026-07-07 03:24:46,Hambúrguer Artesanal,Lanches,2,60.0
28,2026-07-30 15:11:46,Pizza Margherita,Jantar,2,90.0
29,2026-07-14 14:40:46,Suco de Laranja,Bebidas,1,8.0
30,2026-09-18 07:16:46,Suco de Laranja,Bebidas,1,8.0
31,2026-09-20 05:17:46,Hambúrguer Artesanal,Lanches,2,60.0
32,2026-08-13 13:12:46,Prato Executivo Frango,Almoço,2,50.0
33,2026-08-18 09:55:46,Suco de Laranja,Bebidas,1,8.0
34,2026-08-26 08:26:46,Feijoada,Almoço,2,70.0
35,2026-07-19 07:08:46,Feijoada,Almoço,1,35.0
36,2026-07-03 11:40:46,Feijoada,Almoço,1,35.0
37,2026-08-21 20:02:46,Pizza Margherita,Jantar,1,45.0
38,2026-07-13 16:12:46,Pizza Margherita,Jantar,3,135.0
39,2026-09-07 18:20:46,Suco de Laranja,Bebidas,1,8.0
40,2026-09-07 22:44:46,Hambúrguer Artesanal,Lanches,2,60.0
41,2026-07-22 03:44:46,Cerveja IPA,Bebidas,2,30.0
42,2026-07-25 02:13:46,Hambúrguer Artesanal,Lanches,1,30.0
43,2026-09-14 03:51:46,Suco de Laranja,Bebidas,3,24.0
44,2026-07-23 00:06:46,Cerveja IPA,Bebidas,1,15.0
45,2026-07-18 07:21:46,Feijoada,Almoço,1,35.0
46,2026-07-27 02:39:46,Suco de Laranja,Bebidas,1,8.0
47,2026-08-09 14:51:46,Prato Executivo Frango,Almoço,1,25.0
48,2026-08-23 13:13:46,Suco de Laranja,Bebidas,1,8.0
49,2026-07-05 10:41:46,Feijoada,Almoço,1,35.0
50,2026-08-14 21:40:46,Pizza Margherita,Jantar,1,45.0
51,2026-09-18 06:42:46,Suco de Laranja,Bebidas,2,16.0
52,2026-08-28 18:11:46,Pizza Margherita,Jantar,1,45.0
53,2026-08-05 04:50:46,Prato Executivo Frango,Almoço,2,50.0
54,2026-07-24 01:20:46,Cerveja IPA,Bebidas,1,15.0
55,2026-06-30 18:49:46,Suco de Laranja,Bebidas,1,8.0
56,2026-08-31 06:49:46,Hambúrguer Artesanal,Lanches,1,30.0
57,2026-06-28 20:33:46,Cerveja IPA,Bebidas,1,15.0
58,2026-09-21 03:07:46,Hambúrguer Artesanal,Lanches,1,30.0
59,2026-09-18 03:03:46,Hambúrguer Artesanal,Lanches,1,30.0
60,2026-09-22 08:17:46,Cerveja IPA,Bebidas,1,15.0
61,2026-08-10 19:12:46,Pizza Margherita,Jantar,2,90.0
62,2026-07-16 15:42:46,Feijoada,Almoço,1,35.0
63,2026-06-25 08:05:46,Cerveja IPA,Bebidas,1,15.0
64,2026-08-28 15:29:46,Prato Executivo Frango,Almoço,1,25.0
65,2026-08-05 16:00:46,Hambúrguer Artesanal,Lanches,3,90.0
66,2026-07-07 23:04:46,Hambúrguer Artesanal,Lanches,1,30.0
67,2026-07-11 10:07:46,Cerveja IPA,Bebidas,1,15.0
68,2026-08-04 02:21:46,Prato Executivo Frango,Almoço,1,25.0
69,2026-07-16 15:04:46,Prato Executivo Frango,Almoço,1,25.0
70,2026-08-23 14:28:46,Prato Executivo Frango,Almoço,1,25.0
71,2026-07-24 18:17:46,Hambúrguer Artesanal,Lanches,1,30.0
72,2026-09-02 18:46:46,Cerveja IPA,Bebidas,2,30.0
73,2026-06-27 12:58:46,Suco de Laranja,Bebidas,1,8.0
74,2026-07-05 15:21:46,Feijoada,Almoço,1,35.0
75,2026-07-16 04:09:46,Suco de Laranja,Bebidas,1,8.0
76,2026-09-06 02:37:46,Prato Executivo Frango,Almoço,3,75.0
77,2026-09-05 15:18:46,Cerveja IPA,Bebidas,3,45.0
78,2026-08-22 22:20:46,Pizza Margherita,Jantar,1,45.0
79,2026-09-10 23:59:46,Cerveja IPA,Bebidas,1,15.0
80,2026-07-04 09:38:46,Suco de Laranja,Bebidas,1,8.0
81,2026-06-30 00:02:46,Prato Executivo Frango,Almoço,3,75.0
82,2026-06-30 11:46:46,Suco de Laranja,Bebidas,1,8.0
83,2026-08-11 10:17:46,Hambúrguer Artesanal,Lanches,1,30.0
84,2026-07-06 20:27:46,Pizza Margherita,Jantar,1,45.0
85,2026-08-07 11:18:46,Suco de Laranja,Bebidas,1,8.0
86,2026-07-08 08:40:46,Feijoada,Almoço,1,35.0
87,2026-07-28 00:34:46,Hambúrguer Artesanal,Lanches,1,30.0
88,2026-07-18 11:04:46,Suco de Laranja,Bebidas,1,8.0
89,2026-07-16 07:28:46,Feijoada,Almoço,3,105.0
90,2026-07-15 09:47:46,Suco de Laranja,Bebidas,1,8.0
91,2026-09-20 10:53:46,Suco de Laranja,Bebidas,1,8.0
92,2026-08-10 08:31:46,Suco de Laranja,Bebidas,1,8.0
93,2026-08-27 01:09:46,Prato Executivo Frango,Almoço,1,25.0
94,2026-07-02 08:12:46,Prato Executivo Frango,Almoço,1,25.0
95,2026-08-18 19:30:46,Cerveja IPA,Bebidas,2,30.0
96,2026-07-21 13:35:46,Suco de Laranja,Bebidas,1,8.0
97,2026-07-19 03:50:46,Hambúrguer Artesanal,Lanches,1,30.0
98,2026-07-30 06:20:46,Feijoada,Almoço,1,35.0
99,2026-08-31 07:02:46,Suco de Laranja,Bebidas,1,8.0
100,2026-07-15 18:32:46,Pizza Margherita,Jantar,1,45.0
101,2026-09-20 18:46:46,Cerveja IPA,Bebidas,1,15.0
102,2026-08-11 12:45:46,Feijoada,Almoço,1,35.0
103,2026-08-25 20:54:46,Hambúrguer Artesanal,Lanches,1,30.0
104,2026-09-03 06:12:46,Pizza Margherita,Jantar,1,45.0
105,2026-07-28 07:09:46,Feijoada,Almoço,1,35.0
106,2026-08-31 13:07:46,Suco de Laranja,Bebidas,2,16.0
107,2026-09-05 16:00:46,Cerveja IPA,Bebidas,1,15.0
108,2026-07-11 07:09:46,Cerveja IPA,Bebidas,1,15.0
109,2026-08-25 21:02:46,Pizza Margherita,Jantar,2,90.0
110,2026-09-20 21:09:46,Hambúrguer Artesanal,Lanches,1,30.0
111,2026-07-31 03:54:46,Cerveja IPA,Bebidas,1,15.0
112,2026-09-06 17:59:46,Cerveja IPA,Bebidas,3,45.0
113,2026-08-18 15:01:46,Pizza Margherita,Jantar,1,45.0
114,2026-07-06 09:22:46,Feijoada,Almoço,2,70.0
115,2026-07-16 00:57:46,Hambúrguer Artesanal,Lanches,1,30.0
116,2026-08-05 22:17:46,Suco de Laranja,Bebidas,2,16.0
117,2026-07-25 13:16:46,Cerveja IPA,Bebidas,2,30.0
118,2026-08-07 11:00:46,Cerveja IPA,Bebidas,2,30.0
119,2026-09-17 12:50:46,Cerveja IPA,Bebidas,1,15.0
120,2026-09-10 10:59:46,Pizza Margherita,Jantar,1,45.0
121,2026-07-22 06:48:46,Prato Executivo Frango,Almoço,3,75.0
122,2026-07-16 20:19:46,Cerveja IPA,Bebidas,2,30.0
123,2026-07-28 22:37:46,Cerveja IPA,Bebidas,2,30.0
124,2026-09-20 22:04:46,Suco de Laranja,Bebidas,2,16.0
125,2026-07-23 06:08:46,Suco de Laranja,Bebidas,3,24.0
126,2026-08-16 21:15:46,Pizza Margherita,Jantar,1,45.0
127,2026-07-20 23:25:46,Pizza Margherita,Jantar,2,90.0
128,2026-09-05 03:27:46,Feijoada,Almoço,1,35.0
129,2026-07-19 04:10:46,Cerveja IPA,Bebidas,1,15.0
130,2026-08-02 10:20:46,Suco de Laranja,Bebidas,1,8.0
131,2026-09-12 01:51:46,Pizza Margherita,Jantar,1,45.0
132,2026-09-18 23:51:46,Suco de Laranja,Bebidas,1,8.0
133,2026-09-16 09:50:46,Cerveja IPA,Bebidas,1,15.0
134,2026-08-21 21:15:46,Hambúrguer Artesanal,Lanches,2,60.0
135,2026-07-07 09:33:46,Prato Executivo Frango,Almoço,1,25.0
136,2026-08-01 04:52:46,Pizza Margherita,Jantar,2,90.0
137,2026-08-03 09:30:46,Feijoada,Almoço,1,35.0
138,2026-08-03 06:27:46,Hambúrguer Artesanal,Lanches,1,30.0
139,2026-07-22 09:35:46,Hambúrguer Artesanal,Lanches,1,30.0
140,2026-08-20 06:56:46,Cerveja IPA,Bebidas,1,15.0
141,2026-09-08 12:41:46,Feijoada,Almoço,1,35.0
142,2026-08-11 16:01:46,Feijoada,Almoço,1,35.0
143,2026-07-22 15:37:46,Feijoada,Almoço,1,35.0
144,2026-07-29 04:31:46,Cerveja IPA,Bebidas,1,15.0
145,2026-08-13 17:02:46,Feijoada,Almoço,1,35.0
146,2026-08-10 08:37:46,Suco de Laranja,Bebidas,2,16.0
147,2026-08-17 01:56:46,Hambúrguer Artesanal,Lanches,1,30.0
148,2026-07-04 08:03:46,Cerveja IPA,Bebidas,2,30.0
149,2026-09-11 03:15:46,Prato Executivo Frango,Almoço,1,25.0
150,2026-08-23 16:33:46,Prato Executivo Frango,Almoço,1,25.0
151,2026-07-29 04:22:46,Feijoada,Almoço,1,35.0
152,2026-08-22 16:55:46,Cerveja IPA,Bebidas,1,15.0
153,2026-08-21 00:30:46,Cerveja IPA,Bebidas,2,30.0
154,2026-08-18 07:58:46,Feijoada,Almoço,1,35.0
155,2026-06-30 00:25:46,Hambúrguer Artesanal,Lanches,1,30.0
156,2026-08-20 03:27:46,Pizza Margherita,Jantar,1,45.0
157,2026-07-04 17:41:46,Cerveja IPA,Bebidas,1,15.0
158,2026-08-29 18:15:46,Suco de Laranja,Bebidas,1,8.0
159,2026-07-26 22:00:46,Cerveja IPA,Bebidas,2,30.0
160,2026-09-08 23:20:46,Hambúrguer Artesanal,Lanches,1,30.0
161,2026-09-18 20:51:46,Hambúrguer Artesanal,Lanches,1,30.0
162,2026-07-13 01:53:46,Hambúrguer Artesanal,Lanches,2,60.0
163,2026-09-08 00:22:46,Pizza Margherita,Jantar,2,90.0
164,2026-08-01 19:25:46,Pizza Margherita,Jantar,2,90.0
165,2026-08-23 04:16:46,Cerveja IPA,Bebidas,1,15.0
166,2026-07-03 22:05:46,Cerveja IPA,Bebidas,1,15.0
167,2026-08-29 16:33:46,Hambúrguer Artesanal,Lanches,3,90.0
168,2026-09-14 07:47:46,Cerveja IPA,Bebidas,3,45.0
169,2026-08-03 04:30:46,Feijoada,Almoço,1,35.0
170,2026-08-21 13:08:46,Prato Executivo Frango,Almoço,3,75.0
171,2026-08-19 21:10:46,Cerveja IPA,Bebidas,2,30.0
172,2026-06-25 20:48:46,Hambúrguer Artesanal,Lanches,1,30.0
173,2026-09-07 21:10:46,Pizza Margherita,Jantar,1,45.0
174,2026-09-03 09:39:46,Hambúrguer Artesanal,Lanches,1,30.0
175,2026-08-05 04:05:46,Cerveja IPA,Bebidas,1,15.0
176,2026-07-09 13:19:46,Feijoada,Almoço,2,70.0
177,2026-09-14 08:49:46,Prato Executivo Frango,Almoço,1,25.0
178,2026-08-02 14:29:46,Cerveja IPA,Bebidas,1,15.0
179,2026-09-15 23:33:46,Pizza Margherita,Jantar,3,135.0
180,2026-08-20 12:29:46,Suco de Laranja,Bebidas,1,8.0
181,2026-07-22 18:23:46,Hambúrguer Artesanal,Lanches,1,30.0
182,2026-07-18 05:12:46,Hambúrguer Artesanal,Lanches,2,60.0
183,2026-07-17 08:03:46,Hambúrguer Artesanal,Lanches,1,30.0
184,2026-09-16 14:23:46,Prato Executivo Frango,Almoço,1,25.0
185,2026-07-08 23:15:46,Pizza Margherita,Jantar,2,90.0
186,2026-08-13 18:36:46,Hambúrguer Artesanal,Lanches,3,90.0
187,2026-09-14 11:59:46,Suco de Laranja,Bebidas,1,8.0
188,2026-06-30 20:48:46,Cerveja IPA,Bebidas,1,15.0
189,2026-06-30 19:43:46,Hambúrguer Artesanal,Lanches,1,30.0
190,2026-08-12 04:13:46,Prato Executivo Frango,Almoço,1,25.0
191,2026-09-03 13:03:46,Prato Executivo Frango,Almoço,3,75.0
192,2026-07-25 18:57:46,Suco de Laranja,Bebidas,1,8.0
193,2026-07-01 10:51:46,Cerveja IPA,Bebidas,2,30.0
194,2026-08-17 14:59:46,Feijoada,Almoço,1,35.0
195,2026-09-02 09:01:46,Suco de Laranja,Bebidas,1,8.0
196,2026-08-30 06:55:46,Hambúrguer Artesanal,Lanches,1,30.0
197,2026-09-15 16:59:46,Prato Executivo Frango,Almoço,1,25.0
198,2026-07-01 15:34:46,Feijoada,Almoço,1,35.0
199,2026-09-10 21:37:46,Cerveja IPA,Bebidas,1,15.0
200,2026-08-06 09:22:46,Suco de Laranja,Bebidas,1,8.0
201,2026-09-14 07:14:46,Pizza Margherita,Jantar,1,45.0
202,2026-07-29 10:42:46,Pizza Margherita,Jantar,1,45.0
203,2026-06-26 02:59:46,Feijoada,Almoço,2,70.0
204,2026-09-17 10:56:46,Pizza Margherita,Jantar,1,45.0
205,2026-07-30 22:31:46,Cerveja IPA,Bebidas,2,30.0
206,2026-08-05 03:43:46,Suco de Laranja,Bebidas,2,16.0
207,2026-07-25 06:45:46,Pizza Margherita,Jantar,1,45.0
208,2026-06-28 04:08:46,Feijoada,Almoço,1,35.0
209,2026-08-17 05:01:46,Cerveja IPA,Bebidas,1,15.0
210,2026-07-03 04:09:46,Feijoada,Almoço,1,35.0
211,2026-09-12 13:59:46,Suco de Laranja,Bebidas,1,8.0
212,2026-08-24 22:59:46,Hambúrguer Artesanal,Lanches,1,30.0
213,2026-07-29 23:19:46,Hambúrguer Artesanal,Lanches,2,60.0
214,2026-07-30 11:55:46,Prato Executivo Frango,Almoço,1,25.0
215,2026-07-25 09:04:46,Prato Executivo Frango,Almoço,1,25.0
216,2026-09-06 06:51:46,Suco de Laranja,Bebidas,2,16.0
217,2026-07-02 19:09:46,Cerveja IPA,Bebidas,1,15.0
218,2026-07-25 20:06:46,Hambúrguer Artesanal,Lanches,1,30.0
219,2026-07-16 04:39:46,Feijoada,Almoço,1,35.0
220,2026-07-05 14:35:46,Suco de Laranja,Bebidas,1,8.0
221,2026-09-19 23:33:46,Hambúrguer Artesanal,Lanches,1,30.0
222,2026-09-19 08:07:46,Feijoada,Almoço,1,35.0
223,2026-08-19 01:02:46,Cerveja IPA,Bebidas,2,30.0
224,2026-08-16 02:54:46,Pizza Margherita,Jantar,2,90.0
225,2026-08-23 11:04:46,Feijoada,Almoço,1,35.0
226,2026-08-29 05:19:46,Cerveja IPA,Bebidas,2,30.0
227,2026-07-29 17:26:46,Hambúrguer Artesanal,Lanches,2,60.0
228,2026-09-01 07:29:46,Prato Executivo Frango,Almoço,1,25.0
229,2026-08-24 19:08:46,Suco de Laranja,Bebidas,1,8.0
230,2026-09-04 07:03:46,Pizza Margherita,Jantar,1,45.0
231,2026-08-14 05:27:46,Hambúrguer Artesanal,Lanches,1,30.0
232,2026-08-27 02:00:46,Pizza Margherita,Jantar,1,45.0
233,2026-08-07 15:20:46,Feijoada,Almoço,2,70.0
234,2026-07-27 06:01:46,Feijoada,Almoço,1,35.0
235,2026-09-10 22:07:46,Suco de Laranja,Bebidas,1,8.0
236,2026-09-03 01:34:46,Cerveja IPA,Bebidas,1,15.0
237,2026-09-15 03:10:46,Pizza Margherita,Jantar,1,45.0
238,2026-09-01 21:58:46,Pizza Margherita,Jantar,1,45.0
239,2026-09-16 20:17:46,Cerveja IPA,Bebidas,3,45.0
240,2026-08-10 05:37:46,Prato Executivo Frango,Almoço,1,25.0
241,2026-07-30 14:40:46,Cerveja IPA,Bebidas,1,15.0
242,2026-07-19 23:21:46,Suco de Laranja,Bebidas,1,8.0
243,2026-08-03 12:38:46,Suco de Laranja,Bebidas,2,16.0
244,2026-08-24 19:26:46,Suco de Laranja,Bebidas,1,8.0
245,2026-08-24 02:35:46,Prato Executivo Frango,Almoço,1,25.0
246,2026-09-01 17:47:46,Hambúrguer Artesanal,Lanches,2,60.0
247,2026-08-31 03:30:46,Pizza Margherita,Jantar,1,45.0
248,2026-08-30 08:35:46,Feijoada,Almoço,1,35.0
249,2026-06-27 05:02:46,Cerveja IPA,Bebidas,1,15.0
250,2026-08-29 18:49:46,Hambúrguer Artesanal,Lanches,1,30.0
251,2026-07-17 20:34:46,Pizza Margherita,Jantar,1,45.0
252,2026-08-25 04:24:46,Suco de Laranja,Bebidas,1,8.0
253,2026-07-09 07:29:46,Feijoada,Almoço,1,35.0
254,2026-07-24 20:07:46,Cerveja IPA,Bebidas,1,15.0
255,2026-09-05 18:08:46,Pizza Margherita,Jantar,1,45.0
256,2026-06-26 17:10:46,Cerveja IPA,Bebidas,3,45.0
257,2026-08-19 05:48:46,Pizza Margherita,Jantar,1,45.0
258,2026-07-21 19:54:46,Hambúrguer Artesanal,Lanches,2,60.0
259,2026-08-05 06:46:46,Pizza Margherita,Jantar,2,90.0
260,2026-08-02 20:51:46,Pizza Margherita,Jantar,3,135.0
261,2026-09-09 05:21:46,Pizza Margherita,Jantar,2,90.0
262,2026-09-15 14:23:46,Cerveja IPA,Bebidas,1,15.0
263,2026-09-22 16:56:46,Pizza Margherita,Jantar,1,45.0
264,2026-07-29 23:31:46,Hambúrguer Artesanal,Lanches,2,60.0
265,2026-07-12 10:30:46,Cerveja IPA,Bebidas,3,45.0
266,2026-09-10 00:45:46,Cerveja IPA,Bebidas,1,15.0
267,2026-09-01 10:07:46,Hambúrguer Artesanal,Lanches,1,30.0
268,2026-09-10 22:01:46,Hambúrguer Artesanal,Lanches,3,90.0
269,2026-08-29 05:52:46,Hambúrguer Artesanal,Lanches,1,30.0
270,2026-07-29 21:16:46,Hambúrguer Artesanal,Lanches,1,30.0
271,2026-07-09 22:46:46,Cerveja IPA,Bebidas,1,15.0
272,2026-09-09 17:49:46,Hambúrguer Artesanal,Lanches,2,60.0
273,2026-08-04 01:20:46,Hambúrguer Artesanal,Lanches,3,90.0
274,2026-07-10 21:32:46,Suco de Laranja,Bebidas,1,8.0
275,2026-07-13 00:11:46,Cerveja IPA,Bebidas,1,15.0
276,2026-08-23 00:59:46,Feijoada,Almoço,1,35.0
277,2026-07-10 21:36:46,Hambúrguer Artesanal,Lanches,2,60.0
278,2026-08-23 10:06:46,Cerveja IPA,Bebidas,1,15.0
279,2026-07-01 08:11:46,Cerveja IPA,Bebidas,1,15.0
280,2026-08-31 16:01:46,Suco de Laranja,Bebidas,2,16.0
281,2026-09-10 17:54:46,Cerveja IPA,Bebidas,1,15.0
282,2026-08-07 03:07:46,Hambúrguer Artesanal,Lanches,1,30.0
283,2026-09-20 02:40:46,Cerveja IPA,Bebidas,3,45.0
284,2026-09-15 14:38:46,Suco de Laranja,Bebidas,1,8.0
285,2026-06-27 07:02:46,Prato Executivo Frango,Almoço,1,25.0
286,2026-07-11 00:56:46,Feijoada,Almoço,1,35.0
287,2026-08-15 09:59:46,Hambúrguer Artesanal,Lanches,1,30.0
288,2026-07-01 14:12:46,Suco de Laranja,Bebidas,1,8.0
289,2026-06-27 08:11:46,Pizza Margherita,Jantar,1,45.0
290,2026-08-27 07:27:46,Prato Executivo Frango,Almoço,1,25.0
291,2026-08-29 04:21:46,Hambúrguer Artesanal,Lanches,1,30.0
292,2026-09-07 16:14:46,Feijoada,Almoço,1,35.0
293,2026-07-09 19:58:46,Pizza Margherita,Jantar,1,45.0
294,2026-08-27 21:17:46,Cerveja IPA,Bebidas,1,15.0
295,2026-09-12 03:05:46,Prato Executivo Frango,Almoço,2,50.0
296,2026-08-02 18:08:46,Pizza Margherita,Jantar,2,90.0
297,2026-07-12 00:00:46,Feijoada,Almoço,1,35.0
298,2026-08-31 19:27:46,Pizza Margherita,Jantar,3,135.0
299,2026-09-17 19:56:46,Pizza Margherita,Jantar,1,45.0
300,2026-09-13 06:32:46,Feijoada,Almoço,2,70.0
301,2026-09-10 01:36:46,Suco de Laranja,Bebidas,2,16.0
302,2026-07-24 21:48:46,Hambúrguer Artesanal,Lanches,2,60.0
303,2026-08-09 17:51:46,Cerveja IPA,Bebidas,1,15.0
304,2026-09-07 16:40:46,Feijoada,Almoço,1,35.0
305,2026-07-02 03:28:46,Pizza Margherita,Jantar,1,45.0
306,2026-07-08 03:44:46,Pizza Margherita,Jantar,1,45.0
307,2026-08-29 04:02:46,Hambúrguer Artesanal,Lanches,1,30.0
308,2026-09-10 02:33:46,Suco de Laranja,Bebidas,1,8.0
309,2026-08-15 11:02:46,Feijoada,Almoço,3,105.0
310,2026-07-15 09:13:46,Pizza Margherita,Jantar,2,90.0
311,2026-09-19 22:31:46,Cerveja IPA,Bebidas,1,15.0
312,2026-06-26 14:50:46,Suco de Laranja,Bebidas,2,16.0
313,2026-07-09 03:00:46,Hambúrguer Artesanal,Lanches,2,60.0
314,2026-08-21 14:09:46,Prato Executivo Frango,Almoço,1,25.0
315,2026-08-08 11:33:46,Feijoada,Almoço,1,35.0
316,2026-07-16 08:33:46,Pizza Margherita,Jantar,1,45.0
317,2026-07-23 18:01:46,Suco de Laranja,Bebidas,1,8.0
318,2026-07-20 18:05:46,Hambúrguer Artesanal,Lanches,2,60.0
319,2026-07-13 04:50:46,Pizza Margherita,Jantar,1,45.0
320,2026-07-22 23:43:46,Cerveja IPA,Bebidas,1,15.0
321,2026-08-06 14:24:46,Prato Executivo Frango,Almoço,1,25.0
322,2026-09-20 01:34:46,Cerveja IPA,Bebidas,1,15.0
323,2026-07-04 13:24:46,Suco de Laranja,Bebidas,2,16.0
324,2026-08-22 18:06:46,Suco de Laranja,Bebidas,1,8.0
325,2026-08-05 04:58:46,Suco de Laranja,Bebidas,2,16.0
326,2026-07-11 08:59:46,Hambúrguer Artesanal,Lanches,1,30.0
327,2026-08-12 16:33:46,Cerveja IPA,Bebidas,1,15.0
328,2026-09-15 16:38:46,Prato Executivo Frango,Almoço,1,25.0
329,2026-09-06 16:44:46,Cerveja IPA,Bebidas,2,30.0
330,2026-06-30 12:21:46,Feijoada,Almoço,2,70.0
331,2026-07-23 16:39:46,Suco de Laranja,Bebidas,1,8.0
332,2026-07-19 18:51:46,Cerveja IPA,Bebidas,1,15.0
333,2026-08-19 13:00:46,Feijoada,Almoço,1,35.0
334,2026-07-01 02:40:46,Suco de Laranja,Bebidas,3,24.0
335,2026-07-19 20:45:46,Hambúrguer Artesanal,Lanches,1,30.0
336,2026-08-24 08:45:46,Suco de Laranja,Bebidas,1,8.0
337,2026-06-27 13:24:46,Cerveja IPA,Bebidas,1,15.0
338,2026-08-11 03:51:46,Cerveja IPA,Bebidas,3,45.0
339,2026-07-02 06:28:46,Cerveja IPA,Bebidas,1,15.0
340,2026-09-20 11:10:46,Cerveja IPA,Bebidas,1,15.0
341,2026-08-14 07:18:46,Pizza Margherita,Jantar,1,45.0
342,2026-07-05 22:06:46,Cerveja IPA,Bebidas,1,15.0
343,2026-07-07 11:50:46,Suco de Laranja,Bebidas,3,24.0
344,2026-08-26 21:31:46,Hambúrguer Artesanal,Lanches,1,30.0
345,2026-09-20 04:15:46,Prato Executivo Frango,Almoço,2,50.0
346,2026-09-19 02:22:46,Feijoada,Almoço,1,35.0
347,2026-08-01 09:15:46,Prato Executivo Frango,Almoço,2,50.0
348,2026-09-22 14:32:46,Suco de Laranja,Bebidas,2,16.0
349,2026-07-12 17:38:46,Suco de Laranja,Bebidas,1,8.0
350,2026-09-14 23:13:46,Cerveja IPA,Bebidas,1,15.0
351,2026-08-23 20:08:46,Suco de Laranja,Bebidas,1,8.0
352,2026-06-28 10:42:46,Hambúrguer Artesanal,Lanches,3,90.0
353,2026-08-20 07:00:46,Prato Executivo Frango,Almoço,2,50.0
354,2026-08-02 07:10:46,Cerveja IPA,Bebidas,3,45.0
355,2026-09-10 20:08:46,Suco de Laranja,Bebidas,2,16.0
356,2026-07-13 16:51:46,Feijoada,Almoço,1,35.0
357,2026-08-18 04:46:46,Feijoada,Almoço,2,70.0
358,2026-09-03 14:07:46,Cerveja IPA,Bebidas,1,15.0
359,2026-08-31 15:39:46,Pizza Margherita,Jantar,1,45.0
360,2026-07-26 16:38:46,Cerveja IPA,Bebidas,1,15.0
361,2026-08-29 23:50:46,Pizza Margherita,Jantar,2,90.0
362,2026-07-17 20:48:46,Suco de Laranja,Bebidas,2,16.0
363,2026-09-03 21:56:46,Pizza Margherita,Jantar,1,45.0
364,2026-07-06 10:21:46,Suco de Laranja,Bebidas,3,24.0
365,2026-09-17 08:10:46,Feijoada,Almoço,1,35.0
366,2026-09-03 02:24:46,Cerveja IPA,Bebidas,1,15.0
367,2026-08-23 20:22:46,Suco de Laranja,Bebidas,1,8.0
368,2026-07-24 12:58:46,Feijoada,Almoço,3,105.0
369,2026-07-13 00:00:46,Hambúrguer Artesanal,Lanches,1,30.0
370,2026-08-29 01:02:46,Cerveja IPA,Bebidas,1,15.0
371,2026-07-14 11:59:46,Cerveja IPA,Bebidas,1,15.0
372,2026-09-18 03:31:46,Prato Executivo Frango,Almoço,2,50.0
373,2026-09-20 15:57:46,Prato Executivo Frango,Almoço,1,25.0
374,2026-08-23 07:47:46,Feijoada,Almoço,1,35.0
375,2026-07-21 10:45:46,Pizza Margherita,Jantar,1,45.0
376,2026-08-30 01:47:46,Hambúrguer Artesanal,Lanches,1,30.0
377,2026-09-06 18:16:46,Pizza Margherita,Jantar,1,45.0
378,2026-07-13 11:32:46,Cerveja IPA,Bebidas,1,15.0
379,2026-08-30 13:05:46,Cerveja IPA,Bebidas,1,15.0
380,2026-07-03 13:22:46,Prato Executivo Frango,Almoço,1,25.0
381,2026-09-09 06:22:46,Cerveja IPA,Bebidas,2,30.0
382,2026-08-26 10:01:46,Suco de Laranja,Bebidas,1,8.0
383,2026-08-16 21:37:46,Cerveja IPA,Bebidas,1,15.0
384,2026-07-17 08:54:46,Prato Executivo Frango,Almoço,1,25.0
385,2026-09-04 15:14:46,Pizza Margherita,Jantar,2,90.0
386,2026-07-07 22:21:46,Hambúrguer Artesanal,Lanches,1,30.0
387,2026-07-31 16:18:46,Cerveja IPA,Bebidas,1,15.0
388,2026-07-07 20:47:46,Suco de Laranja,Bebidas,3,24.0
389,2026-08-17 19:40:46,Cerveja IPA,Bebidas,1,15.0
390,2026-09-12 20:55:46,Pizza Margherita,Jantar,1,45.0
391,2026-08-07 12:03:46,Cerveja IPA,Bebidas,1,15.0
392,2026-08-15 04:47:46,Suco de Laranja,Bebidas,3,24.0
393,2026-08-14 09:12:46,Suco de Laranja,Bebidas,3,24.0
394,2026-07-12 22:41:46,Hambúrguer Artesanal,Lanches,1,30.0
395,2026-09-09 10:43:46,Prato Executivo Frango,Almoço,3,75.0
396,2026-07-29 12:29:46,Prato Executivo Frango,Almoço,1,25.0
397,2026-08-21 01:48:46,Suco de Laranja,Bebidas,1,8.0
398,2026-08-19 02:05:46,Hambúrguer Artesanal,Lanches,1,30.0
399,2026-07-14 11:51:46,Suco de Laranja,Bebidas,1,8.0
400,2026-07-07 04:56:46,Pizza Margherita,Jantar,1,45.0
401,2026-06-27 17:45:46,Feijoada,Almoço,1,35.0
402,2026-07-29 09:46:46,Feijoada,Almoço,3,105.0
403,2026-09-13 11:30:46,Suco de Laranja,Bebidas,2,16.0
404,2026-06-28 01:02:46,Pizza Margherita,Jantar,1,45.0
405,2026-08-31 14:31:46,Feijoada,Almoço,2,70.0
406,2026-09-12 17:08:46,Suco de Laranja,Bebidas,1,8.0
407,2026-06-28 06:34:46,Cerveja IPA,Bebidas,1,15.0
408,2026-08-15 22:27:46,Hambúrguer Artesanal,Lanches,1,30.0
409,2026-08-11 05:27:46,Cerveja IPA,Bebidas,1,15.0
410,2026-09-02 09:13:46,Prato Executivo Frango,Almoço,1,25.0
411,2026-08-21 11:57:46,Feijoada,Almoço,1,35.0
412,2026-07-04 05:03:46,Hambúrguer Artesanal,Lanches,1,30.0
413,2026-08-11 06:15:46,Suco de Laranja,Bebidas,1,8.0
414,2026-07-15 20:15:46,Hambúrguer Artesanal,Lanches,1,30.0
415,2026-07-25 10:40:46,Hambúrguer Artesanal,Lanches,1,30.0
416,2026-08-25 14:12:46,Feijoada,Almoço,1,35.0
417,2026-07-26 19:10:46,Pizza Margherita,Jantar,1,45.0
418,2026-09-14 21:51:46,Hambúrguer Artesanal,Lanches,1,30.0
419,2026-08-24 22:29:46,Suco de Laranja,Bebidas,2,16.0
420,2026-08-17 05:20:46,Feijoada,Almoço,1,35.0
421,2026-08-21 05:20:46,Feijoada,Almoço,1,35.0
422,2026-08-11 23:15:46,Pizza Margherita,Jantar,1,45.0
423,2026-07-20 02:33:46,Prato Executivo Frango,Almoço,1,25.0
424,2026-06-30 08:54:46,Hambúrguer Artesanal,Lanches,1,30.0
425,2026-09-03 01:50:46,Cerveja IPA,Bebidas,1,15.0
426,2026-06-27 14:12:46,Cerveja IPA,Bebidas,2,30.0
427,2026-07-08 18:58:46,Suco de Laranja,Bebidas,1,8.0
428,2026-08-31 14:38:46,Cerveja IPA,Bebidas,1,15.0
429,2026-08-02 02:37:46,Prato Executivo Frango,Almoço,1,25.0
430,2026-08-27 18:19:46,Suco de Laranja,Bebidas,1,8.0
431,2026-08-30 20:05:46,Cerveja IPA,Bebidas,1,15.0
432,2026-08-11 17:32:46,Pizza Margherita,Jantar,3,135.0
433,2026-07-13 01:26:46,Suco de Laranja,Bebidas,1,8.0
434,2026-09-17 04:58:46,Cerveja IPA,Bebidas,1,15.0
435,2026-08-18 23:49:46,Suco de Laranja,Bebidas,2,16.0
436,2026-09-22 18:50:46,Suco de Laranja,Bebidas,2,16.0
437,2026-07-18 19:03:46,Suco de Laranja,Bebidas,1,8.0
438,2026-08-15 14:21:46,Feijoada,Almoço,1,35.0
439,2026-09-18 01:37:46,Pizza Margherita,Jantar,1,45.0
440,2026-09-13 18:18:46,Hambúrguer Artesanal,Lanches,2,60.0
441,2026-08-13 12:47:46,Prato Executivo Frango,Almoço,3,75.0
442,2026-07-04 17:20:46,Feijoada,Almoço,3,105.0
443,2026-07-29 17:49:46,Prato Executivo Frango,Almoço,1,25.0
444,2026-07-20 10:00:46,Pizza Margherita,Jantar,2,90.0
445,2026-08-06 08:36:46,Cerveja IPA,Bebidas,1,15.0
446,2026-08-08 05:59:46,Suco de Laranja,Bebidas,1,8.0
447,2026-08-12 01:13:46,Cerveja IPA,Bebidas,1,15.0
448,2026-07-01 13:59:46,Prato Executivo Frango,Almoço,1,25.0
449,2026-09-22 03:56:46,Feijoada,Almoço,1,35.0
450,2026-08-11 15:31:46,Hambúrguer Artesanal,Lanches,1,30.0
451,2026-08-23 01:58:46,Feijoada,Almoço,3,105.0
452,2026-08-14 09:05:46,Suco de Laranja,Bebidas,2,16.0
453,2026-08-01 22:42:46,Suco de Laranja,Bebidas,2,16.0
454,2026-07-19 00:38:46,Prato Executivo Frango,Almoço,3,75.0
455,2026-09-04 11:41:46,Prato Executivo Frango,Almoço,1,25.0
456,2026-08-15 01:01:46,Cerveja IPA,Bebidas,1,15.0
457,2026-08-14 07:54:46,Feijoada,Almoço,3,105.0
458,2026-09-20 04:28:46,Feijoada,Almoço,1,35.0
459,2026-07-28 16:56:46,Suco de Laranja,Bebidas,1,8.0
460,2026-07-30 16:34:46,Feijoada,Almoço,1,35.0
461,2026-09-12 07:52:46,Cerveja IPA,Bebidas,2,30.0
462,2026-07-16 19:26:46,Pizza Margherita,Jantar,2,90.0
463,2026-08-11 10:22:46,Prato Executivo Frango,Almoço,1,25.0
464,2026-08-28 00:59:46,Pizza Margherita,Jantar,3,135.0
465,2026-08-26 17:38:46,Suco de Laranja,Bebidas,2,16.0
466,2026-07-24 21:13:46,Hambúrguer Artesanal,Lanches,1,30.0
467,2026-07-24 17:52:46,Prato Executivo Frango,Almoço,2,50.0
468,2026-07-25 15:15:46,Prato Executivo Frango,Almoço,2,50.0
469,2026-08-14 07:16:46,Cerveja IPA,Bebidas,1,15.0
470,2026-07-18 22:14:46,Suco de Laranja,Bebidas,1,8.0
471,2026-07-17 00:44:46,Cerveja IPA,Bebidas,1,15.0
472,2026-08-22 09:34:46,Prato Executivo Frango,Almoço,1,25.0
473,2026-09-01 01:52:46,Hambúrguer Artesanal,Lanches,1,30.0
474,2026-07-14 03:13:46,Prato Executivo Frango,Almoço,1,25.0
475,2026-09-10 20:42:46,Suco de Laranja,Bebidas,3,24.0
476,2026-07-01 00:24:46,Hambúrguer Artesanal,Lanches,1,30.0
477,2026-09-17 10:32:46,Cerveja IPA,Bebidas,3,45.0
478,2026-09-21 10:11:46,Suco de Laranja,Bebidas,1,8.0
479,2026-08-29 08:43:46,Pizza Margherita,Jantar,1,45.0
480,2026-07-21 04:19:46,Cerveja IPA,Bebidas,2,30.0
481,2026-06-27 13:19:46,Prato Executivo Frango,Almoço,2,50.0
482,2026-08-17 05:46:46,Feijoada,Almoço,1,35.0
483,2026-07-07 10:44:46,Feijoada,Almoço,1,35.0
484,2026-09-17 01:00:46,Prato Executivo Frango,Almoço,3,75.0
485,2026-09-11 20:01:46,Suco de Laranja,Bebidas,1,8.0
486,2026-07-23 11:16:46,Cerveja IPA,Bebidas,1,15.0
487,2026-07-11 19:59:46,Suco de Laranja,Bebidas,1,8.0
488,2026-07-06 11:32:46,Cerveja IPA,Bebidas,1,15.0
489,2026-06-29 10:18:46,Hambúrguer Artesanal,Lanches,1,30.0
490,2026-07-03 06:49:46,Pizza Margherita,Jantar,1,45.0
491,2026-07-18 07:08:46,Suco de Laranja,Bebidas,1,8.0
492,2026-09-16 05:25:46,Feijoada,Almoço,2,70.0
493,2026-09-05 14:46:46,Suco de Laranja,Bebidas,1,8.0
494,2026-07-31 11:15:46,Suco de Laranja,Bebidas,1,8.0
495,2026-09-07 14:02:46,Feijoada,Almoço,2,70.0
496,2026-09-22 02:57:46,Pizza Margherita,Jantar,1,45.0
497,2026-09-06 23:33:46,Hambúrguer Artesanal,Lanches,1,30.0
498,2026-09-03 11:01:46,Prato Executivo Frango,Almoço,2,50.0
499,2026-09-11 03:38:46,Cerveja IPA,Bebidas,2,30.0
500,2026-08-21 04:39:46,Hambúrguer Artesanal,Lanches,1,30.0
501,2026-07-10 11:00:46,Cerveja IPA,Bebidas,1,15.0
502,2026-08-28 03:53:46,Pizza Margherita,Jantar,1,45.0
503,2026-07-23 17:46:46,Cerveja IPA,Bebidas,1,15.0
504,2026-09-07 07:59:46,Feijoada,Almoço,1,35.0
505,2026-08-27 03:09:46,Hambúrguer Artesanal,Lanches,3,90.0
506,2026-08-02 04:40:46,Suco de Laranja,Bebidas,1,8.0
507,2026-08-16 06:46:46,Pizza Margherita,Jantar,1,45.0
508,2026-09-13 23:04:46,Hambúrguer Artesanal,Lanches,2,60.0
509,2026-09-19 07:20:46,Prato Executivo Frango,Almoço,1,25.0
510,2026-08-20 04:53:46,Pizza Margherita,Jantar,2,90.0
511,2026-07-03 03:52:46,Prato Executivo Frango,Almoço,3,75.0
512,2026-07-29 22:02:46,Cerveja IPA,Bebidas,1,15.0
513,2026-08-28 09:58:46,Cerveja IPA,Bebidas,1,15.0
514,2026-08-02 04:40:46,Feijoada,Almoço,1,35.0
515,2026-08-30 13:36:46,Prato Executivo Frango,Almoço,1,25.0
516,2026-07-14 18:14:46,Suco de Laranja,Bebidas,1,8.0
517,2026-08-09 17:20:46,Suco de Laranja,Bebidas,2,16.0
518,2026-08-21 11:05:46,Cerveja IPA,Bebidas,1,15.0
519,2026-08-31 20:56:46,Cerveja IPA,Bebidas,3,45.0
520,2026-07-12 23:40:46,Pizza Margherita,Jantar,2,90.0
521,2026-07-04 19:26:46,Hambúrguer Artesanal,Lanches,1,30.0
522,2026-09-03 15:24:46,Feijoada,Almoço,2,70.0
523,2026-07-07 19:52:46,Suco de Laranja,Bebidas,1,8.0
524,2026-07-13 19:46:46,Suco de Laranja,Bebidas,2,16.0
525,2026-09-11 13:11:46,Feijoada,Almoço,1,35.0
526,2026-09-03 12:43:46,Feijoada,Almoço,1,35.0
527,2026-07-19 07:05:46,Suco de Laranja,Bebidas,2,16.0
528,2026-08-26 21:40:46,Cerveja IPA,Bebidas,2,30.0
529,2026-08-15 15:08:46,Prato Executivo Frango,Almoço,1,25.0
530,2026-09-07 14:03:46,Suco de Laranja,Bebidas,2,16.0
531,2026-08-01 08:34:46,Hambúrguer Artesanal,Lanches,1,30.0
532,2026-09-03 23:44:46,Pizza Margherita,Jantar,1,45.0
533,2026-07-25 01:31:46,Suco de Laranja,Bebidas,1,8.0
534,2026-08-09 16:17:46,Cerveja IPA,Bebidas,2,30.0
535,2026-08-28 23:00:46,Cerveja IPA,Bebidas,1,15.0
536,2026-06-26 20:09:46,Suco de Laranja,Bebidas,1,8.0
537,2026-07-21 23:34:46,Cerveja IPA,Bebidas,1,15.0
538,2026-08-18 03:17:46,Prato Executivo Frango,Almoço,1,25.0
539,2026-07-15 08:16:46,Hambúrguer Artesanal,Lanches,1,30.0
540,2026-07-09 08:28:46,Feijoada,Almoço,2,70.0
541,2026-07-01 22:49:46,Hambúrguer Artesanal,Lanches,1,30.0
542,2026-08-18 06:56:46,Suco de Laranja,Bebidas,1,8.0
543,2026-06-28 17:26:46,Pizza Margherita,Jantar,1,45.0
544,2026-06-26 15:55:46,Prato Executivo Frango,Almoço,1,25.0
545,2026-08-31 22:20:46,Cerveja IPA,Bebidas,1,15.0
546,2026-07-04 04:50:46,Cerveja IPA,Bebidas,1,15.0
547,2026-09-05 20:13:46,Pizza Margherita,Jantar,1,45.0
548,2026-08-03 02:41:46,Cerveja IPA,Bebidas,2,30.0
549,2026-07-29 13:40:46,Prato Executivo Frango,Almoço,1,25.0
550,2026-07-17 09:47:46,Hambúrguer Artesanal,Lanches,1,30.0
551,2026-08-01 16:33:46,Cerveja IPA,Bebidas,3,45.0
552,2026-08-30 15:48:46,Pizza Margherita,Jantar,1,45.0
553,2026-08-25 23:01:46,Cerveja IPA,Bebidas,2,30.0
554,2026-09-01 21:56:46,Cerveja IPA,Bebidas,1,15.0
555,2026-08-19 16:45:46,Cerveja IPA,Bebidas,1,15.0
556,2026-09-21 09:39:46,Cerveja IPA,Bebidas,2,30.0
557,2026-09-19 07:08:46,Cerveja IPA,Bebidas,2,30.0
558,2026-07-30 17:34:46,Feijoada,Almoço,1,35.0
559,2026-09-21 22:39:46,Cerveja IPA,Bebidas,1,15.0
560,2026-08-04 03:46:46,Suco de Laranja,Bebidas,3,24.0
561,2026-08-02 17:10:46,Pizza Margherita,Jantar,1,45.0
562,2026-08-09 00:10:46,Hambúrguer Artesanal,Lanches,1,30.0
563,2026-06-30 03:39:46,Prato Executivo Frango,Almoço,1,25.0
564,2026-08-19 12:18:46,Suco de Laranja,Bebidas,1,8.0
565,2026-07-02 23:09:46,Cerveja IPA,Bebidas,1,15.0
566,2026-09-18 01:33:46,Suco de Laranja,Bebidas,1,8.0
567,2026-08-09 20:27:46,Pizza Margherita,Jantar,1,45.0
568,2026-09-11 05:28:46,Hambúrguer Artesanal,Lanches,1,30.0
569,2026-09-18 16:54:46,Pizza Margherita,Jantar,1,45.0
570,2026-08-07 17:52:46,Feijoada,Almoço,2,70.0
571,2026-09-13 21:37:46,Suco de Laranja,Bebidas,1,8.0
572,2026-09-19 07:13:46,Pizza Margherita,Jantar,2,90.0
573,2026-09-05 22:14:46,Hambúrguer Artesanal,Lanches,2,60.0
574,2026-09-09 11:13:46,Feijoada,Almoço,2,70.0
575,2026-07-15 23:44:46,Pizza Margherita,Jantar,1,45.0
576,2026-08-02 14:37:46,Suco de Laranja,Bebidas,1,8.0
577,2026-07-24 14:12:46,Feijoada,Almoço,3,105.0
578,2026-06-26 15:45:46,Prato Executivo Frango,Almoço,3,75.0
579,2026-09-21 12:38:46,Cerveja IPA,Bebidas,1,15.0
580,2026-09-12 16:03:46,Hambúrguer Artesanal,Lanches,2,60.0
581,2026-07-09 14:22:46,Cerveja IPA,Bebidas,3,45.0
582,2026-08-12 16:17:46,Feijoada,Almoço,1,35.0
583,2026-09-03 18:17:46,Suco de Laranja,Bebidas,2,16.0
584,2026-08-29 10:33:46,Hambúrguer Artesanal,Lanches,1,30.0
585,2026-07-08 08:45:46,Feijoada,Almoço,1,35.0
586,2026-07-23 12:38:46,Cerveja IPA,Bebidas,1,15.0
587,2026-09-16 01:08:46,Suco de Laranja,Bebidas,1,8.0
588,2026-07-17 19:40:46,Pizza Margherita,Jantar,1,45.0
589,2026-07-10 08:57:46,Pizza Margherita,Jantar,1,45.0
590,2026-07-24 16:01:46,Cerveja IPA,Bebidas,3,45.0
591,2026-07-06 17:09:46,Hambúrguer Artesanal,Lanches,1,30.0
592,2026-07-06 06:31:46,Hambúrguer Artesanal,Lanches,1,30.0
593,2026-09-06 21:45:46,Hambúrguer Artesanal,Lanches,1,30.0
594,2026-07-25 20:05:46,Suco de Laranja,Bebidas,1,8.0
595,2026-07-15 06:13:46,Hambúrguer Artesanal,Lanches,1,30.0
596,2026-07-25 19:25:46,Suco de Laranja,Bebidas,1,8.0
597,2026-08-15 03:30:46,Pizza Margherita,Jantar,2,90.0
598,2026-08-08 02:17:46,Feijoada,Almoço,2,70.0
599,2026-09-02 00:34:46,Hambúrguer Artesanal,Lanches,1,30.0
600,2026-08-02 04:09:46,Hambúrguer Artesanal,Lanches,1,30.0
601,2026-08-23 14:55:46,Suco de Laranja,Bebidas,1,8.0
602,2026-07-07 14:24:46,Prato Executivo Frango,Almoço,1,25.0
603,2026-07-20 13:00:46,Suco de Laranja,Bebidas,1,8.0
604,2026-08-02 18:54:46,Cerveja IPA,Bebidas,1,15.0
605,2026-09-18 13:32:46,Feijoada,Almoço,1,35.0
606,2026-08-29 05:36:46,Feijoada,Almoço,1,35.0
607,2026-08-30 04:16:46,Pizza Margherita,Jantar,1,45.0
608,2026-06-30 19:51:46,Pizza Margherita,Jantar,2,90.0
609,2026-07-18 17:07:46,Prato Executivo Frango,Almoço,1,25.0
610,2026-08-09 03:48:46,Feijoada,Almoço,1,35.0
611,2026-08-17 03:35:46,Cerveja IPA,Bebidas,1,15.0
612,2026-09-08 09:30:46,Suco de Laranja,Bebidas,1,8.0
613,2026-07-27 11:16:46,Suco de Laranja,Bebidas,1,8.0
614,2026-06-25 14:27:46,Cerveja IPA,Bebidas,1,15.0
615,2026-09-01 07:10:46,Pizza Margherita,Jantar,2,90.0
616,2026-07-15 21:56:46,Pizza Margherita,Jantar,1,45.0
617,2026-09-09 02:33:46,Feijoada,Almoço,1,35.0
618,2026-09-15 06:34:46,Pizza Margherita,Jantar,3,135.0
619,2026-08-03 19:45:46,Suco de Laranja,Bebidas,1,8.0
620,2026-08-05 21:23:46,Cerveja IPA,Bebidas,1,15.0
621,2026-08-02 21:39:46,Cerveja IPA,Bebidas,2,30.0
622,2026-07-11 14:04:46,Feijoada,Almoço,1,35.0
623,2026-08-14 12:03:46,Prato Executivo Frango,Almoço,1,25.0
624,2026-08-22 01:30:46,Pizza Margherita,Jantar,3,135.0
625,2026-08-23 09:46:46,Feijoada,Almoço,1,35.0
626,2026-09-01 17:39:46,Feijoada,Almoço,2,70.0
627,2026-06-30 16:23:46,Hambúrguer Artesanal,Lanches,1,30.0
628,2026-07-17 03:30:46,Suco de Laranja,Bebidas,1,8.0
629,2026-07-14 09:51:46,Prato Executivo Frango,Almoço,1,25.0
630,2026-08-24 02:45:46,Pizza Margherita,Jantar,1,45.0
631,2026-07-11 05:03:46,Cerveja IPA,Bebidas,3,45.0
632,2026-07-06 06:46:46,Pizza Margherita,Jantar,1,45.0
633,2026-08-31 23:07:46,Suco de Laranja,Bebidas,1,8.0
634,2026-08-31 19:14:46,Pizza Margherita,Jantar,1,45.0
635,2026-09-03 03:39:46,Pizza Margherita,Jantar,2,90.0
636,2026-07-17 20:20:46,Pizza Margherita,Jantar,1,45.0
637,2026-08-26 05:19:46,Feijoada,Almoço,1,35.0
638,2026-08-22 18:07:46,Pizza Margherita,Jantar,2,90.0
639,2026-08-13 08:38:46,Cerveja IPA,Bebidas,3,45.0
640,2026-08-17 21:09:46,Cerveja IPA,Bebidas,1,15.0
641,2026-09-22 19:06:46,Suco de Laranja,Bebidas,1,8.0
642,2026-07-21 17:17:46,Suco de Laranja,Bebidas,3,24.0
643,2026-06-27 14:05:46,Prato Executivo Frango,Almoço,1,25.0
644,2026-07-25 16:57:46,Cerveja IPA,Bebidas,1,15.0
645,2026-09-20 06:38:46,Pizza Margherita,Jantar,1,45.0
646,2026-09-04 16:27:46,Hambúrguer Artesanal,Lanches,1,30.0
647,2026-08-04 13:46:46,Feijoada,Almoço,1,35.0
648,2026-07-04 09:42:46,Prato Executivo Frango,Almoço,1,25.0
649,2026-08-04 15:39:46,Cerveja IPA,Bebidas,1,15.0
650,2026-09-06 12:34:46,Feijoada,Almoço,1,35.0
651,2026-06-26 18:32:46,Hambúrguer Artesanal,Lanches,3,90.0
652,2026-09-14 12:44:46,Cerveja IPA,Bebidas,1,15.0
653,2026-08-27 14:11:46,Feijoada,Almoço,1,35.0
654,2026-08-13 17:15:46,Pizza Margherita,Jantar,1,45.0
655,2026-07-12 18:27:46,Suco de Laranja,Bebidas,1,8.0
656,2026-08-16 23:34:46,Cerveja IPA,Bebidas,1,15.0
657,2026-08-15 08:39:46,Prato Executivo Frango,Almoço,1,25.0
658,2026-09-09 23:05:46,Suco de Laranja,Bebidas,1,8.0
659,2026-07-19 10:03:46,Feijoada,Almoço,1,35.0
660,2026-07-19 22:36:46,Pizza Margherita,Jantar,1,45.0
661,2026-08-03 21:52:46,Cerveja IPA,Bebidas,2,30.0
662,2026-07-11 05:30:46,Pizza Margherita,Jantar,1,45.0
663,2026-07-16 09:05:46,Prato Executivo Frango,Almoço,1,25.0
664,2026-07-11 16:21:46,Prato Executivo Frango,Almoço,2,50.0
665,2026-08-30 21:38:46,Cerveja IPA,Bebidas,1,15.0
666,2026-07-08 12:30:46,Prato Executivo Frango,Almoço,3,75.0
667,2026-07-31 20:06:46,Cerveja IPA,Bebidas,1,15.0
668,2026-07-29 04:32:46,Hambúrguer Artesanal,Lanches,2,60.0
669,2026-08-15 14:49:46,Suco de Laranja,Bebidas,1,8.0
670,2026-07-17 11:52:46,Cerveja IPA,Bebidas,3,45.0
671,2026-07-28 06:23:46,Pizza Margherita,Jantar,1,45.0
672,2026-08-28 03:39:46,Suco de Laranja,Bebidas,1,8.0
673,2026-08-05 05:04:46,Hambúrguer Artesanal,Lanches,1,30.0
674,2026-07-20 20:35:46,Pizza Margherita,Jantar,1,45.0
675,2026-08-16 10:11:46,Suco de Laranja,Bebidas,1,8.0
676,2026-08-18 13:33:46,Feijoada,Almoço,3,105.0
677,2026-09-22 11:58:46,Cerveja IPA,Bebidas,1,15.0
678,2026-09-11 04:39:46,Cerveja IPA,Bebidas,3,45.0
679,2026-06-25 02:55:46,Pizza Margherita,Jantar,1,45.0
680,2026-08-19 04:05:46,Feijoada,Almoço,2,70.0
681,2026-06-26 05:30:46,Prato Executivo Frango,Almoço,1,25.0
682,2026-07-09 16:35:46,Hambúrguer Artesanal,Lanches,1,30.0
683,2026-09-07 04:19:46,Prato Executivo Frango,Almoço,1,25.0
684,2026-08-04 18:33:46,Suco de Laranja,Bebidas,1,8.0
685,2026-09-05 23:14:46,Cerveja IPA,Bebidas,1,15.0
686,2026-09-22 07:56:46,Prato Executivo Frango,Almoço,1,25.0
687,2026-08-01 20:45:46,Hambúrguer Artesanal,Lanches,1,30.0
688,2026-08-08 15:40:46,Prato Executivo Frango,Almoço,1,25.0
689,2026-09-05 04:53:46,Suco de Laranja,Bebidas,1,8.0
690,2026-08-06 18:31:46,Suco de Laranja,Bebidas,2,16.0
691,2026-08-01 09:39:46,Pizza Margherita,Jantar,2,90.0
692,2026-08-27 18:42:46,Suco de Laranja,Bebidas,2,16.0
693,2026-08-11 09:27:46,Hambúrguer Artesanal,Lanches,2,60.0
694,2026-07-10 15:56:46,Hambúrguer Artesanal,Lanches,1,30.0
695,2026-09-11 18:16:46,Cerveja IPA,Bebidas,1,15.0
696,2026-08-09 23:44:46,Cerveja IPA,Bebidas,1,15.0
697,2026-08-13 04:53:46,Suco de Laranja,Bebidas,2,16.0
698,2026-07-02 16:52:46,Pizza Margherita,Jantar,3,135.0
699,2026-07-01 16:35:46,Hambúrguer Artesanal,Lanches,2,60.0
700,2026-07-08 14:44:46,Cerveja IPA,Bebidas,1,15.0
701,2026-08-31 03:18:46,Pizza Margherita,Jantar,1,45.0
702,2026-08-20 17:00:46,Feijoada,Almoço,1,35.0
703,2026-08-13 16:28:46,Cerveja IPA,Bebidas,2,30.0
704,2026-08-11 18:23:46,Hambúrguer Artesanal,Lanches,1,30.0
705,2026-09-16 04:24:46,Prato Executivo Frango,Almoço,1,25.0
706,2026-08-29 01:25:46,Pizza Margherita,Jantar,3,135.0
707,2026-06-29 03:47:46,Feijoada,Almoço,1,35.0
708,2026-08-31 04:41:46,Pizza Margherita,Jantar,1,45.0
709,2026-08-09 06:34:46,Cerveja IPA,Bebidas,1,15.0
710,2026-09-07 17:26:46,Hambúrguer Artesanal,Lanches,2,60.0
711,2026-08-26 15:02:46,Pizza Margherita,Jantar,2,90.0
712,2026-07-22 20:37:46,Suco de Laranja,Bebidas,1,8.0
713,2026-09-19 04:45:46,Prato Executivo Frango,Almoço,3,75.0
714,2026-07-13 16:57:46,Hambúrguer Artesanal,Lanches,1,30.0
715,2026-07-24 09:48:46,Hambúrguer Artesanal,Lanches,2,60.0
716,2026-08-26 22:49:46,Pizza Margherita,Jantar,1,45.0
717,2026-09-01 05:57:46,Prato Executivo Frango,Almoço,2,50.0
718,2026-07-02 08:16:46,Hambúrguer Artesanal,Lanches,1,30.0
719,2026-07-08 15:39:46,Suco de Laranja,Bebidas,1,8.0
720,2026-08-20 09:05:46,Feijoada,Almoço,1,35.0
721,2026-07-10 15:04:46,Hambúrguer Artesanal,Lanches,2,60.0
722,2026-08-01 18:24:46,Hambúrguer Artesanal,Lanches,1,30.0
723,2026-09-15 00:32:46,Suco de Laranja,Bebidas,2,16.0
724,2026-08-07 09:17:46,Feijoada,Almoço,1,35.0
725,2026-08-25 10:31:46,Feijoada,Almoço,1,35.0
726,2026-07-04 11:09:46,Prato Executivo Frango,Almoço,1,25.0
727,2026-07-04 05:21:46,Suco de Laranja,Bebidas,2,16.0
728,2026-08-19 07:52:46,Hambúrguer Artesanal,Lanches,1,30.0
729,2026-06-30 22:31:46,Hambúrguer Artesanal,Lanches,2,60.0
730,2026-08-23 15:42:46,Feijoada,Almoço,1,35.0
731,2026-09-12 11:20:46,Prato Executivo Frango,Almoço,1,25.0
732,2026-07-31 16:51:46,Prato Executivo Frango,Almoço,2,50.0
733,2026-07-10 17:40:46,Cerveja IPA,Bebidas,1,15.0
734,2026-09-21 19:53:46,Suco de Laranja,Bebidas,1,8.0
735,2026-08-22 08:39:46,Hambúrguer Artesanal,Lanches,1,30.0
736,2026-09-06 04:58:46,Hambúrguer Artesanal,Lanches,2,60.0
737,2026-08-20 10:00:46,Suco de Laranja,Bebidas,1,8.0
738,2026-07-28 22:13:46,Pizza Margherita,Jantar,1,45.0
739,2026-07-13 12:10:46,Suco de Laranja,Bebidas,3,24.0
740,2026-08-29 05:01:46,Cerveja IPA,Bebidas,1,15.0
741,2026-09-19 03:03:46,Prato Executivo Frango,Almoço,1,25.0
742,2026-08-20 03:16:46,Feijoada,Almoço,1,35.0
743,2026-07-07 17:30:46,Cerveja IPA,Bebidas,1,15.0
744,2026-07-24 21:58:46,Pizza Margherita,Jantar,1,45.0
745,2026-08-27 06:51:46,Hambúrguer Artesanal,Lanches,1,30.0
746,2026-09-22 04:16:46,Cerveja IPA,Bebidas,2,30.0
747,2026-07-18 21:55:46,Pizza Margherita,Jantar,1,45.0
748,2026-07-18 04:11:46,Prato Executivo Frango,Almoço,2,50.0
749,2026-07-01 07:38:46,Prato Executivo Frango,Almoço,2,50.0
750,2026-06-24 20:11:46,Cerveja IPA,Bebidas,2,30.0
751,2026-07-04 06:45:46,Feijoada,Almoço,2,70.0
752,2026-09-22 10:45:46,Prato Executivo Frango,Almoço,1,25.0
753,2026-06-27 22:00:46,Hambúrguer Artesanal,Lanches,1,30.0
754,2026-08-24 13:34:46,Suco de Laranja,Bebidas,1,8.0
755,2026-06-27 14:09:46,Prato Executivo Frango,Almoço,1,25.0
756,2026-08-25 11:41:46,Feijoada,Almoço,2,70.0
757,2026-07-07 04:53:46,Suco de Laranja,Bebidas,2,16.0
758,2026-07-05 08:57:46,Prato Executivo Frango,Almoço,1,25.0
759,2026-07-11 04:47:46,Prato Executivo Frango,Almoço,1,25.0
760,2026-09-17 20:46:46,Suco de Laranja,Bebidas,2,16.0
761,2026-08-30 09:19:46,Cerveja IPA,Bebidas,3,45.0
762,2026-07-22 19:42:46,Hambúrguer Artesanal,Lanches,3,90.0
763,2026-08-10 18:35:46,Suco de Laranja,Bebidas,1,8.0
764,2026-08-18 20:22:46,Cerveja IPA,Bebidas,3,45.0
765,2026-09-16 16:18:46,Pizza Margherita,Jantar,1,45.0
766,2026-08-27 01:38:46,Cerveja IPA,Bebidas,2,30.0
767,2026-07-04 15:15:46,Suco de Laranja,Bebidas,1,8.0
768,2026-08-01 07:39:46,Prato Executivo Frango,Almoço,1,25.0
769,2026-07-11 20:26:46,Pizza Margherita,Jantar,1,45.0
770,2026-08-26 21:44:46,Hambúrguer Artesanal,Lanches,1,30.0
771,2026-07-11 03:47:46,Cerveja IPA,Bebidas,1,15.0
772,2026-07-19 06:29:46,Hambúrguer Artesanal,Lanches,1,30.0
773,2026-08-11 08:14:46,Prato Executivo Frango,Almoço,1,25.0
774,2026-08-17 17:38:46,Pizza Margherita,Jantar,3,135.0
775,2026-07-24 07:40:46,Hambúrguer Artesanal,Lanches,1,30.0
776,2026-07-21 20:23:46,Suco de Laranja,Bebidas,1,8.0
777,2026-08-03 06:08:46,Feijoada,Almoço,3,105.0
778,2026-08-11 15:16:46,Prato Executivo Frango,Almoço,3,75.0
779,2026-07-31 05:30:46,Pizza Margherita,Jantar,1,45.0
780,2026-09-01 14:57:46,Cerveja IPA,Bebidas,1,15.0
781,2026-09-06 00:10:46,Cerveja IPA,Bebidas,1,15.0
782,2026-08-12 00:03:46,Hambúrguer Artesanal,Lanches,2,60.0
783,2026-08-05 14:31:46,Suco de Laranja,Bebidas,1,8.0
784,2026-08-19 01:57:46,Prato Executivo Frango,Almoço,2,50.0
785,2026-08-18 00:56:46,Feijoada,Almoço,2,70.0
786,2026-09-06 21:36:46,Suco de Laranja,Bebidas,3,24.0
787,2026-09-11 17:47:46,Prato Executivo Frango,Almoço,1,25.0
788,2026-06-26 09:38:46,Hambúrguer Artesanal,Lanches,2,60.0
789,2026-07-27 18:37:46,Pizza Margherita,Jantar,1,45.0
790,2026-09-19 05:22:46,Pizza Margherita,Jantar,1,45.0
791,2026-09-08 21:16:46,Cerveja IPA,Bebidas,1,15.0
792,2026-07-22 00:14:46,Suco de Laranja,Bebidas,3,24.0
793,2026-07-25 15:59:46,Pizza Margherita,Jantar,1,45.0
794,2026-08-20 07:52:46,Feijoada,Almoço,1,35.0
795,2026-08-06 01:12:46,Prato Executivo Frango,Almoço,3,75.0
796,2026-07-19 17:52:46,Prato Executivo Frango,Almoço,3,75.0
797,2026-08-15 21:10:46,Pizza Margherita,Jantar,1,45.0
798,2026-09-06 05:13:46,Hambúrguer Artesanal,Lanches,1,30.0
799,2026-08-29 03:36:46,Feijoada,Almoço,1,35.0
800,2026-09-02 22:08:46,Hambúrguer Artesanal,Lanches,1,30.0
801,2026-07-05 01:15:46,Pizza Margherita,Jantar,1,45.0
802,2026-07-01 21:30:46,Cerveja IPA,Bebidas,1,15.0
803,2026-07-08 00:23:46,Prato Executivo Frango,Almoço,1,25.0
804,2026-07-21 22:40:46,Suco de Laranja,Bebidas,2,16.0
805,2026-08-08 19:11:46,Suco de Laranja,Bebidas,1,8.0
806,2026-09-14 06:54:46,Feijoada,Almoço,1,35.0
807,2026-07-11 14:57:46,Suco de Laranja,Bebidas,1,8.0
808,2026-07-03 11:00:46,Feijoada,Almoço,1,35.0
809,2026-09-01 14:03:46,Suco de Laranja,Bebidas,3,24.0
810,2026-08-10 00:48:46,Cerveja IPA,Bebidas,3,45.0
811,2026-06-30 11:24:46,Feijoada,Almoço,1,35.0
812,2026-09-04 20:25:46,Pizza Margherita,Jantar,2,90.0
813,2026-09-09 10:23:46,Suco de Laranja,Bebidas,2,16.0
814,2026-07-15 22:19:46,Suco de Laranja,Bebidas,1,8.0
815,2026-08-25 10:24:46,Feijoada,Almoço,1,35.0
816,2026-09-11 08:12:46,Hambúrguer Artesanal,Lanches,1,30.0
817,2026-08-17 18:15:46,Suco de Laranja,Bebidas,1,8.0
818,2026-08-26 20:06:46,Cerveja IPA,Bebidas,1,15.0
819,2026-07-14 16:50:46,Hambúrguer Artesanal,Lanches,2,60.0
820,2026-08-29 21:20:46,Hambúrguer Artesanal,Lanches,1,30.0
821,2026-08-02 01:17:46,Feijoada,Almoço,1,35.0
822,2026-09-17 04:37:46,Feijoada,Almoço,1,35.0
823,2026-08-25 12:30:46,Prato Executivo Frango,Almoço,1,25.0
824,2026-07-11 17:12:46,Hambúrguer Artesanal,Lanches,1,30.0
825,2026-07-31 01:17:46,Suco de Laranja,Bebidas,1,8.0
826,2026-06-28 16:16:46,Prato Executivo Frango,Almoço,2,50.0
827,2026-09-14 14:49:46,Cerveja IPA,Bebidas,1,15.0
828,2026-06-28 15:43:46,Hambúrguer Artesanal,Lanches,2,60.0
829,2026-07-30 12:09:46,Suco de Laranja,Bebidas,3,24.0
830,2026-08-05 18:03:46,Cerveja IPA,Bebidas,1,15.0
831,2026-09-07 04:14:46,Feijoada,Almoço,1,35.0
832,2026-08-01 10:50:46,Hambúrguer Artesanal,Lanches,1,30.0
833,2026-08-16 00:27:46,Feijoada,Almoço,2,70.0
834,2026-08-11 13:39:46,Prato Executivo Frango,Almoço,1,25.0
835,2026-08-17 00:38:46,Feijoada,Almoço,1,35.0
836,2026-08-01 12:46:46,Feijoada,Almoço,1,35.0
837,2026-08-05 00:02:46,Pizza Margherita,Jantar,1,45.0
838,2026-09-21 14:29:46,Suco de Laranja,Bebidas,1,8.0
839,2026-08-22 21:56:46,Pizza Margherita,Jantar,2,90.0
840,2026-08-31 23:58:46,Suco de Laranja,Bebidas,1,8.0
841,2026-07-15 09:54:46,Suco de Laranja,Bebidas,1,8.0
842,2026-08-08 03:13:46,Cerveja IPA,Bebidas,1,15.0
843,2026-07-09 11:27:46,Cerveja IPA,Bebidas,2,30.0
844,2026-09-20 01:11:46,Pizza Margherita,Jantar,1,45.0
845,2026-09-09 11:14:46,Cerveja IPA,Bebidas,1,15.0
846,2026-09-19 05:31:46,Prato Executivo Frango,Almoço,2,50.0
847,2026-08-22 11:56:46,Prato Executivo Frango,Almoço,1,25.0
848,2026-07-06 04:52:46,Cerveja IPA,Bebidas,1,15.0
849,2026-07-19 08:18:46,Feijoada,Almoço,1,35.0
850,2026-08-18 11:29:46,Feijoada,Almoço,1,35.0
851,2026-09-03 04:40:46,Cerveja IPA,Bebidas,1,15.0
852,2026-06-29 23:41:46,Cerveja IPA,Bebidas,2,30.0
853,2026-09-19 06:04:46,Cerveja IPA,Bebidas,2,30.0
854,2026-08-13 01:19:46,Pizza Margherita,Jantar,2,90.0
855,2026-08-05 02:21:46,Hambúrguer Artesanal,Lanches,1,30.0
856,2026-08-30 14:33:46,Suco de Laranja,Bebidas,1,8.0
857,2026-07-08 02:10:46,Pizza Margherita,Jantar,1,45.0
858,2026-09-07 10:18:46,Suco de Laranja,Bebidas,1,8.0
859,2026-08-09 07:24:46,Prato Executivo Frango,Almoço,2,50.0
860,2026-08-16 19:13:46,Suco de Laranja,Bebidas,1,8.0
861,2026-07-27 09:46:46,Cerveja IPA,Bebidas,1,15.0
862,2026-08-23 11:40:46,Cerveja IPA,Bebidas,3,45.0
863,2026-07-14 20:59:46,Suco de Laranja,Bebidas,1,8.0
864,2026-08-05 05:04:46,Hambúrguer Artesanal,Lanches,1,30.0
865,2026-07-16 06:34:46,Pizza Margherita,Jantar,3,135.0
866,2026-09-17 18:43:46,Cerveja IPA,Bebidas,1,15.0
867,2026-09-17 19:39:46,Cerveja IPA,Bebidas,1,15.0
868,2026-07-20 23:55:46,Pizza Margherita,Jantar,2,90.0
869,2026-07-31 21:34:46,Hambúrguer Artesanal,Lanches,2,60.0
870,2026-06-27 21:51:46,Hambúrguer Artesanal,Lanches,3,90.0
871,2026-07-25 06:15:46,Cerveja IPA,Bebidas,1,15.0
872,2026-09-08 02:58:46,Pizza Margherita,Jantar,1,45.0
873,2026-07-17 04:17:46,Pizza Margherita,Jantar,1,45.0
874,2026-07-19 15:34:46,Cerveja IPA,Bebidas,1,15.0
875,2026-08-29 12:54:46,Cerveja IPA,Bebidas,1,15.0
876,2026-07-15 11:22:46,Cerveja IPA,Bebidas,3,45.0
877,2026-08-17 19:44:46,Pizza Margherita,Jantar,3,135.0
878,2026-09-14 21:40:46,Hambúrguer Artesanal,Lanches,1,30.0
879,2026-08-13 16:47:46,Prato Executivo Frango,Almoço,2,50.0
880,2026-09-02 22:40:46,Suco de Laranja,Bebidas,1,8.0
881,2026-07-10 00:05:46,Suco de Laranja,Bebidas,3,24.0
882,2026-07-16 07:38:46,Prato Executivo Frango,Almoço,1,25.0
883,2026-09-17 19:41:46,Hambúrguer Artesanal,Lanches,2,60.0
884,2026-08-08 06:33:46,Prato Executivo Frango,Almoço,1,25.0
885,2026-07-22 14:05:46,Cerveja IPA,Bebidas,2,30.0
886,2026-09-02 12:42:46,Prato Executivo Frango,Almoço,3,75.0
887,2026-07-23 01:21:46,Cerveja IPA,Bebidas,3,45.0
888,2026-07-12 14:42:46,Suco de Laranja,Bebidas,3,24.0
889,2026-07-12 06:08:46,Feijoada,Almoço,1,35.0
890,2026-09-05 01:34:46,Hambúrguer Artesanal,Lanches,1,30.0
891,2026-08-19 23:42:46,Cerveja IPA,Bebidas,1,15.0
892,2026-07-23 11:30:46,Prato Executivo Frango,Almoço,1,25.0
893,2026-07-05 05:35:46,Cerveja IPA,Bebidas,1,15.0
894,2026-08-19 22:56:46,Pizza Margherita,Jantar,3,135.0
895,2026-07-16 02:56:46,Hambúrguer Artesanal,Lanches,2,60.0
896,2026-08-21 17:25:46,Pizza Margherita,Jantar,1,45.0
897,2026-09-18 05:48:46,Pizza Margherita,Jantar,2,90.0
898,2026-08-29 20:32:46,Cerveja IPA,Bebidas,1,15.0
899,2026-09-02 09:24:46,Cerveja IPA,Bebidas,3,45.0
900,2026-09-13 17:13:46,Cerveja IPA,Bebidas,1,15.0
901,2026-07-10 13:52:46,Prato Executivo Frango,Almoço,1,25.0
902,2026-08-12 07:33:46,Suco de Laranja,Bebidas,1,8.0
903,2026-07-22 16:42:46,Feijoada,Almoço,1,35.0
904,2026-09-13 02:21:46,Pizza Margherita,Jantar,2,90.0
905,2026-07-29 19:19:46,Suco de Laranja,Bebidas,3,24.0
906,2026-07-19 20:16:46,Suco de Laranja,Bebidas,1,8.0
907,2026-08-29 05:20:46,Hambúrguer Artesanal,Lanches,3,90.0
908,2026-09-16 18:35:46,Cerveja IPA,Bebidas,3,45.0
909,2026-07-20 20:49:46,Cerveja IPA,Bebidas,1,15.0
910,2026-07-05 17:03:46,Suco de Laranja,Bebidas,1,8.0
911,2026-08-09 08:09:46,Suco de Laranja,Bebidas,1,8.0
912,2026-08-19 17:07:46,Pizza Margherita,Jantar,2,90.0
913,2026-09-12 22:20:46,Pizza Margherita,Jantar,2,90.0
914,2026-08-03 04:13:46,Prato Executivo Frango,Almoço,3,75.0
915,2026-07-08 20:01:46,Hambúrguer Artesanal,Lanches,1,30.0
916,2026-06-30 00:36:46,Cerveja IPA,Bebidas,1,15.0
917,2026-07-16 12:12:46,Feijoada,Almoço,2,70.0
918,2026-07-21 13:19:46,Suco de Laranja,Bebidas,2,16.0
919,2026-07-19 18:55:46,Pizza Margherita,Jantar,1,45.0
920,2026-07-08 02:01:46,Cerveja IPA,Bebidas,2,30.0
921,2026-07-09 20:17:46,Hambúrguer Artesanal,Lanches,1,30.0
922,2026-08-22 16:31:46,Prato Executivo Frango,Almoço,1,25.0
923,2026-08-25 08:29:46,Prato Executivo Frango,Almoço,1,25.0
924,2026-07-15 23:58:46,Cerveja IPA,Bebidas,1,15.0
925,2026-09-12 20:53:46,Pizza Margherita,Jantar,2,90.0
926,2026-06-27 22:41:46,Cerveja IPA,Bebidas,1,15.0
927,2026-08-19 13:06:46,Prato Executivo Frango,Almoço,3,75.0
928,2026-08-16 06:01:46,Pizza Margherita,Jantar,2,90.0
929,2026-09-17 13:57:46,Cerveja IPA,Bebidas,1,15.0
930,2026-07-06 17:37:46,Suco de Laranja,Bebidas,2,16.0
931,2026-08-05 22:32:46,Suco de Laranja,Bebidas,1,8.0
932,2026-07-06 02:08:46,Prato Executivo Frango,Almoço,1,25.0
933,2026-09-09 19:38:46,Cerveja IPA,Bebidas,1,15.0
934,2026-06-26 21:55:46,Cerveja IPA,Bebidas,2,30.0
935,2026-09-18 16:24:46,Hambúrguer Artesanal,Lanches,1,30.0
936,2026-08-27 23:54:46,Suco de Laranja,Bebidas,3,24.0
937,2026-09-08 14:31:46,Suco de Laranja,Bebidas,2,16.0
938,2026-08-13 11:21:46,Prato Executivo Frango,Almoço,2,50.0
939,2026-08-23 11:48:46,Prato Executivo Frango,Almoço,1,25.0
940,2026-09-12 07:46:46,Feijoada,Almoço,1,35.0
941,2026-07-16 13:10:46,Cerveja IPA,Bebidas,2,30.0
942,2026-09-05 02:57:46,Hambúrguer Artesanal,Lanches,1,30.0
943,2026-07-17 13:51:46,Prato Executivo Frango,Almoço,1,25.0
944,2026-09-09 20:19:46,Pizza Margherita,Jantar,1,45.0
945,2026-08-31 23:39:46,Pizza Margherita,Jantar,1,45.0
946,2026-08-17 02:07:46,Hambúrguer Artesanal,Lanches,1,30.0
947,2026-08-31 21:07:46,Pizza Margherita,Jantar,3,135.0
948,2026-09-04 18:40:46,Suco de Laranja,Bebidas,1,8.0
949,2026-08-08 03:51:46,Pizza Margherita,Jantar,1,45.0
950,2026-08-17 07:36:46,Feijoada,Almoço,1,35.0
951,2026-07-07 07:39:46,Feijoada,Almoço,3,105.0
952,2026-09-17 09:07:46,Pizza Margherita,Jantar,2,90.0
953,2026-07-24 17:51:46,Feijoada,Almoço,1,35.0
954,2026-08-12 15:14:46,Pizza Margherita,Jantar,2,90.0
955,2026-08-11 01:12:46,Pizza Margherita,Jantar,1,45.0
956,2026-07-23 12:24:46,Prato Executivo Frango,Almoço,1,25.0
957,2026-06-30 09:10:46,Prato Executivo Frango,Almoço,1,25.0
958,2026-08-19 00:30:46,Prato Executivo Frango,Almoço,1,25.0
959,2026-07-25 20:21:46,Pizza Margherita,Jantar,1,45.0
960,2026-06-30 04:36:46,Hambúrguer Artesanal,Lanches,2,60.0
961,2026-07-14 06:35:46,Feijoada,Almoço,1,35.0
962,2026-08-10 16:56:46,Prato Executivo Frango,Almoço,1,25.0
963,2026-08-05 11:28:46,Prato Executivo Frango,Almoço,2,50.0
964,2026-07-17 06:44:46,Prato Executivo Frango,Almoço,1,25.0
965,2026-09-08 20:37:46,Cerveja IPA,Bebidas,1,15.0
966,2026-06-29 06:26:46,Pizza Margherita,Jantar,1,45.0
967,2026-07-25 15:56:46,Prato Executivo Frango,Almoço,1,25.0
968,2026-07-06 22:50:46,Suco de Laranja,Bebidas,1,8.0
969,2026-08-06 09:22:46,Suco de Laranja,Bebidas,1,8.0
970,2026-07-26 12:42:46,Cerveja IPA,Bebidas,1,15.0
971,2026-09-13 17:08:46,Hambúrguer Artesanal,Lanches,1,30.0
972,2026-09-01 17:44:46,Suco de Laranja,Bebidas,2,16.0
973,2026-07-17 17:49:46,Feijoada,Almoço,3,105.0
974,2026-07-28 01:47:46,Hambúrguer Artesanal,Lanches,1,30.0
975,2026-07-02 00:42:46,Cerveja IPA,Bebidas,1,15.0
976,2026-09-07 20:38:46,Cerveja IPA,Bebidas,1,15.0
977,2026-09-22 14:13:46,Suco de Laranja,Bebidas,1,8.0
978,2026-09-10 10:51:46,Feijoada,Almoço,2,70.0
979,2026-08-29 13:41:46,Suco de Laranja,Bebidas,1,8.0
980,2026-08-05 10:29:46,Cerveja IPA,Bebidas,1,15.0
981,2026-07-30 01:57:46,Suco de Laranja,Bebidas,1,8.0
982,2026-08-13 07:14:46,Suco de Laranja,Bebidas,1,8.0
983,2026-09-21 09:10:46,Pizza Margherita,Jantar,1,45.0
984,2026-08-03 19:37:46,Pizza Margherita,Jantar,3,135.0
985,2026-09-19 16:06:46,Pizza Margherita,Jantar,1,45.0
986,2026-06-26 07:57:46,Hambúrguer Artesanal,Lanches,1,30.0
987,2026-07-21 04:35:46,Prato Executivo Frango,Almoço,3,75.0
988,2026-07-16 15:22:46,Cerveja IPA,Bebidas,1,15.0
989,2026-08-15 16:02:46,Feijoada,Almoço,1,35.0
990,2026-07-07 22:11:46,Hambúrguer Artesanal,Lanches,2,60.0
991,2026-08-06 12:06:46,Feijoada,Almoço,3,105.0
992,2026-09-11 04:41:46,Pizza Margherita,Jantar,3,135.0
993,2026-08-04 05:59:46,Hambúrguer Artesanal,Lanches,1,30.0
994,2026-07-07 22:51:46,Pizza Margherita,Jantar,1,45.0
995,2026-08-23 04:02:46,Prato Executivo Frango,Almoço,2,50.0
996,2026-08-08 15:06:46,Suco de Laranja,Bebidas,1,8.0
997,2026-09-07 08:05:46,Suco de Laranja,Bebidas,2,16.0
998,2026-08-08 00:24:46,Suco de Laranja,Bebidas,1,8.0
999,2026-08-16 06:28:46,Feijoada,Almoço,3,105.0
1000,2026-06-26 02:04:46,Feijoada,Almoço,1,35.0
1001,2026-08-03 19:53:46,Suco de Laranja,Bebidas,1,8.0
1002,2026-07-23 06:11:46,Cerveja IPA,Bebidas,2,30.0
1003,2026-08-02 10:07:46,Hambúrguer Artesanal,Lanches,1,30.0
1004,2026-07-31 16:40:46,Pizza Margherita,Jantar,1,45.0
1005,2026-06-26 20:34:46,Pizza Margherita,Jantar,1,45.0
1006,2026-07-26 02:59:46,Suco de Laranja,Bebidas,1,8.0
1007,2026-08-24 19:54:46,Hambúrguer Artesanal,Lanches,1,30.0
1008,2026-08-20 19:23:46,Pizza Margherita,Jantar,1,45.0
1009,2026-07-25 21:51:46,Suco de Laranja,Bebidas,2,16.0
1010,2026-08-18 06:21:46,Feijoada,Almoço,1,35.0
1011,2026-08-18 21:19:46,Cerveja IPA,Bebidas,1,15.0
1012,2026-06-28 16:30:46,Cerveja IPA,Bebidas,2,30.0
1013,2026-06-28 06:46:46,Pizza Margherita,Jantar,3,135.0
1014,2026-09-07 08:05:46,Prato Executivo Frango,Almoço,1,25.0
1015,2026-08-04 01:40:46,Hambúrguer Artesanal,Lanches,1,30.0
1016,2026-09-07 22:43:46,Suco de Laranja,Bebidas,1,8.0
1017,2026-07-15 14:21:46,Feijoada,Almoço,1,35.0
1018,2026-07-04 15:48:46,Pizza Margherita,Jantar,1,45.0
1019,2026-08-28 21:20:46,Pizza Margherita,Jantar,2,90.0
1020,2026-08-11 03:00:46,Cerveja IPA,Bebidas,2,30.0
1021,2026-08-20 09:47:46,Prato Executivo Frango,Almoço,1,25.0
1022,2026-07-05 04:22:46,Hambúrguer Artesanal,Lanches,2,60.0
1023,2026-07-09 01:07:46,Prato Executivo Frango,Almoço,1,25.0
1024,2026-08-29 15:20:46,Feijoada,Almoço,1,35.0
1025,2026-07-04 15:03:46,Pizza Margherita,Jantar,2,90.0
1026,2026-07-17 00:13:46,Cerveja IPA,Bebidas,1,15.0
1027,2026-09-06 03:17:46,Feijoada,Almoço,1,35.0
1028,2026-09-07 09:35:46,Feijoada,Almoço,1,35.0
1029,2026-07-20 04:23:46,Suco de Laranja,Bebidas,3,24.0
1030,2026-08-17 06:46:46,Pizza Margherita,Jantar,3,135.0
1031,2026-07-07 14:06:46,Prato Executivo Frango,Almoço,1,25.0
1032,2026-09-12 18:48:46,Pizza Margherita,Jantar,2,90.0
1033,2026-09-16 18:05:46,Hambúrguer Artesanal,Lanches,2,60.0
1034,2026-07-09 06:01:46,Feijoada,Almoço,2,70.0
1035,2026-08-11 12:11:46,Cerveja IPA,Bebidas,2,30.0
1036,2026-08-02 12:45:46,Feijoada,Almoço,3,105.0
1037,2026-08-31 15:53:46,Hambúrguer Artesanal,Lanches,1,30.0
1038,2026-08-21 02:23:46,Pizza Margherita,Jantar,1,45.0
1039,2026-08-13 13:16:46,Feijoada,Almoço,1,35.0
1040,2026-07-22 22:05:46,Pizza Margherita,Jantar,3,135.0
1041,2026-07-14 06:38:46,Cerveja IPA,Bebidas,3,45.0
1042,2026-07-02 20:24:46,Suco de Laranja,Bebidas,1,8.0
1043,2026-07-13 04:10:46,Prato Executivo Frango,Almoço,1,25.0
1044,2026-08-07 00:11:46,Hambúrguer Artesanal,Lanches,1,30.0
1045,2026-09-22 11:52:46,Suco de Laranja,Bebidas,1,8.0
1046,2026-09-12 06:59:46,Hambúrguer Artesanal,Lanches,2,60.0
1047,2026-06-26 19:14:46,Hambúrguer Artesanal,Lanches,1,30.0
1048,2026-07-25 07:08:46,Hambúrguer Artesanal,Lanches,1,30.0
1049,2026-09-12 10:00:46,Feijoada,Almoço,1,35.0
1050,2026-07-30 06:19:46,Pizza Margherita,Jantar,1,45.0
1051,2026-07-12 20:27:46,Suco de Laranja,Bebidas,1,8.0
1052,2026-07-15 18:08:46,Cerveja IPA,Bebidas,1,15.0
1053,2026-09-19 02:02:46,Feijoada,Almoço,1,35.0
1054,2026-07-21 02:32:46,Pizza Margherita,Jantar,1,45.0
1055,2026-08-11 12:28:46,Prato Executivo Frango,Almoço,3,75.0
1056,2026-07-07 16:51:46,Pizza Margherita,Jantar,1,45.0
1057,2026-09-17 06:12:46,Suco de Laranja,Bebidas,2,16.0
1058,2026-07-26 21:26:46,Cerveja IPA,Bebidas,1,15.0
1059,2026-09-22 17:02:46,Suco de Laranja,Bebidas,1,8.0
1060,2026-08-21 14:40:46,Cerveja IPA,Bebidas,1,15.0
1061,2026-08-16 12:33:46,Feijoada,Almoço,1,35.0
1062,2026-09-21 22:09:46,Pizza Margherita,Jantar,1,45.0
1063,2026-08-23 08:21:46,Hambúrguer Artesanal,Lanches,1,30.0
1064,2026-09-03 19:06:46,Pizza Margherita,Jantar,1,45.0
1065,2026-07-14 05:53:46,Pizza Margherita,Jantar,1,45.0
1066,2026-07-02 01:48:46,Cerveja IPA,Bebidas,1,15.0
1067,2026-08-11 15:11:46,Cerveja IPA,Bebidas,1,15.0
1068,2026-08-16 03:11:46,Feijoada,Almoço,1,35.0
1069,2026-09-19 03:20:46,Hambúrguer Artesanal,Lanches,1,30.0
1070,2026-08-09 14:55:46,Cerveja IPA,Bebidas,2,30.0
1071,2026-08-28 16:57:46,Feijoada,Almoço,1,35.0
1072,2026-08-15 19:31:46,Cerveja IPA,Bebidas,1,15.0
1073,2026-07-30 07:46:46,Suco de Laranja,Bebidas,1,8.0
1074,2026-08-03 01:30:46,Prato Executivo Frango,Almoço,2,50.0
1075,2026-09-06 15:20:46,Pizza Margherita,Jantar,1,45.0
1076,2026-07-24 20:40:46,Cerveja IPA,Bebidas,1,15.0
1077,2026-07-06 22:06:46,Suco de Laranja,Bebidas,2,16.0
1078,2026-06-30 02:23:46,Feijoada,Almoço,3,105.0
1079,2026-07-08 01:47:46,Feijoada,Almoço,1,35.0
1080,2026-08-29 09:25:46,Suco de Laranja,Bebidas,2,16.0
1081,2026-09-19 02:21:46,Pizza Margherita,Jantar,1,45.0
1082,2026-09-19 07:28:46,Pizza Margherita,Jantar,2,90.0
1083,2026-08-11 12:32:46,Prato Executivo Frango,Almoço,1,25.0
1084,2026-08-12 14:18:46,Cerveja IPA,Bebidas,3,45.0
1085,2026-08-02 06:05:46,Feijoada,Almoço,1,35.0
1086,2026-08-27 23:48:46,Hambúrguer Artesanal,Lanches,1,30.0
1087,2026-06-28 03:37:46,Cerveja IPA,Bebidas,2,30.0
1088,2026-09-13 06:19:46,Pizza Margherita,Jantar,2,90.0
1089,2026-09-07 21:20:46,Hambúrguer Artesanal,Lanches,2,60.0
1090,2026-08-25 13:17:46,Feijoada,Almoço,1,35.0
1091,2026-07-10 12:08:46,Feijoada,Almoço,2,70.0
1092,2026-08-03 04:43:46,Suco de Laranja,Bebidas,1,8.0
1093,2026-07-09 08:09:46,Hambúrguer Artesanal,Lanches,3,90.0
1094,2026-09-12 14:43:46,Cerveja IPA,Bebidas,1,15.0
1095,2026-08-28 08:11:46,Prato Executivo Frango,Almoço,1,25.0
1096,2026-09-08 02:51:46,Prato Executivo Frango,Almoço,3,75.0
1097,2026-09-10 16:05:46,Feijoada,Almoço,2,70.0
1098,2026-08-11 07:44:46,Pizza Margherita,Jantar,1,45.0
1099,2026-08-15 04:54:46,Pizza Margherita,Jantar,1,45.0
1100,2026-08-21 21:25:46,Suco de Laranja,Bebidas,1,8.0
1101,2026-09-10 11:14:46,Feijoada,Almoço,1,35.0
1102,2026-07-18 19:32:46,Cerveja IPA,Bebidas,1,15.0
1103,2026-08-08 10:20:46,Pizza Margherita,Jantar,2,90.0
1104,2026-09-07 20:32:46,Cerveja IPA,Bebidas,2,30.0
1105,2026-09-17 17:50:46,Hambúrguer Artesanal,Lanches,1,30.0
1106,2026-09-18 05:14:46,Pizza Margherita,Jantar,1,45.0
1107,2026-09-13 03:20:46,Hambúrguer Artesanal,Lanches,2,60.0
1108,2026-09-21 17:42:46,Pizza Margherita,Jantar,1,45.0
1109,2026-09-07 19:35:46,Hambúrguer Artesanal,Lanches,1,30.0
1110,2026-08-16 23:41:46,Hambúrguer Artesanal,Lanches,1,30.0
1111,2026-07-16 04:17:46,Cerveja IPA,Bebidas,1,15.0
1112,2026-07-20 08:30:46,Prato Executivo Frango,Almoço,1,25.0
1113,2026-07-23 23:25:46,Hambúrguer Artesanal,Lanches,2,60.0
1114,2026-09-22 04:35:46,Prato Executivo Frango,Almoço,2,50.0
1115,2026-08-11 01:04:46,Hambúrguer Artesanal,Lanches,3,90.0
1116,2026-06-25 08:10:46,Feijoada,Almoço,1,35.0
1117,2026-06-27 18:48:46,Hambúrguer Artesanal,Lanches,1,30.0
1118,2026-09-18 00:37:46,Cerveja IPA,Bebidas,1,15.0
1119,2026-07-30 23:12:46,Hambúrguer Artesanal,Lanches,2,60.0
1120,2026-09-09 15:07:46,Prato Executivo Frango,Almoço,2,50.0
1121,2026-09-12 04:16:46,Cerveja IPA,Bebidas,2,30.0
1122,2026-09-17 01:16:46,Pizza Margherita,Jantar,3,135.0
1123,2026-09-06 20:31:46,Cerveja IPA,Bebidas,1,15.0
1124,2026-08-13 21:08:46,Cerveja IPA,Bebidas,2,30.0
1125,2026-08-14 03:02:46,Suco de Laranja,Bebidas,1,8.0
1126,2026-09-06 13:50:46,Cerveja IPA,Bebidas,1,15.0
1127,2026-07-16 00:07:46,Pizza Margherita,Jantar,1,45.0
1128,2026-07-20 15:20:46,Pizza Margherita,Jantar,1,45.0
1129,2026-07-11 10:57:46,Cerveja IPA,Bebidas,3,45.0
1130,2026-07-27 04:10:46,Suco de Laranja,Bebidas,1,8.0
1131,2026-07-31 14:17:46,Prato Executivo Frango,Almoço,1,25.0
1132,2026-07-31 03:30:46,Hambúrguer Artesanal,Lanches,1,30.0
1133,2026-06-26 04:01:46,Pizza Margherita,Jantar,2,90.0
1134,2026-07-25 15:39:46,Hambúrguer Artesanal,Lanches,3,90.0
1135,2026-07-22 16:49:46,Prato Executivo Frango,Almoço,1,25.0
1136,2026-08-24 10:21:46,Suco de Laranja,Bebidas,3,24.0
1137,2026-07-06 08:00:46,Pizza Margherita,Jantar,1,45.0
1138,2026-08-16 17:16:46,Pizza Margherita,Jantar,1,45.0
1139,2026-07-02 19:39:46,Pizza Margherita,Jantar,3,135.0
1140,2026-07-29 21:02:46,Cerveja IPA,Bebidas,2,30.0
1141,2026-08-28 19:48:46,Pizza Margherita,Jantar,1,45.0
1142,2026-09-08 06:22:46,Pizza Margherita,Jantar,1,45.0
1143,2026-07-17 17:10:46,Prato Executivo Frango,Almoço,1,25.0
1144,2026-07-18 19:57:46,Suco de Laranja,Bebidas,3,24.0
1145,2026-09-18 15:46:46,Prato Executivo Frango,Almoço,1,25.0
1146,2026-09-15 13:41:46,Suco de Laranja,Bebidas,1,8.0
1147,2026-09-15 08:50:46,Pizza Margherita,Jantar,2,90.0
1148,2026-07-18 23:41:46,Hambúrguer Artesanal,Lanches,1,30.0
1149,2026-08-30 01:23:46,Pizza Margherita,Jantar,1,45.0
1150,2026-07-08 13:44:46,Feijoada,Almoço,2,70.0
1151,2026-07-22 11:19:46,Prato Executivo Frango,Almoço,3,75.0
1152,2026-07-21 07:24:46,Pizza Margherita,Jantar,1,45.0
1153,2026-09-07 06:32:46,Suco de Laranja,Bebidas,1,8.0
1154,2026-08-01 01:43:46,Prato Executivo Frango,Almoço,2,50.0
1155,2026-07-31 18:38:46,Cerveja IPA,Bebidas,1,15.0
1156,2026-07-14 11:58:46,Prato Executivo Frango,Almoço,1,25.0
1157,2026-07-23 00:13:46,Pizza Margherita,Jantar,1,45.0
1158,2026-08-16 03:44:46,Cerveja IPA,Bebidas,1,15.0
1159,2026-08-11 07:24:46,Prato Executivo Frango,Almoço,1,25.0
1160,2026-08-23 20:41:46,Cerveja IPA,Bebidas,2,30.0
1161,2026-09-17 02:45:46,Pizza Margherita,Jantar,1,45.0
1162,2026-08-31 11:29:46,Suco de Laranja,Bebidas,1,8.0
1163,2026-07-02 17:30:46,Hambúrguer Artesanal,Lanches,1,30.0
1164,2026-07-23 03:13:46,Feijoada,Almoço,1,35.0
1165,2026-09-01 14:34:46,Suco de Laranja,Bebidas,3,24.0
1166,2026-08-22 21:00:46,Pizza Margherita,Jantar,1,45.0
1167,2026-06-25 14:13:46,Suco de Laranja,Bebidas,1,8.0
1168,2026-06-24 21:31:46,Hambúrguer Artesanal,Lanches,2,60.0
1169,2026-06-28 19:18:46,Cerveja IPA,Bebidas,2,30.0
1170,2026-08-02 02:47:46,Cerveja IPA,Bebidas,1,15.0
1171,2026-08-06 02:07:46,Prato Executivo Frango,Almoço,1,25.0
1172,2026-08-12 21:47:46,Pizza Margherita,Jantar,1,45.0
1173,2026-09-03 12:39:46,Feijoada,Almoço,1,35.0
1174,2026-07-09 14:09:46,Prato Executivo Frango,Almoço,1,25.0
1175,2026-07-13 03:34:46,Prato Executivo Frango,Almoço,1,25.0
1176,2026-09-22 02:42:46,Cerveja IPA,Bebidas,2,30.0
1177,2026-08-28 09:37:46,Pizza Margherita,Jantar,1,45.0
1178,2026-09-19 11:59:46,Feijoada,Almoço,3,105.0
1179,2026-08-13 19:45:46,Pizza Margherita,Jantar,1,45.0
1180,2026-09-04 20:17:46,Suco de Laranja,Bebidas,1,8.0
1181,2026-08-18 05:18:46,Pizza Margherita,Jantar,2,90.0
1182,2026-07-18 07:41:46,Feijoada,Almoço,1,35.0
1183,2026-09-02 02:51:46,Cerveja IPA,Bebidas,1,15.0
1184,2026-07-25 05:31:46,Suco de Laranja,Bebidas,2,16.0
1185,2026-07-30 21:25:46,Suco de Laranja,Bebidas,1,8.0
1186,2026-07-21 08:06:46,Hambúrguer Artesanal,Lanches,1,30.0
1187,2026-09-15 00:55:46,Pizza Margherita,Jantar,1,45.0
1188,2026-07-23 18:35:46,Cerveja IPA,Bebidas,1,15.0
1189,2026-07-04 04:40:46,Pizza Margherita,Jantar,1,45.0
1190,2026-07-30 12:21:46,Prato Executivo Frango,Almoço,1,25.0
1191,2026-06-25 21:16:46,Hambúrguer Artesanal,Lanches,1,30.0
1192,2026-07-13 05:01:46,Cerveja IPA,Bebidas,1,15.0
1193,2026-07-21 18:23:46,Suco de Laranja,Bebidas,2,16.0
1194,2026-06-28 03:00:46,Prato Executivo Frango,Almoço,1,25.0
1195,2026-08-03 04:23:46,Cerveja IPA,Bebidas,1,15.0
1196,2026-08-27 23:05:46,Cerveja IPA,Bebidas,1,15.0
1197,2026-09-13 12:51:46,Cerveja IPA,Bebidas,1,15.0
1198,2026-09-03 09:49:46,Hambúrguer Artesanal,Lanches,1,30.0
1199,2026-08-06 19:56:46,Hambúrguer Artesanal,Lanches,1,30.0
1200,2026-08-06 05:30:46,Pizza Margherita,Jantar,1,45.0
1201,2026-06-30 00:17:46,Cerveja IPA,Bebidas,1,15.0
1202,2026-07-15 11:28:46,Cerveja IPA,Bebidas,2,30.0
1203,2026-08-07 03:32:46,Cerveja IPA,Bebidas,1,15.0
1204,2026-07-29 23:14:46,Pizza Margherita,Jantar,3,135.0
1205,2026-07-21 01:51:46,Suco de Laranja,Bebidas,1,8.0
1206,2026-07-26 00:01:46,Cerveja IPA,Bebidas,3,45.0
1207,2026-08-03 12:01:46,Cerveja IPA,Bebidas,3,45.0
1208,2026-09-11 12:13:46,Feijoada,Almoço,1,35.0
1209,2026-07-22 14:27:46,Suco de Laranja,Bebidas,2,16.0
1210,2026-09-07 17:44:46,Suco de Laranja,Bebidas,1,8.0
1211,2026-08-31 08:22:46,Prato Executivo Frango,Almoço,2,50.0
1212,2026-09-03 09:05:46,Pizza Margherita,Jantar,1,45.0
1213,2026-06-25 13:29:46,Suco de Laranja,Bebidas,1,8.0
1214,2026-08-14 05:45:46,Hambúrguer Artesanal,Lanches,2,60.0
1215,2026-09-16 11:21:46,Cerveja IPA,Bebidas,1,15.0
1216,2026-09-17 01:49:46,Pizza Margherita,Jantar,1,45.0
1217,2026-07-29 21:22:46,Pizza Margherita,Jantar,1,45.0
1218,2026-09-01 02:46:46,Prato Executivo Frango,Almoço,1,25.0
1219,2026-07-11 13:54:46,Prato Executivo Frango,Almoço,1,25.0
1220,2026-09-03 05:57:46,Feijoada,Almoço,2,70.0
1221,2026-07-30 01:52:46,Feijoada,Almoço,1,35.0
1222,2026-07-25 13:02:46,Suco de Laranja,Bebidas,2,16.0
1223,2026-08-08 16:40:46,Suco de Laranja,Bebidas,1,8.0
1224,2026-07-16 23:58:46,Hambúrguer Artesanal,Lanches,1,30.0
1225,2026-09-20 03:41:46,Prato Executivo Frango,Almoço,2,50.0
1226,2026-09-16 03:28:46,Cerveja IPA,Bebidas,1,15.0
1227,2026-09-08 03:36:46,Hambúrguer Artesanal,Lanches,1,30.0
1228,2026-07-01 15:23:46,Suco de Laranja,Bebidas,1,8.0
1229,2026-09-14 08:31:46,Pizza Margherita,Jantar,1,45.0
1230,2026-09-11 09:09:46,Hambúrguer Artesanal,Lanches,1,30.0
1231,2026-09-04 02:42:46,Feijoada,Almoço,1,35.0
1232,2026-08-05 14:41:46,Suco de Laranja,Bebidas,1,8.0
1233,2026-07-29 11:04:46,Cerveja IPA,Bebidas,1,15.0
1234,2026-08-02 16:36:46,Hambúrguer Artesanal,Lanches,1,30.0
1235,2026-08-02 16:23:46,Hambúrguer Artesanal,Lanches,1,30.0
1236,2026-08-21 14:15:46,Suco de Laranja,Bebidas,1,8.0
1237,2026-08-10 20:51:46,Pizza Margherita,Jantar,2,90.0
1238,2026-07-10 11:25:46,Feijoada,Almoço,2,70.0
1239,2026-07-01 16:37:46,Prato Executivo Frango,Almoço,2,50.0
1240,2026-07-09 22:33:46,Hambúrguer Artesanal,Lanches,2,60.0
1241,2026-07-17 12:26:46,Feijoada,Almoço,1,35.0
1242,2026-09-15 10:08:46,Feijoada,Almoço,1,35.0
1243,2026-08-01 07:45:46,Hambúrguer Artesanal,Lanches,1,30.0
1244,2026-08-01 00:25:46,Pizza Margherita,Jantar,1,45.0
1245,2026-07-08 10:40:46,Suco de Laranja,Bebidas,1,8.0
1246,2026-09-11 21:13:46,Suco de Laranja,Bebidas,2,16.0
1247,2026-09-04 10:07:46,Cerveja IPA,Bebidas,1,15.0
1248,2026-07-12 15:31:46,Prato Executivo Frango,Almoço,1,25.0
1249,2026-08-23 06:14:46,Feijoada,Almoço,1,35.0
1250,2026-07-07 15:13:46,Hambúrguer Artesanal,Lanches,2,60.0
1251,2026-07-26 08:25:46,Cerveja IPA,Bebidas,1,15.0
1252,2026-07-23 09:57:46,Hambúrguer Artesanal,Lanches,1,30.0
1253,2026-09-10 11:37:46,Cerveja IPA,Bebidas,1,15.0
1254,2026-07-20 01:31:46,Suco de Laranja,Bebidas,2,16.0
1255,2026-09-10 17:26:46,Hambúrguer Artesanal,Lanches,1,30.0
1256,2026-06-29 16:15:46,Hambúrguer Artesanal,Lanches,1,30.0
1257,2026-09-14 17:56:46,Suco de Laranja,Bebidas,1,8.0
1258,2026-08-06 10:04:46,Prato Executivo Frango,Almoço,1,25.0
1259,2026-07-12 15:35:46,Hambúrguer Artesanal,Lanches,1,30.0
1260,2026-09-22 12:37:46,Cerveja IPA,Bebidas,1,15.0
1261,2026-06-29 04:20:46,Prato Executivo Frango,Almoço,2,50.0
1262,2026-09-09 01:26:46,Cerveja IPA,Bebidas,2,30.0
1263,2026-08-14 18:56:46,Cerveja IPA,Bebidas,1,15.0
1264,2026-09-11 16:01:46,Cerveja IPA,Bebidas,2,30.0
1265,2026-08-31 09:58:46,Suco de Laranja,Bebidas,2,16.0
1266,2026-07-07 11:15:46,Cerveja IPA,Bebidas,1,15.0
1267,2026-07-14 07:39:46,Prato Executivo Frango,Almoço,2,50.0
1268,2026-07-07 20:23:46,Suco de Laranja,Bebidas,1,8.0
1269,2026-07-14 08:32:46,Hambúrguer Artesanal,Lanches,1,30.0
1270,2026-06-26 00:51:46,Hambúrguer Artesanal,Lanches,1,30.0
1271,2026-09-20 10:39:46,Suco de Laranja,Bebidas,1,8.0
1272,2026-08-20 17:21:46,Cerveja IPA,Bebidas,3,45.0
1273,2026-08-12 12:10:46,Prato Executivo Frango,Almoço,1,25.0
1274,2026-08-06 05:49:46,Feijoada,Almoço,1,35.0
1275,2026-07-11 15:38:46,Feijoada,Almoço,1,35.0
1276,2026-09-08 17:58:46,Suco de Laranja,Bebidas,1,8.0
1277,2026-07-10 13:00:46,Prato Executivo Frango,Almoço,1,25.0
1278,2026-08-28 05:37:46,Hambúrguer Artesanal,Lanches,1,30.0
1279,2026-08-11 08:24:46,Pizza Margherita,Jantar,1,45.0
1280,2026-07-04 00:08:46,Prato Executivo Frango,Almoço,1,25.0
1281,2026-09-16 08:18:46,Prato Executivo Frango,Almoço,1,25.0
1282,2026-09-21 01:17:46,Cerveja IPA,Bebidas,3,45.0
1283,2026-09-06 11:28:46,Suco de Laranja,Bebidas,2,16.0
1284,2026-07-22 12:30:46,Cerveja IPA,Bebidas,1,15.0
1285,2026-07-28 11:39:46,Suco de Laranja,Bebidas,1,8.0
1286,2026-08-14 17:29:46,Prato Executivo Frango,Almoço,1,25.0
1287,2026-09-02 21:50:46,Pizza Margherita,Jantar,1,45.0
1288,2026-08-17 13:43:46,Cerveja IPA,Bebidas,1,15.0
1289,2026-08-12 21:38:46,Cerveja IPA,Bebidas,1,15.0
1290,2026-09-13 17:09:46,Feijoada,Almoço,1,35.0
1291,2026-08-03 07:02:46,Prato Executivo Frango,Almoço,1,25.0
1292,2026-08-27 23:56:46,Hambúrguer Artesanal,Lanches,1,30.0
1293,2026-07-20 03:31:46,Feijoada,Almoço,1,35.0
1294,2026-08-19 19:01:46,Cerveja IPA,Bebidas,1,15.0
1295,2026-08-02 15:41:46,Cerveja IPA,Bebidas,1,15.0
1296,2026-09-20 20:29:46,Pizza Margherita,Jantar,1,45.0
1297,2026-09-01 10:05:46,Suco de Laranja,Bebidas,1,8.0
1298,2026-09-22 16:36:46,Feijoada,Almoço,1,35.0
1299,2026-09-02 13:57:46,Cerveja IPA,Bebidas,2,30.0
1300,2026-08-19 15:04:46,Feijoada,Almoço,1,35.0
1301,2026-08-01 18:59:46,Suco de Laranja,Bebidas,1,8.0
1302,2026-08-28 16:40:46,Feijoada,Almoço,1,35.0
1303,2026-09-10 00:31:46,Suco de Laranja,Bebidas,1,8.0
1304,2026-08-10 02:34:46,Feijoada,Almoço,2,70.0
1305,2026-08-30 10:25:46,Pizza Margherita,Jantar,1,45.0
1306,2026-08-01 08:51:46,Hambúrguer Artesanal,Lanches,1,30.0
1307,2026-09-04 05:17:46,Suco de Laranja,Bebidas,2,16.0
1308,2026-07-12 11:46:46,Prato Executivo Frango,Almoço,1,25.0
1309,2026-07-28 07:03:46,Suco de Laranja,Bebidas,1,8.0
1310,2026-08-04 10:47:46,Prato Executivo Frango,Almoço,1,25.0
1311,2026-08-14 13:43:46,Suco de Laranja,Bebidas,1,8.0
1312,2026-07-17 12:21:46,Cerveja IPA,Bebidas,1,15.0
1313,2026-07-28 20:37:46,Cerveja IPA,Bebidas,2,30.0
1314,2026-08-13 03:23:46,Suco de Laranja,Bebidas,1,8.0
1315,2026-07-26 02:17:46,Prato Executivo Frango,Almoço,2,50.0
1316,2026-08-12 07:10:46,Suco de Laranja,Bebidas,1,8.0
1317,2026-07-06 04:39:46,Feijoada,Almoço,2,70.0
1318,2026-07-03 21:21:46,Pizza Margherita,Jantar,1,45.0
1319,2026-08-21 20:47:46,Suco de Laranja,Bebidas,1,8.0
1320,2026-09-01 13:42:46,Suco de Laranja,Bebidas,1,8.0
1321,2026-09-12 04:29:46,Pizza Margherita,Jantar,2,90.0
1322,2026-09-21 06:35:46,Suco de Laranja,Bebidas,1,8.0
1323,2026-08-23 19:04:46,Pizza Margherita,Jantar,1,45.0
1324,2026-08-06 06:58:46,Hambúrguer Artesanal,Lanches,1,30.0
1325,2026-07-24 08:01:46,Prato Executivo Frango,Almoço,1,25.0
1326,2026-09-19 06:15:46,Hambúrguer Artesanal,Lanches,1,30.0
1327,2026-07-05 09:08:46,Prato Executivo Frango,Almoço,3,75.0
1328,2026-08-29 02:08:46,Hambúrguer Artesanal,Lanches,2,60.0
1329,2026-08-14 05:43:46,Suco de Laranja,Bebidas,1,8.0
1330,2026-09-13 20:51:46,Hambúrguer Artesanal,Lanches,1,30.0
1331,2026-08-12 13:50:46,Prato Executivo Frango,Almoço,1,25.0
1332,2026-09-13 13:25:46,Prato Executivo Frango,Almoço,1,25.0
1333,2026-07-31 13:36:46,Cerveja IPA,Bebidas,1,15.0
1334,2026-06-30 09:33:46,Hambúrguer Artesanal,Lanches,1,30.0
1335,2026-08-13 01:59:46,Hambúrguer Artesanal,Lanches,2,60.0
1336,2026-08-10 20:09:46,Suco de Laranja,Bebidas,2,16.0
1337,2026-09-12 14:22:46,Prato Executivo Frango,Almoço,2,50.0
1338,2026-08-31 01:52:46,Cerveja IPA,Bebidas,1,15.0
1339,2026-08-11 03:59:46,Cerveja IPA,Bebidas,1,15.0
1340,2026-08-24 08:22:46,Feijoada,Almoço,3,105.0
1341,2026-08-28 12:05:46,Cerveja IPA,Bebidas,1,15.0
1342,2026-07-24 02:36:46,Pizza Margherita,Jantar,1,45.0
1343,2026-09-16 13:49:46,Prato Executivo Frango,Almoço,1,25.0
1344,2026-07-06 00:31:46,Suco de Laranja,Bebidas,1,8.0
1345,2026-08-03 10:32:46,Cerveja IPA,Bebidas,3,45.0
1346,2026-08-16 05:13:46,Feijoada,Almoço,1,35.0
1347,2026-09-18 21:43:46,Cerveja IPA,Bebidas,1,15.0
1348,2026-07-16 20:34:46,Suco de Laranja,Bebidas,2,16.0
1349,2026-07-17 07:42:46,Cerveja IPA,Bebidas,1,15.0
1350,2026-08-27 08:08:46,Hambúrguer Artesanal,Lanches,1,30.0
1351,2026-07-16 01:24:46,Cerveja IPA,Bebidas,1,15.0
1352,2026-07-03 07:46:46,Suco de Laranja,Bebidas,2,16.0
1353,2026-08-30 11:09:46,Prato Executivo Frango,Almoço,1,25.0
1354,2026-07-17 07:42:46,Feijoada,Almoço,2,70.0
1355,2026-08-18 09:08:46,Feijoada,Almoço,1,35.0
1356,2026-07-19 09:51:46,Suco de Laranja,Bebidas,1,8.0
1357,2026-07-11 22:45:46,Pizza Margherita,Jantar,2,90.0
1358,2026-07-21 21:17:46,Suco de Laranja,Bebidas,1,8.0
1359,2026-07-14 21:20:46,Pizza Margherita,Jantar,1,45.0
1360,2026-09-20 10:08:46,Hambúrguer Artesanal,Lanches,1,30.0
1361,2026-09-07 12:30:46,Suco de Laranja,Bebidas,1,8.0
1362,2026-08-05 23:14:46,Hambúrguer Artesanal,Lanches,2,60.0
1363,2026-09-07 10:43:46,Suco de Laranja,Bebidas,1,8.0
1364,2026-08-13 14:25:46,Prato Executivo Frango,Almoço,1,25.0
1365,2026-08-26 15:16:46,Suco de Laranja,Bebidas,1,8.0
1366,2026-08-28 03:56:46,Pizza Margherita,Jantar,1,45.0
1367,2026-06-27 14:08:46,Cerveja IPA,Bebidas,1,15.0
1368,2026-08-11 12:05:46,Prato Executivo Frango,Almoço,2,50.0
1369,2026-07-25 00:15:46,Feijoada,Almoço,1,35.0
1370,2026-07-14 11:39:46,Suco de Laranja,Bebidas,2,16.0
1371,2026-07-18 08:24:46,Hambúrguer Artesanal,Lanches,1,30.0
1372,2026-09-02 06:59:46,Pizza Margherita,Jantar,1,45.0
1373,2026-08-31 21:10:46,Suco de Laranja,Bebidas,2,16.0
1374,2026-07-24 22:53:46,Pizza Margherita,Jantar,1,45.0
1375,2026-08-28 05:30:46,Feijoada,Almoço,2,70.0
1376,2026-07-05 00:34:46,Suco de Laranja,Bebidas,1,8.0
1377,2026-07-16 18:32:46,Pizza Margherita,Jantar,3,135.0
1378,2026-07-13 12:48:46,Cerveja IPA,Bebidas,2,30.0
1379,2026-07-30 03:51:46,Hambúrguer Artesanal,Lanches,1,30.0
1380,2026-07-18 14:27:46,Prato Executivo Frango,Almoço,1,25.0
1381,2026-09-03 05:15:46,Feijoada,Almoço,2,70.0
1382,2026-07-16 04:18:46,Prato Executivo Frango,Almoço,1,25.0
1383,2026-07-07 00:59:46,Prato Executivo Frango,Almoço,1,25.0
1384,2026-08-18 02:13:46,Suco de Laranja,Bebidas,1,8.0
1385,2026-09-16 15:07:46,Pizza Margherita,Jantar,1,45.0
1386,2026-08-16 03:53:46,Cerveja IPA,Bebidas,1,15.0
1387,2026-08-10 13:28:46,Suco de Laranja,Bebidas,1,8.0
1388,2026-07-16 18:12:46,Cerveja IPA,Bebidas,1,15.0
1389,2026-07-19 02:57:46,Cerveja IPA,Bebidas,1,15.0
1390,2026-07-09 06:24:46,Pizza Margherita,Jantar,1,45.0
1391,2026-09-18 19:20:46,Cerveja IPA,Bebidas,2,30.0
1392,2026-07-14 12:32:46,Suco de Laranja,Bebidas,1,8.0
1393,2026-07-27 20:34:46,Pizza Margherita,Jantar,1,45.0
1394,2026-08-10 07:52:46,Hambúrguer Artesanal,Lanches,1,30.0
1395,2026-07-03 06:21:46,Pizza Margherita,Jantar,1,45.0
1396,2026-08-21 22:05:46,Pizza Margherita,Jantar,1,45.0
1397,2026-07-15 19:05:46,Hambúrguer Artesanal,Lanches,2,60.0
1398,2026-08-23 23:45:46,Cerveja IPA,Bebidas,1,15.0
1399,2026-06-27 13:43:46,Cerveja IPA,Bebidas,2,30.0
1400,2026-07-02 05:21:46,Feijoada,Almoço,2,70.0
1401,2026-09-12 04:29:46,Prato Executivo Frango,Almoço,1,25.0
1402,2026-08-03 05:19:46,Cerveja IPA,Bebidas,1,15.0
1403,2026-07-03 14:12:46,Cerveja IPA,Bebidas,2,30.0
1404,2026-09-04 18:53:46,Suco de Laranja,Bebidas,1,8.0
1405,2026-09-19 09:58:46,Cerveja IPA,Bebidas,1,15.0
1406,2026-07-02 01:43:46,Hambúrguer Artesanal,Lanches,1,30.0
1407,2026-06-28 02:29:46,Pizza Margherita,Jantar,3,135.0
1408,2026-07-19 07:28:46,Cerveja IPA,Bebidas,2,30.0
1409,2026-06-26 06:35:46,Prato Executivo Frango,Almoço,1,25.0
1410,2026-08-16 19:26:46,Cerveja IPA,Bebidas,1,15.0
1411,2026-07-08 02:03:46,Suco de Laranja,Bebidas,1,8.0
1412,2026-09-01 11:35:46,Prato Executivo Frango,Almoço,1,25.0
1413,2026-09-07 12:38:46,Suco de Laranja,Bebidas,1,8.0
1414,2026-07-05 00:26:46,Cerveja IPA,Bebidas,1,15.0
1415,2026-08-09 16:59:46,Prato Executivo Frango,Almoço,1,25.0
1416,2026-08-06 06:44:46,Cerveja IPA,Bebidas,3,45.0
1417,2026-07-21 04:46:46,Hambúrguer Artesanal,Lanches,1,30.0
1418,2026-07-26 08:16:46,Pizza Margherita,Jantar,2,90.0
1419,2026-08-25 20:04:46,Hambúrguer Artesanal,Lanches,1,30.0
1420,2026-09-13 09:01:46,Cerveja IPA,Bebidas,1,15.0
1421,2026-07-20 10:34:46,Suco de Laranja,Bebidas,2,16.0
1422,2026-08-20 08:57:46,Cerveja IPA,Bebidas,1,15.0
1423,2026-07-03 13:10:46,Feijoada,Almoço,1,35.0
1424,2026-08-06 20:04:46,Cerveja IPA,Bebidas,1,15.0
1425,2026-08-20 00:21:46,Hambúrguer Artesanal,Lanches,1,30.0
1426,2026-08-28 11:20:46,Prato Executivo Frango,Almoço,1,25.0
1427,2026-08-24 04:38:46,Pizza Margherita,Jantar,2,90.0
1428,2026-08-17 02:26:46,Hambúrguer Artesanal,Lanches,1,30.0
1429,2026-07-02 02:41:46,Hambúrguer Artesanal,Lanches,2,60.0
1430,2026-08-19 12:08:46,Feijoada,Almoço,2,70.0
1431,2026-08-24 06:48:46,Hambúrguer Artesanal,Lanches,1,30.0
1432,2026-07-19 04:48:46,Suco de Laranja,Bebidas,1,8.0
1433,2026-09-02 23:11:46,Suco de Laranja,Bebidas,1,8.0
1434,2026-07-29 03:21:46,Suco de Laranja,Bebidas,2,16.0
1435,2026-07-27 05:23:46,Feijoada,Almoço,1,35.0
1436,2026-09-22 08:10:46,Feijoada,Almoço,2,70.0
1437,2026-09-08 04:14:46,Suco de Laranja,Bebidas,2,16.0
1438,2026-07-05 06:56:46,Prato Executivo Frango,Almoço,3,75.0
1439,2026-09-01 05:57:46,Cerveja IPA,Bebidas,2,30.0
1440,2026-08-10 11:09:46,Feijoada,Almoço,3,105.0
1441,2026-08-01 14:31:46,Suco de Laranja,Bebidas,1,8.0
1442,2026-07-25 01:06:46,Suco de Laranja,Bebidas,3,24.0
1443,2026-08-06 06:36:46,Cerveja IPA,Bebidas,1,15.0
1444,2026-07-21 19:30:46,Pizza Margherita,Jantar,1,45.0
1445,2026-07-21 17:24:46,Prato Executivo Frango,Almoço,1,25.0
1446,2026-07-10 05:49:46,Cerveja IPA,Bebidas,1,15.0
1447,2026-08-29 18:49:46,Pizza Margherita,Jantar,3,135.0
1448,2026-06-25 05:09:46,Feijoada,Almoço,1,35.0
1449,2026-08-04 10:50:46,Suco de Laranja,Bebidas,1,8.0
1450,2026-07-13 04:39:46,Feijoada,Almoço,2,70.0
1451,2026-09-01 04:48:46,Suco de Laranja,Bebidas,1,8.0
1452,2026-07-31 12:53:46,Prato Executivo Frango,Almoço,1,25.0
1453,2026-08-20 02:41:46,Cerveja IPA,Bebidas,3,45.0
1454,2026-09-12 07:23:46,Cerveja IPA,Bebidas,1,15.0
1455,2026-07-18 12:59:46,Feijoada,Almoço,1,35.0
1456,2026-07-29 15:24:46,Pizza Margherita,Jantar,1,45.0
1457,2026-07-09 09:14:46,Suco de Laranja,Bebidas,1,8.0
1458,2026-09-14 06:57:46,Cerveja IPA,Bebidas,3,45.0
1459,2026-08-19 10:43:46,Cerveja IPA,Bebidas,1,15.0
1460,2026-08-21 10:14:46,Pizza Margherita,Jantar,1,45.0
1461,2026-09-14 01:52:46,Feijoada,Almoço,1,35.0
1462,2026-09-18 05:36:46,Prato Executivo Frango,Almoço,3,75.0
1463,2026-07-25 09:14:46,Feijoada,Almoço,1,35.0
1464,2026-09-18 10:08:46,Suco de Laranja,Bebidas,1,8.0
1465,2026-06-30 20:31:46,Pizza Margherita,Jantar,1,45.0
1466,2026-09-09 14:57:46,Feijoada,Almoço,1,35.0
1467,2026-08-26 18:38:46,Cerveja IPA,Bebidas,1,15.0
1468,2026-08-03 09:14:46,Suco de Laranja,Bebidas,3,24.0
1469,2026-08-31 02:08:46,Pizza Margherita,Jantar,1,45.0
1470,2026-08-27 12:59:46,Suco de Laranja,Bebidas,1,8.0
1471,2026-09-06 12:02:46,Feijoada,Almoço,1,35.0
1472,2026-06-30 06:00:46,Suco de Laranja,Bebidas,1,8.0
1473,2026-07-25 23:18:46,Suco de Laranja,Bebidas,3,24.0
1474,2026-09-04 10:11:46,Hambúrguer Artesanal,Lanches,2,60.0
1475,2026-06-25 06:13:46,Feijoada,Almoço,1,35.0
1476,2026-07-18 18:53:46,Pizza Margherita,Jantar,1,45.0
1477,2026-08-13 19:33:46,Pizza Margherita,Jantar,3,135.0
1478,2026-09-15 23:50:46,Hambúrguer Artesanal,Lanches,1,30.0
1479,2026-09-14 10:48:46,Pizza Margherita,Jantar,2,90.0
1480,2026-09-03 18:25:46,Suco de Laranja,Bebidas,1,8.0
1481,2026-08-11 06:58:46,Suco de Laranja,Bebidas,2,16.0
1482,2026-07-30 03:31:46,Prato Executivo Frango,Almoço,2,50.0
1483,2026-09-04 19:54:46,Suco de Laranja,Bebidas,2,16.0
1484,2026-06-26 18:17:46,Suco de Laranja,Bebidas,1,8.0
1485,2026-08-07 20:19:46,Suco de Laranja,Bebidas,1,8.0
1486,2026-07-11 01:39:46,Hambúrguer Artesanal,Lanches,2,60.0
1487,2026-07-19 10:14:46,Pizza Margherita,Jantar,1,45.0
1488,2026-09-22 09:45:46,Hambúrguer Artesanal,Lanches,2,60.0
1489,2026-09-21 16:01:46,Hambúrguer Artesanal,Lanches,2,60.0
1490,2026-08-11 23:50:46,Hambúrguer Artesanal,Lanches,3,90.0
1491,2026-07-18 02:17:46,Hambúrguer Artesanal,Lanches,1,30.0
1492,2026-09-05 11:55:46,Prato Executivo Frango,Almoço,2,50.0
1493,2026-09-19 21:18:46,Cerveja IPA,Bebidas,1,15.0
1494,2026-07-05 06:08:46,Cerveja IPA,Bebidas,1,15.0
1495,2026-07-18 11:11:46,Cerveja IPA,Bebidas,1,15.0
1496,2026-07-17 08:31:46,Suco de Laranja,Bebidas,2,16.0
1497,2026-06-29 18:05:46,Hambúrguer Artesanal,Lanches,1,30.0
1498,2026-07-05 05:31:46,Pizza Margherita,Jantar,1,45.0
1499,2026-07-29 05:31:46,Prato Executivo Frango,Almoço,1,25.0
1500,2026-07-16 16:46:46,Cerveja IPA,Bebidas,3,45.0
1501,2026-07-05 01:36:46,Cerveja IPA,Bebidas,3,45.0
1502,2026-08-23 23:16:46,Pizza Margherita,Jantar,1,45.0
1503,2026-07-03 17:55:46,Prato Executivo Frango,Almoço,1,25.0
1504,2026-09-01 07:22:46,Hambúrguer Artesanal,Lanches,1,30.0
1505,2026-07-28 03:46:46,Prato Executivo Frango,Almoço,1,25.0
1506,2026-07-18 00:01:46,Feijoada,Almoço,3,105.0
1507,2026-08-23 00:59:46,Suco de Laranja,Bebidas,1,8.0
1508,2026-08-29 15:12:46,Suco de Laranja,Bebidas,1,8.0
1509,2026-09-12 08:07:46,Cerveja IPA,Bebidas,3,45.0
1510,2026-07-31 08:11:46,Suco de Laranja,Bebidas,2,16.0
1511,2026-09-03 18:13:46,Hambúrguer Artesanal,Lanches,1,30.0
1512,2026-07-16 12:20:46,Suco de Laranja,Bebidas,1,8.0
1513,2026-07-15 18:29:46,Cerveja IPA,Bebidas,1,15.0
1514,2026-09-06 00:17:46,Suco de Laranja,Bebidas,1,8.0
1515,2026-06-26 00:12:46,Feijoada,Almoço,1,35.0
1516,2026-07-16 21:59:46,Suco de Laranja,Bebidas,3,24.0
1517,2026-08-03 10:22:46,Feijoada,Almoço,1,35.0
1518,2026-08-23 08:45:46,Pizza Margherita,Jantar,1,45.0
1519,2026-07-27 23:25:46,Hambúrguer Artesanal,Lanches,2,60.0
1520,2026-08-14 14:03:46,Feijoada,Almoço,3,105.0
1521,2026-09-09 21:43:46,Suco de Laranja,Bebidas,1,8.0
1522,2026-06-29 14:01:46,Feijoada,Almoço,1,35.0
1523,2026-07-30 10:58:46,Suco de Laranja,Bebidas,1,8.0
1524,2026-07-04 01:43:46,Prato Executivo Frango,Almoço,1,25.0
1525,2026-09-08 01:42:46,Suco de Laranja,Bebidas,1,8.0
1526,2026-08-03 18:36:46,Suco de Laranja,Bebidas,1,8.0
1527,2026-07-24 06:16:46,Feijoada,Almoço,3,105.0
1528,2026-09-18 00:59:46,Cerveja IPA,Bebidas,2,30.0
1529,2026-09-08 00:15:46,Cerveja IPA,Bebidas,1,15.0
1530,2026-09-01 19:55:46,Hambúrguer Artesanal,Lanches,2,60.0
1531,2026-08-04 08:42:46,Cerveja IPA,Bebidas,2,30.0
1532,2026-07-21 10:28:46,Feijoada,Almoço,2,70.0
1533,2026-08-15 19:30:46,Pizza Margherita,Jantar,1,45.0
1534,2026-08-10 19:49:46,Suco de Laranja,Bebidas,2,16.0
1535,2026-08-11 11:29:46,Cerveja IPA,Bebidas,1,15.0
1536,2026-08-09 18:18:46,Suco de Laranja,Bebidas,2,16.0
1537,2026-07-23 23:53:46,Hambúrguer Artesanal,Lanches,1,30.0
1538,2026-07-11 12:10:46,Prato Executivo Frango,Almoço,2,50.0
1539,2026-08-18 14:20:46,Cerveja IPA,Bebidas,3,45.0
1540,2026-09-20 10:17:46,Cerveja IPA,Bebidas,3,45.0
1541,2026-09-07 00:18:46,Pizza Margherita,Jantar,2,90.0
1542,2026-07-07 04:52:46,Prato Executivo Frango,Almoço,1,25.0
1543,2026-08-09 20:35:46,Cerveja IPA,Bebidas,2,30.0
1544,2026-07-17 07:09:46,Cerveja IPA,Bebidas,1,15.0
1545,2026-08-15 02:00:46,Feijoada,Almoço,1,35.0
1546,2026-07-03 23:18:46,Suco de Laranja,Bebidas,2,16.0
1547,2026-09-22 13:44:46,Feijoada,Almoço,1,35.0
1548,2026-08-10 15:11:46,Suco de Laranja,Bebidas,1,8.0
1549,2026-09-03 23:55:46,Suco de Laranja,Bebidas,1,8.0
1550,2026-08-03 17:17:46,Hambúrguer Artesanal,Lanches,1,30.0
1551,2026-08-04 18:08:46,Suco de Laranja,Bebidas,2,16.0
1552,2026-08-19 17:44:46,Cerveja IPA,Bebidas,1,15.0
1553,2026-06-27 22:15:46,Cerveja IPA,Bebidas,1,15.0
1554,2026-08-01 00:24:46,Cerveja IPA,Bebidas,3,45.0
1555,2026-07-26 04:19:46,Cerveja IPA,Bebidas,2,30.0
1556,2026-09-10 21:41:46,Pizza Margherita,Jantar,1,45.0
1557,2026-09-21 19:19:46,Pizza Margherita,Jantar,1,45.0
1558,2026-07-19 14:59:46,Suco de Laranja,Bebidas,1,8.0
1559,2026-08-21 02:50:46,Suco de Laranja,Bebidas,1,8.0
1560,2026-09-13 11:55:46,Cerveja IPA,Bebidas,1,15.0
1561,2026-09-13 00:20:46,Prato Executivo Frango,Almoço,2,50.0
1562,2026-09-17 11:17:46,Cerveja IPA,Bebidas,2,30.0
1563,2026-08-20 09:12:46,Pizza Margherita,Jantar,1,45.0
1564,2026-09-14 13:55:46,Cerveja IPA,Bebidas,1,15.0
1565,2026-08-01 08:58:46,Prato Executivo Frango,Almoço,1,25.0
1566,2026-07-09 01:43:46,Cerveja IPA,Bebidas,1,15.0
1567,2026-09-02 18:17:46,Cerveja IPA,Bebidas,1,15.0
1568,2026-08-09 17:15:46,Cerveja IPA,Bebidas,1,15.0
1569,2026-09-13 07:13:46,Hambúrguer Artesanal,Lanches,1,30.0
1570,2026-08-10 09:00:46,Suco de Laranja,Bebidas,1,8.0
1571,2026-09-17 15:52:46,Prato Executivo Frango,Almoço,1,25.0
1572,2026-07-13 03:31:46,Cerveja IPA,Bebidas,1,15.0
1573,2026-07-05 02:44:46,Cerveja IPA,Bebidas,1,15.0
1574,2026-08-20 15:58:46,Suco de Laranja,Bebidas,1,8.0
1575,2026-07-25 22:06:46,Cerveja IPA,Bebidas,2,30.0
1576,2026-08-28 20:11:46,Cerveja IPA,Bebidas,1,15.0
1577,2026-08-24 14:33:46,Prato Executivo Frango,Almoço,1,25.0
1578,2026-08-24 14:51:46,Cerveja IPA,Bebidas,1,15.0
1579,2026-07-14 20:23:46,Hambúrguer Artesanal,Lanches,1,30.0
1580,2026-07-05 15:52:46,Suco de Laranja,Bebidas,1,8.0
1581,2026-06-28 16:48:46,Pizza Margherita,Jantar,1,45.0
1582,2026-09-17 20:14:46,Cerveja IPA,Bebidas,1,15.0
1583,2026-09-02 14:00:46,Cerveja IPA,Bebidas,3,45.0
1584,2026-07-16 02:16:46,Pizza Margherita,Jantar,1,45.0
1585,2026-08-20 20:52:46,Cerveja IPA,Bebidas,1,15.0
1586,2026-08-25 02:35:46,Prato Executivo Frango,Almoço,2,50.0
1587,2026-08-09 20:56:46,Suco de Laranja,Bebidas,1,8.0
1588,2026-07-07 11:08:46,Feijoada,Almoço,1,35.0
1589,2026-09-14 02:42:46,Prato Executivo Frango,Almoço,1,25.0
1590,2026-09-02 12:01:46,Suco de Laranja,Bebidas,1,8.0
1591,2026-09-05 13:18:46,Prato Executivo Frango,Almoço,1,25.0
1592,2026-09-02 12:25:46,Feijoada,Almoço,1,35.0
1593,2026-08-29 01:48:46,Hambúrguer Artesanal,Lanches,3,90.0
1594,2026-09-14 04:08:46,Prato Executivo Frango,Almoço,1,25.0
1595,2026-08-17 20:09:46,Hambúrguer Artesanal,Lanches,1,30.0
1596,2026-09-04 07:11:46,Cerveja IPA,Bebidas,1,15.0
1597,2026-08-01 14:22:46,Feijoada,Almoço,2,70.0
1598,2026-07-01 23:47:46,Hambúrguer Artesanal,Lanches,1,30.0
1599,2026-09-18 18:33:46,Hambúrguer Artesanal,Lanches,1,30.0
1600,2026-08-21 18:51:46,Pizza Margherita,Jantar,3,135.0
1601,2026-09-12 11:41:46,Feijoada,Almoço,2,70.0
1602,2026-09-15 10:12:46,Pizza Margherita,Jantar,1,45.0
1603,2026-07-02 01:50:46,Feijoada,Almoço,1,35.0
1604,2026-09-05 11:11:46,Cerveja IPA,Bebidas,3,45.0
1605,2026-08-05 22:56:46,Cerveja IPA,Bebidas,2,30.0
1606,2026-07-08 08:49:46,Cerveja IPA,Bebidas,1,15.0
1607,2026-08-19 05:50:46,Suco de Laranja,Bebidas,3,24.0
1608,2026-09-19 21:51:46,Hambúrguer Artesanal,Lanches,1,30.0
1609,2026-09-09 08:03:46,Prato Executivo Frango,Almoço,1,25.0
1610,2026-08-28 09:02:46,Cerveja IPA,Bebidas,1,15.0
1611,2026-08-15 00:26:46,Prato Executivo Frango,Almoço,1,25.0
1612,2026-07-12 06:08:46,Feijoada,Almoço,2,70.0
1613,2026-08-15 06:25:46,Feijoada,Almoço,1,35.0
1614,2026-06-28 17:44:46,Prato Executivo Frango,Almoço,1,25.0
1615,2026-09-05 11:36:46,Cerveja IPA,Bebidas,1,15.0
1616,2026-07-14 00:25:46,Pizza Margherita,Jantar,1,45.0
1617,2026-09-18 12:23:46,Prato Executivo Frango,Almoço,1,25.0
1618,2026-07-30 23:22:46,Hambúrguer Artesanal,Lanches,1,30.0
1619,2026-07-23 12:30:46,Feijoada,Almoço,1,35.0
1620,2026-07-18 02:17:46,Suco de Laranja,Bebidas,1,8.0
1621,2026-08-03 13:38:46,Suco de Laranja,Bebidas,1,8.0
1622,2026-08-17 13:12:46,Cerveja IPA,Bebidas,2,30.0
1623,2026-07-21 09:26:46,Prato Executivo Frango,Almoço,1,25.0
1624,2026-08-15 07:11:46,Cerveja IPA,Bebidas,1,15.0
1625,2026-07-15 21:27:46,Pizza Margherita,Jantar,2,90.0
1626,2026-07-28 13:12:46,Suco de Laranja,Bebidas,1,8.0
1627,2026-08-07 07:07:46,Feijoada,Almoço,2,70.0
1628,2026-06-25 06:18:46,Hambúrguer Artesanal,Lanches,1,30.0
1629,2026-09-16 05:42:46,Suco de Laranja,Bebidas,2,16.0
1630,2026-07-23 01:40:46,Pizza Margherita,Jantar,1,45.0
1631,2026-06-28 10:00:46,Cerveja IPA,Bebidas,1,15.0
1632,2026-07-19 14:36:46,Suco de Laranja,Bebidas,3,24.0
1633,2026-06-27 01:41:46,Cerveja IPA,Bebidas,1,15.0
1634,2026-07-08 11:00:46,Feijoada,Almoço,1,35.0
1635,2026-09-16 04:53:46,Hambúrguer Artesanal,Lanches,1,30.0
1636,2026-09-20 16:06:46,Suco de Laranja,Bebidas,3,24.0
1637,2026-09-16 17:40:46,Hambúrguer Artesanal,Lanches,1,30.0
1638,2026-07-12 08:07:46,Feijoada,Almoço,1,35.0
1639,2026-08-17 06:40:46,Pizza Margherita,Jantar,1,45.0
1640,2026-07-05 04:48:46,Feijoada,Almoço,1,35.0
1641,2026-09-19 22:26:46,Hambúrguer Artesanal,Lanches,1,30.0
1642,2026-09-19 03:47:46,Cerveja IPA,Bebidas,2,30.0
1643,2026-09-19 18:37:46,Pizza Margherita,Jantar,1,45.0
1644,2026-07-02 01:30:46,Hambúrguer Artesanal,Lanches,1,30.0
1645,2026-08-17 10:52:46,Pizza Margherita,Jantar,2,90.0
1646,2026-08-18 08:13:46,Cerveja IPA,Bebidas,1,15.0
1647,2026-09-07 08:29:46,Feijoada,Almoço,1,35.0
1648,2026-09-04 05:36:46,Feijoada,Almoço,1,35.0
1649,2026-08-13 21:53:46,Cerveja IPA,Bebidas,2,30.0
1650,2026-06-29 23:04:46,Cerveja IPA,Bebidas,3,45.0
1651,2026-07-05 17:22:46,Hambúrguer Artesanal,Lanches,3,90.0
1652,2026-06-27 01:10:46,Pizza Margherita,Jantar,1,45.0
1653,2026-06-27 20:40:46,Suco de Laranja,Bebidas,1,8.0
1654,2026-06-26 22:50:46,Cerveja IPA,Bebidas,2,30.0
1655,2026-06-24 20:20:46,Cerveja IPA,Bebidas,1,15.0
1656,2026-07-27 16:16:46,Suco de Laranja,Bebidas,1,8.0
1657,2026-08-05 10:13:46,Hambúrguer Artesanal,Lanches,1,30.0
1658,2026-06-26 05:46:46,Feijoada,Almoço,1,35.0
1659,2026-07-28 08:58:46,Feijoada,Almoço,1,35.0
1660,2026-08-13 13:06:46,Suco de Laranja,Bebidas,2,16.0
1661,2026-07-21 08:53:46,Feijoada,Almoço,1,35.0
1662,2026-08-08 10:58:46,Prato Executivo Frango,Almoço,1,25.0
1663,2026-07-29 02:45:46,Hambúrguer Artesanal,Lanches,1,30.0
1664,2026-09-16 15:15:46,Suco de Laranja,Bebidas,2,16.0
1665,2026-07-03 13:07:46,Cerveja IPA,Bebidas,2,30.0
1666,2026-08-02 04:14:46,Cerveja IPA,Bebidas,2,30.0
1667,2026-09-18 19:17:46,Suco de Laranja,Bebidas,1,8.0
1668,2026-08-03 16:44:46,Cerveja IPA,Bebidas,2,30.0
1669,2026-08-31 22:45:46,Suco de Laranja,Bebidas,1,8.0
1670,2026-08-05 02:48:46,Feijoada,Almoço,1,35.0
1671,2026-09-19 12:02:46,Feijoada,Almoço,1,35.0
1672,2026-07-28 21:49:46,Cerveja IPA,Bebidas,2,30.0
1673,2026-09-17 21:11:46,Suco de Laranja,Bebidas,2,16.0
1674,2026-08-07 20:28:46,Suco de Laranja,Bebidas,2,16.0
1675,2026-08-29 23:18:46,Cerveja IPA,Bebidas,1,15.0
1676,2026-09-02 16:53:46,Cerveja IPA,Bebidas,1,15.0
1677,2026-08-26 21:09:46,Pizza Margherita,Jantar,2,90.0
1678,2026-09-01 12:15:46,Feijoada,Almoço,2,70.0
1679,2026-09-01 03:36:46,Hambúrguer Artesanal,Lanches,1,30.0
1680,2026-09-16 14:37:46,Suco de Laranja,Bebidas,1,8.0
1681,2026-08-17 06:08:46,Cerveja IPA,Bebidas,1,15.0
1682,2026-08-02 08:28:46,Suco de Laranja,Bebidas,1,8.0
1683,2026-08-12 00:03:46,Pizza Margherita,Jantar,2,90.0
1684,2026-08-13 07:35:46,Cerveja IPA,Bebidas,1,15.0
1685,2026-07-28 07:08:46,Cerveja IPA,Bebidas,1,15.0
1686,2026-09-11 17:04:46,Pizza Margherita,Jantar,1,45.0
1687,2026-08-18 08:07:46,Prato Executivo Frango,Almoço,1,25.0
1688,2026-07-19 18:06:46,Cerveja IPA,Bebidas,1,15.0
1689,2026-08-08 08:52:46,Prato Executivo Frango,Almoço,1,25.0
1690,2026-08-03 02:27:46,Cerveja IPA,Bebidas,3,45.0
1691,2026-08-18 06:16:46,Pizza Margherita,Jantar,2,90.0
1692,2026-06-30 22:15:46,Cerveja IPA,Bebidas,2,30.0
1693,2026-08-30 19:01:46,Hambúrguer Artesanal,Lanches,1,30.0
1694,2026-09-15 15:25:46,Hambúrguer Artesanal,Lanches,1,30.0
1695,2026-08-24 09:58:46,Pizza Margherita,Jantar,1,45.0
1696,2026-08-23 17:03:46,Prato Executivo Frango,Almoço,2,50.0
1697,2026-07-21 23:11:46,Hambúrguer Artesanal,Lanches,1,30.0
1698,2026-09-12 09:33:46,Hambúrguer Artesanal,Lanches,1,30.0
1699,2026-08-20 10:50:46,Pizza Margherita,Jantar,2,90.0
1700,2026-09-22 11:11:46,Suco de Laranja,Bebidas,1,8.0
1701,2026-07-10 05:39:46,Hambúrguer Artesanal,Lanches,3,90.0
1702,2026-09-19 16:22:46,Hambúrguer Artesanal,Lanches,1,30.0
1703,2026-09-12 19:30:46,Suco de Laranja,Bebidas,3,24.0
1704,2026-08-24 06:26:46,Cerveja IPA,Bebidas,1,15.0
1705,2026-07-04 13:40:46,Feijoada,Almoço,1,35.0
1706,2026-08-09 13:57:46,Prato Executivo Frango,Almoço,1,25.0
1707,2026-06-30 18:33:46,Pizza Margherita,Jantar,1,45.0
1708,2026-09-01 18:03:46,Hambúrguer Artesanal,Lanches,1,30.0
1709,2026-08-03 01:09:46,Feijoada,Almoço,1,35.0
1710,2026-06-28 02:57:46,Prato Executivo Frango,Almoço,2,50.0
1711,2026-08-31 03:49:46,Pizza Margherita,Jantar,2,90.0
1712,2026-09-12 21:00:46,Pizza Margherita,Jantar,1,45.0
1713,2026-08-01 20:54:46,Suco de Laranja,Bebidas,2,16.0
1714,2026-07-22 08:46:46,Feijoada,Almoço,1,35.0
1715,2026-07-11 15:18:46,Feijoada,Almoço,1,35.0
1716,2026-09-18 21:55:46,Suco de Laranja,Bebidas,1,8.0
1717,2026-08-30 04:24:46,Hambúrguer Artesanal,Lanches,3,90.0
1718,2026-08-30 00:54:46,Pizza Margherita,Jantar,1,45.0
1719,2026-09-20 04:26:46,Suco de Laranja,Bebidas,2,16.0
1720,2026-09-18 05:38:46,Prato Executivo Frango,Almoço,1,25.0
1721,2026-08-31 22:12:46,Hambúrguer Artesanal,Lanches,1,30.0
1722,2026-06-27 07:31:46,Hambúrguer Artesanal,Lanches,1,30.0
1723,2026-09-17 21:22:46,Cerveja IPA,Bebidas,1,15.0
1724,2026-07-19 23:44:46,Pizza Margherita,Jantar,1,45.0
1725,2026-09-18 09:17:46,Feijoada,Almoço,3,105.0
1726,2026-08-29 21:00:46,Cerveja IPA,Bebidas,1,15.0
1727,2026-09-01 21:34:46,Hambúrguer Artesanal,Lanches,1,30.0
1728,2026-07-02 08:32:46,Pizza Margherita,Jantar,1,45.0
1729,2026-07-20 07:07:46,Prato Executivo Frango,Almoço,1,25.0
1730,2026-07-27 15:36:46,Suco de Laranja,Bebidas,1,8.0
1731,2026-08-31 14:33:46,Suco de Laranja,Bebidas,2,16.0
1732,2026-09-20 07:14:46,Pizza Margherita,Jantar,1,45.0
1733,2026-07-20 22:33:46,Cerveja IPA,Bebidas,1,15.0
1734,2026-09-14 06:08:46,Cerveja IPA,Bebidas,1,15.0
1735,2026-07-14 13:04:46,Prato Executivo Frango,Almoço,1,25.0
1736,2026-08-29 21:42:46,Cerveja IPA,Bebidas,1,15.0
1737,2026-07-26 13:10:46,Prato Executivo Frango,Almoço,2,50.0
1738,2026-09-10 06:24:46,Hambúrguer Artesanal,Lanches,2,60.0
1739,2026-09-22 18:56:46,Hambúrguer Artesanal,Lanches,1,30.0
1740,2026-07-26 09:17:46,Feijoada,Almoço,1,35.0
1741,2026-09-05 05:48:46,Feijoada,Almoço,3,105.0
1742,2026-08-08 23:55:46,Pizza Margherita,Jantar,3,135.0
1743,2026-08-27 15:13:46,Suco de Laranja,Bebidas,1,8.0
1744,2026-08-06 10:08:46,Prato Executivo Frango,Almoço,1,25.0
1745,2026-09-03 06:24:46,Cerveja IPA,Bebidas,1,15.0
1746,2026-08-13 05:24:46,Pizza Margherita,Jantar,1,45.0
1747,2026-08-11 08:24:46,Prato Executivo Frango,Almoço,1,25.0
1748,2026-09-07 15:03:46,Cerveja IPA,Bebidas,1,15.0
1749,2026-09-06 06:55:46,Suco de Laranja,Bebidas,1,8.0
1750,2026-06-27 15:18:46,Feijoada,Almoço,1,35.0
1751,2026-09-19 21:06:46,Cerveja IPA,Bebidas,1,15.0
1752,2026-07-15 20:48:46,Cerveja IPA,Bebidas,1,15.0
1753,2026-09-15 17:10:46,Cerveja IPA,Bebidas,1,15.0
1754,2026-08-16 07:50:46,Suco de Laranja,Bebidas,2,16.0
1755,2026-08-15 19:02:46,Cerveja IPA,Bebidas,1,15.0
1756,2026-08-21 07:02:46,Suco de Laranja,Bebidas,1,8.0
1757,2026-09-18 11:25:46,Prato Executivo Frango,Almoço,2,50.0
1758,2026-07-09 23:59:46,Cerveja IPA,Bebidas,1,15.0
1759,2026-08-11 19:22:46,Suco de Laranja,Bebidas,1,8.0
1760,2026-08-01 12:30:46,Feijoada,Almoço,1,35.0
1761,2026-07-09 04:45:46,Suco de Laranja,Bebidas,1,8.0
1762,2026-07-02 15:07:46,Feijoada,Almoço,1,35.0
1763,2026-07-07 10:59:46,Cerveja IPA,Bebidas,2,30.0
1764,2026-08-02 22:47:46,Suco de Laranja,Bebidas,1,8.0
1765,2026-08-14 02:04:46,Prato Executivo Frango,Almoço,1,25.0
1766,2026-07-04 06:18:46,Prato Executivo Frango,Almoço,1,25.0
1767,2026-08-07 03:22:46,Prato Executivo Frango,Almoço,1,25.0
1768,2026-07-23 20:22:46,Cerveja IPA,Bebidas,1,15.0
1769,2026-07-07 16:55:46,Pizza Margherita,Jantar,2,90.0
1770,2026-07-10 20:00:46,Hambúrguer Artesanal,Lanches,1,30.0
1771,2026-07-07 01:04:46,Pizza Margherita,Jantar,3,135.0
1772,2026-07-17 15:17:46,Suco de Laranja,Bebidas,2,16.0
1773,2026-09-14 15:48:46,Prato Executivo Frango,Almoço,1,25.0
1774,2026-07-27 21:29:46,Suco de Laranja,Bebidas,3,24.0
1775,2026-08-08 15:45:46,Pizza Margherita,Jantar,2,90.0
1776,2026-08-10 07:53:46,Feijoada,Almoço,1,35.0
1777,2026-08-19 22:30:46,Pizza Margherita,Jantar,1,45.0
1778,2026-08-09 16:51:46,Prato Executivo Frango,Almoço,2,50.0
1779,2026-08-05 07:59:46,Hambúrguer Artesanal,Lanches,1,30.0
1780,2026-07-29 18:45:46,Cerveja IPA,Bebidas,1,15.0
1781,2026-07-25 19:10:46,Cerveja IPA,Bebidas,1,15.0
1782,2026-07-05 12:06:46,Cerveja IPA,Bebidas,1,15.0
1783,2026-06-30 04:26:46,Suco de Laranja,Bebidas,1,8.0
1784,2026-08-29 09:48:46,Feijoada,Almoço,1,35.0
1785,2026-06-29 07:29:46,Feijoada,Almoço,1,35.0
1786,2026-08-15 20:32:46,Cerveja IPA,Bebidas,1,15.0
1787,2026-07-20 03:43:46,Pizza Margherita,Jantar,1,45.0
1788,2026-09-09 00:52:46,Feijoada,Almoço,1,35.0
1789,2026-07-03 11:08:46,Suco de Laranja,Bebidas,1,8.0
1790,2026-07-30 19:15:46,Pizza Margherita,Jantar,2,90.0
1791,2026-08-28 05:19:46,Suco de Laranja,Bebidas,1,8.0
1792,2026-06-25 11:05:46,Feijoada,Almoço,1,35.0
1793,2026-07-25 03:13:46,Hambúrguer Artesanal,Lanches,1,30.0
1794,2026-08-16 12:00:46,Suco de Laranja,Bebidas,3,24.0
1795,2026-09-19 06:53:46,Cerveja IPA,Bebidas,1,15.0
1796,2026-07-08 11:09:46,Prato Executivo Frango,Almoço,3,75.0
1797,2026-07-16 19:56:46,Hambúrguer Artesanal,Lanches,1,30.0
1798,2026-08-18 22:55:46,Suco de Laranja,Bebidas,1,8.0
1799,2026-07-06 18:42:46,Suco de Laranja,Bebidas,3,24.0
1800,2026-09-16 07:28:46,Pizza Margherita,Jantar,1,45.0
1801,2026-07-12 09:41:46,Suco de Laranja,Bebidas,2,16.0
1802,2026-06-24 22:51:46,Cerveja IPA,Bebidas,1,15.0
1803,2026-07-23 22:20:46,Pizza Margherita,Jantar,1,45.0
1804,2026-08-18 02:31:46,Pizza Margherita,Jantar,1,45.0
1805,2026-09-08 23:54:46,Cerveja IPA,Bebidas,1,15.0
1806,2026-07-25 01:43:46,Suco de Laranja,Bebidas,1,8.0
1807,2026-07-03 03:39:46,Feijoada,Almoço,1,35.0
1808,2026-09-09 06:52:46,Pizza Margherita,Jantar,1,45.0
1809,2026-08-05 18:54:46,Hambúrguer Artesanal,Lanches,1,30.0
1810,2026-08-02 20:21:46,Suco de Laranja,Bebidas,2,16.0
1811,2026-08-05 00:02:46,Suco de Laranja,Bebidas,1,8.0
1812,2026-08-22 14:07:46,Suco de Laranja,Bebidas,1,8.0
1813,2026-09-16 02:38:46,Cerveja IPA,Bebidas,1,15.0
1814,2026-09-20 07:57:46,Prato Executivo Frango,Almoço,1,25.0
1815,2026-07-02 05:49:46,Feijoada,Almoço,2,70.0
1816,2026-08-13 20:01:46,Cerveja IPA,Bebidas,1,15.0
1817,2026-08-03 07:46:46,Hambúrguer Artesanal,Lanches,1,30.0
1818,2026-08-31 20:44:46,Hambúrguer Artesanal,Lanches,2,60.0
1819,2026-09-09 18:03:46,Suco de Laranja,Bebidas,1,8.0
1820,2026-07-07 05:38:46,Cerveja IPA,Bebidas,3,45.0
1821,2026-08-17 16:54:46,Hambúrguer Artesanal,Lanches,1,30.0
1822,2026-08-14 20:10:46,Pizza Margherita,Jantar,1,45.0
1823,2026-09-21 21:14:46,Hambúrguer Artesanal,Lanches,1,30.0
1824,2026-08-19 13:53:46,Feijoada,Almoço,1,35.0
1825,2026-08-18 03:03:46,Cerveja IPA,Bebidas,1,15.0
1826,2026-09-07 00:56:46,Prato Executivo Frango,Almoço,1,25.0
1827,2026-07-06 16:20:46,Suco de Laranja,Bebidas,1,8.0
1828,2026-09-19 10:56:46,Suco de Laranja,Bebidas,1,8.0
1829,2026-08-02 19:57:46,Cerveja IPA,Bebidas,1,15.0
1830,2026-07-27 01:24:46,Hambúrguer Artesanal,Lanches,1,30.0
1831,2026-08-28 04:18:46,Hambúrguer Artesanal,Lanches,1,30.0
1832,2026-07-26 06:26:46,Hambúrguer Artesanal,Lanches,2,60.0
1833,2026-07-27 04:34:46,Prato Executivo Frango,Almoço,1,25.0
1834,2026-07-22 01:07:46,Prato Executivo Frango,Almoço,1,25.0
1835,2026-09-07 09:09:46,Prato Executivo Frango,Almoço,1,25.0
1836,2026-09-09 14:44:46,Prato Executivo Frango,Almoço,1,25.0
1837,2026-09-10 08:24:46,Prato Executivo Frango,Almoço,1,25.0
1838,2026-08-08 19:35:46,Cerveja IPA,Bebidas,1,15.0
1839,2026-07-10 19:13:46,Pizza Margherita,Jantar,2,90.0
1840,2026-07-26 17:32:46,Cerveja IPA,Bebidas,1,15.0
1841,2026-09-13 09:11:46,Prato Executivo Frango,Almoço,1,25.0
1842,2026-07-23 05:50:46,Feijoada,Almoço,2,70.0
1843,2026-09-02 15:27:46,Feijoada,Almoço,2,70.0
1844,2026-07-28 00:09:46,Hambúrguer Artesanal,Lanches,1,30.0
1845,2026-09-07 12:54:46,Prato Executivo Frango,Almoço,1,25.0
1846,2026-07-22 20:16:46,Suco de Laranja,Bebidas,3,24.0
1847,2026-07-29 09:53:46,Suco de Laranja,Bebidas,1,8.0
1848,2026-08-23 00:05:46,Hambúrguer Artesanal,Lanches,2,60.0
1849,2026-09-03 13:29:46,Prato Executivo Frango,Almoço,1,25.0
1850,2026-09-20 23:33:46,Suco de Laranja,Bebidas,1,8.0
1851,2026-07-22 20:02:46,Cerveja IPA,Bebidas,1,15.0
1852,2026-06-27 16:55:46,Suco de Laranja,Bebidas,2,16.0
1853,2026-09-17 22:11:46,Suco de Laranja,Bebidas,3,24.0
1854,2026-08-24 06:17:46,Hambúrguer Artesanal,Lanches,1,30.0
1855,2026-08-30 07:48:46,Cerveja IPA,Bebidas,1,15.0
1856,2026-07-20 20:58:46,Suco de Laranja,Bebidas,2,16.0
1857,2026-06-25 03:06:46,Hambúrguer Artesanal,Lanches,1,30.0
1858,2026-08-13 05:24:46,Feijoada,Almoço,3,105.0
1859,2026-09-08 17:51:46,Prato Executivo Frango,Almoço,1,25.0
1860,2026-07-15 08:18:46,Hambúrguer Artesanal,Lanches,1,30.0
1861,2026-09-01 17:32:46,Suco de Laranja,Bebidas,1,8.0
1862,2026-07-06 16:31:46,Feijoada,Almoço,2,70.0
1863,2026-07-10 15:02:46,Cerveja IPA,Bebidas,1,15.0
1864,2026-09-22 17:25:46,Hambúrguer Artesanal,Lanches,2,60.0
1865,2026-07-26 22:40:46,Pizza Margherita,Jantar,1,45.0
1866,2026-07-18 04:55:46,Prato Executivo Frango,Almoço,1,25.0
1867,2026-07-24 01:04:46,Pizza Margherita,Jantar,1,45.0
1868,2026-08-11 22:03:46,Suco de Laranja,Bebidas,2,16.0
1869,2026-07-12 18:14:46,Suco de Laranja,Bebidas,1,8.0
1870,2026-08-17 15:59:46,Prato Executivo Frango,Almoço,1,25.0
1871,2026-06-28 12:38:46,Cerveja IPA,Bebidas,1,15.0
1872,2026-08-19 09:44:46,Cerveja IPA,Bebidas,1,15.0
1873,2026-07-05 13:09:46,Cerveja IPA,Bebidas,1,15.0
1874,2026-07-09 10:39:46,Hambúrguer Artesanal,Lanches,1,30.0
1875,2026-09-22 14:05:46,Feijoada,Almoço,1,35.0
1876,2026-07-26 09:34:46,Cerveja IPA,Bebidas,2,30.0
1877,2026-09-15 08:52:46,Cerveja IPA,Bebidas,1,15.0
1878,2026-09-13 21:11:46,Pizza Margherita,Jantar,2,90.0
1879,2026-06-30 14:11:46,Suco de Laranja,Bebidas,2,16.0
1880,2026-07-15 17:49:46,Pizza Margherita,Jantar,1,45.0
1881,2026-09-20 05:21:46,Prato Executivo Frango,Almoço,2,50.0
1882,2026-08-25 01:50:46,Cerveja IPA,Bebidas,1,15.0
1883,2026-08-05 05:56:46,Cerveja IPA,Bebidas,3,45.0
1884,2026-09-12 16:50:46,Cerveja IPA,Bebidas,1,15.0
1885,2026-09-01 23:18:46,Cerveja IPA,Bebidas,1,15.0
1886,2026-07-19 22:19:46,Pizza Margherita,Jantar,1,45.0
1887,2026-07-23 03:35:46,Pizza Margherita,Jantar,1,45.0
1888,2026-08-09 05:45:46,Feijoada,Almoço,1,35.0
1889,2026-06-27 17:06:46,Pizza Margherita,Jantar,1,45.0
1890,2026-08-12 06:31:46,Cerveja IPA,Bebidas,2,30.0
1891,2026-08-03 16:43:46,Feijoada,Almoço,1,35.0
1892,2026-07-05 17:08:46,Pizza Margherita,Jantar,1,45.0
1893,2026-07-27 03:27:46,Prato Executivo Frango,Almoço,1,25.0
1894,2026-07-05 16:13:46,Suco de Laranja,Bebidas,1,8.0
1895,2026-06-29 17:19:46,Pizza Margherita,Jantar,1,45.0
1896,2026-08-06 09:26:46,Hambúrguer Artesanal,Lanches,1,30.0
1897,2026-06-25 22:22:46,Cerveja IPA,Bebidas,1,15.0
1898,2026-08-08 13:06:46,Suco de Laranja,Bebidas,1,8.0
1899,2026-07-24 10:03:46,Suco de Laranja,Bebidas,1,8.0
1900,2026-08-10 16:05:46,Hambúrguer Artesanal,Lanches,2,60.0
1901,2026-08-26 09:27:46,Feijoada,Almoço,2,70.0
1902,2026-08-31 04:48:46,Prato Executivo Frango,Almoço,1,25.0
1903,2026-09-13 14:12:46,Suco de Laranja,Bebidas,1,8.0
1904,2026-07-21 08:10:46,Prato Executivo Frango,Almoço,1,25.0
1905,2026-08-12 15:59:46,Cerveja IPA,Bebidas,1,15.0
1906,2026-07-13 01:04:46,Cerveja IPA,Bebidas,3,45.0
1907,2026-07-18 20:45:46,Hambúrguer Artesanal,Lanches,1,30.0
1908,2026-08-22 15:02:46,Feijoada,Almoço,1,35.0
1909,2026-08-25 09:25:46,Suco de Laranja,Bebidas,1,8.0
1910,2026-07-31 15:54:46,Feijoada,Almoço,1,35.0
1911,2026-09-18 18:05:46,Suco de Laranja,Bebidas,1,8.0
1912,2026-08-05 01:04:46,Cerveja IPA,Bebidas,1,15.0
1913,2026-07-14 14:46:46,Suco de Laranja,Bebidas,1,8.0
1914,2026-08-13 22:56:46,Pizza Margherita,Jantar,1,45.0
1915,2026-09-18 04:54:46,Cerveja IPA,Bebidas,1,15.0
1916,2026-09-05 14:44:46,Prato Executivo Frango,Almoço,2,50.0
1917,2026-08-19 03:33:46,Prato Executivo Frango,Almoço,1,25.0
1918,2026-07-17 01:55:46,Hambúrguer Artesanal,Lanches,1,30.0
1919,2026-06-30 00:35:46,Suco de Laranja,Bebidas,1,8.0
1920,2026-09-19 20:17:46,Pizza Margherita,Jantar,1,45.0
1921,2026-08-11 05:05:46,Feijoada,Almoço,1,35.0
1922,2026-07-09 12:57:46,Cerveja IPA,Bebidas,2,30.0
1923,2026-08-03 16:04:46,Feijoada,Almoço,1,35.0
1924,2026-07-08 17:38:46,Prato Executivo Frango,Almoço,1,25.0
1925,2026-09-04 00:02:46,Suco de Laranja,Bebidas,1,8.0
1926,2026-07-18 17:54:46,Prato Executivo Frango,Almoço,1,25.0
1927,2026-07-28 10:39:46,Cerveja IPA,Bebidas,1,15.0
1928,2026-09-01 20:55:46,Cerveja IPA,Bebidas,1,15.0
1929,2026-07-02 00:08:46,Feijoada,Almoço,1,35.0
1930,2026-08-07 01:35:46,Suco de Laranja,Bebidas,1,8.0
1931,2026-08-09 11:49:46,Prato Executivo Frango,Almoço,3,75.0
1932,2026-08-07 19:36:46,Cerveja IPA,Bebidas,2,30.0
1933,2026-07-24 13:06:46,Feijoada,Almoço,2,70.0
1934,2026-07-10 07:21:46,Suco de Laranja,Bebidas,2,16.0
1935,2026-07-28 09:05:46,Pizza Margherita,Jantar,1,45.0
1936,2026-09-01 06:21:46,Feijoada,Almoço,1,35.0
1937,2026-09-20 02:39:46,Hambúrguer Artesanal,Lanches,1,30.0
1938,2026-08-13 17:31:46,Pizza Margherita,Jantar,1,45.0
1939,2026-07-30 19:07:46,Hambúrguer Artesanal,Lanches,2,60.0
1940,2026-07-08 20:18:46,Pizza Margherita,Jantar,1,45.0
1941,2026-08-29 07:44:46,Hambúrguer Artesanal,Lanches,1,30.0
1942,2026-07-22 13:45:46,Feijoada,Almoço,3,105.0
1943,2026-08-08 08:02:46,Pizza Margherita,Jantar,1,45.0
1944,2026-07-20 09:13:46,Hambúrguer Artesanal,Lanches,1,30.0
1945,2026-08-27 08:01:46,Cerveja IPA,Bebidas,1,15.0
1946,2026-07-02 10:55:46,Hambúrguer Artesanal,Lanches,1,30.0
1947,2026-07-30 19:16:46,Pizza Margherita,Jantar,2,90.0
1948,2026-09-07 18:19:46,Suco de Laranja,Bebidas,1,8.0
1949,2026-07-25 04:37:46,Pizza Margherita,Jantar,1,45.0
1950,2026-08-05 18:16:46,Suco de Laranja,Bebidas,1,8.0
1951,2026-07-03 11:59:46,Cerveja IPA,Bebidas,3,45.0
1952,2026-08-07 00:16:46,Pizza Margherita,Jantar,1,45.0
1953,2026-07-16 09:34:46,Suco de Laranja,Bebidas,1,8.0
1954,2026-09-08 12:51:46,Cerveja IPA,Bebidas,1,15.0
1955,2026-07-04 23:00:46,Hambúrguer Artesanal,Lanches,1,30.0
1956,2026-07-06 15:54:46,Cerveja IPA,Bebidas,1,15.0
1957,2026-08-01 22:20:46,Suco de Laranja,Bebidas,1,8.0
1958,2026-07-10 14:16:46,Prato Executivo Frango,Almoço,1,25.0
1959,2026-08-01 19:54:46,Pizza Margherita,Jantar,1,45.0
1960,2026-07-21 10:46:46,Cerveja IPA,Bebidas,1,15.0
1961,2026-08-11 06:14:46,Pizza Margherita,Jantar,1,45.0
1962,2026-06-27 12:39:46,Feijoada,Almoço,2,70.0
1963,2026-09-18 10:31:46,Pizza Margherita,Jantar,1,45.0
1964,2026-07-17 17:37:46,Suco de Laranja,Bebidas,1,8.0
1965,2026-09-14 12:36:46,Suco de Laranja,Bebidas,1,8.0
1966,2026-08-03 05:38:46,Prato Executivo Frango,Almoço,1,25.0
1967,2026-08-26 13:54:46,Feijoada,Almoço,3,105.0
1968,2026-08-27 19:50:46,Pizza Margherita,Jantar,1,45.0
1969,2026-06-29 12:42:46,Prato Executivo Frango,Almoço,1,25.0
1970,2026-09-08 05:57:46,Pizza Margherita,Jantar,1,45.0
1971,2026-08-15 19:05:46,Cerveja IPA,Bebidas,1,15.0
1972,2026-09-14 06:38:46,Suco de Laranja,Bebidas,1,8.0
1973,2026-08-09 21:11:46,Cerveja IPA,Bebidas,1,15.0
1974,2026-08-09 14:22:46,Prato Executivo Frango,Almoço,1,25.0
1975,2026-07-07 07:20:46,Feijoada,Almoço,1,35.0
1976,2026-07-30 09:01:46,Hambúrguer Artesanal,Lanches,1,30.0
1977,2026-07-17 13:22:46,Suco de Laranja,Bebidas,1,8.0
1978,2026-07-03 08:34:46,Suco de Laranja,Bebidas,1,8.0
1979,2026-07-03 15:17:46,Feijoada,Almoço,2,70.0
1980,2026-08-21 15:43:46,Prato Executivo Frango,Almoço,1,25.0
1981,2026-08-22 14:28:46,Cerveja IPA,Bebidas,1,15.0
1982,2026-09-16 07:45:46,Pizza Margherita,Jantar,2,90.0
1983,2026-08-20 20:10:46,Pizza Margherita,Jantar,1,45.0
1984,2026-06-25 01:34:46,Cerveja IPA,Bebidas,2,30.0
1985,2026-07-03 11:13:46,Feijoada,Almoço,1,35.0
1986,2026-07-03 11:19:46,Suco de Laranja,Bebidas,2,16.0
1987,2026-09-05 12:55:46,Cerveja IPA,Bebidas,1,15.0
1988,2026-08-08 21:34:46,Cerveja IPA,Bebidas,2,30.0
1989,2026-08-23 03:16:46,Cerveja IPA,Bebidas,3,45.0
1990,2026-08-05 17:27:46,Cerveja IPA,Bebidas,1,15.0
1991,2026-07-10 19:06:46,Suco de Laranja,Bebidas,3,24.0
1992,2026-08-14 04:17:46,Feijoada,Almoço,2,70.0
1993,2026-07-03 16:36:46,Pizza Margherita,Jantar,2,90.0
1994,2026-08-30 16:09:46,Prato Executivo Frango,Almoço,1,25.0
1995,2026-08-18 13:59:46,Prato Executivo Frango,Almoço,1,25.0
1996,2026-07-19 23:00:46,Pizza Margherita,Jantar,1,45.0
1997,2026-07-12 15:21:46,Hambúrguer Artesanal,Lanches,2,60.0
1998,2026-07-15 06:47:46,Cerveja IPA,Bebidas,3,45.0
1999,2026-07-23 09:45:46,Pizza Margherita,Jantar,1,45.0
2000,2026-07-16 15:23:46,Prato Executivo Frango,Almoço,1,25.0
2001,2026-07-10 15:50:46,Feijoada,Almoço,1,35.0
2002,2026-07-30 02:25:46,Prato Executivo Frango,Almoço,1,25.0
2003,2026-09-18 23:24:46,Cerveja IPA,Bebidas,1,15.0
2004,2026-07-28 13:00:46,Cerveja IPA,Bebidas,1,15.0
2005,2026-09-13 05:19:46,Suco de Laranja,Bebidas,1,8.0
2006,2026-08-01 08:18:46,Hambúrguer Artesanal,Lanches,1,30.0
2007,2026-07-08 17:55:46,Hambúrguer Artesanal,Lanches,1,30.0
2008,2026-09-02 04:06:46,Feijoada,Almoço,1,35.0
2009,2026-07-11 10:05:46,Hambúrguer Artesanal,Lanches,1,30.0
2010,2026-08-01 03:36:46,Feijoada,Almoço,1,35.0
2011,2026-09-05 17:24:46,Suco de Laranja,Bebidas,3,24.0
2012,2026-09-10 12:57:46,Cerveja IPA,Bebidas,1,15.0
2013,2026-07-02 21:13:46,Cerveja IPA,Bebidas,2,30.0
2014,2026-07-13 08:37:46,Suco de Laranja,Bebidas,2,16.0
2015,2026-07-10 22:55:46,Hambúrguer Artesanal,Lanches,1,30.0
2016,2026-09-21 12:04:46,Cerveja IPA,Bebidas,1,15.0
2017,2026-08-31 13:12:46,Prato Executivo Frango,Almoço,1,25.0
2018,2026-07-05 05:40:46,Prato Executivo Frango,Almoço,1,25.0
2019,2026-08-29 02:17:46,Prato Executivo Frango,Almoço,3,75.0
2020,2026-08-19 21:45:46,Pizza Margherita,Jantar,1,45.0
2021,2026-09-11 12:27:46,Prato Executivo Frango,Almoço,1,25.0
2022,2026-08-11 09:26:46,Pizza Margherita,Jantar,1,45.0
2023,2026-08-03 18:09:46,Hambúrguer Artesanal,Lanches,1,30.0
2024,2026-06-29 14:44:46,Prato Executivo Frango,Almoço,3,75.0
2025,2026-09-20 17:41:46,Prato Executivo Frango,Almoço,1,25.0
2026,2026-07-27 06:01:46,Feijoada,Almoço,3,105.0
2027,2026-09-21 11:59:46,Prato Executivo Frango,Almoço,1,25.0
2028,2026-07-23 23:42:46,Suco de Laranja,Bebidas,3,24.0
2029,2026-08-02 05:03:46,Prato Executivo Frango,Almoço,2,50.0
2030,2026-08-15 15:00:46,Cerveja IPA,Bebidas,1,15.0
2031,2026-08-02 20:28:46,Cerveja IPA,Bebidas,2,30.0
2032,2026-07-18 21:37:46,Suco de Laranja,Bebidas,1,8.0
2033,2026-07-18 10:10:46,Prato Executivo Frango,Almoço,1,25.0
2034,2026-08-24 12:07:46,Suco de Laranja,Bebidas,1,8.0
2035,2026-07-31 06:35:46,Prato Executivo Frango,Almoço,1,25.0
2036,2026-07-23 15:43:46,Feijoada,Almoço,1,35.0
2037,2026-07-16 05:21:46,Cerveja IPA,Bebidas,1,15.0
2038,2026-07-02 03:28:46,Feijoada,Almoço,1,35.0
2039,2026-09-19 13:29:46,Prato Executivo Frango,Almoço,3,75.0
2040,2026-08-26 15:25:46,Pizza Margherita,Jantar,1,45.0
2041,2026-07-09 06:10:46,Pizza Margherita,Jantar,1,45.0
2042,2026-08-25 20:46:46,Cerveja IPA,Bebidas,1,15.0
2043,2026-09-05 14:57:46,Cerveja IPA,Bebidas,2,30.0
2044,2026-07-16 03:03:46,Feijoada,Almoço,1,35.0
2045,2026-08-15 01:57:46,Feijoada,Almoço,1,35.0
2046,2026-07-05 13:54:46,Suco de Laranja,Bebidas,1,8.0
2047,2026-08-09 09:12:46,Cerveja IPA,Bebidas,1,15.0
2048,2026-07-18 16:29:46,Pizza Margherita,Jantar,2,90.0
2049,2026-08-10 16:38:46,Cerveja IPA,Bebidas,2,30.0
2050,2026-07-21 03:48:46,Cerveja IPA,Bebidas,1,15.0
2051,2026-08-23 19:37:46,Pizza Margherita,Jantar,1,45.0
2052,2026-07-20 22:26:46,Pizza Margherita,Jantar,1,45.0
2053,2026-08-16 12:56:46,Cerveja IPA,Bebidas,1,15.0
2054,2026-08-18 11:53:46,Cerveja IPA,Bebidas,2,30.0
2055,2026-07-06 14:27:46,Prato Executivo Frango,Almoço,1,25.0
2056,2026-09-22 12:05:46,Prato Executivo Frango,Almoço,2,50.0
2057,2026-07-30 10:10:46,Hambúrguer Artesanal,Lanches,1,30.0
2058,2026-08-09 07:49:46,Hambúrguer Artesanal,Lanches,1,30.0
2059,2026-07-11 02:25:46,Pizza Margherita,Jantar,1,45.0
2060,2026-08-22 03:07:46,Suco de Laranja,Bebidas,1,8.0
2061,2026-07-09 18:23:46,Cerveja IPA,Bebidas,1,15.0
2062,2026-09-19 09:22:46,Feijoada,Almoço,1,35.0
2063,2026-08-04 18:05:46,Pizza Margherita,Jantar,2,90.0
2064,2026-07-06 02:55:46,Hambúrguer Artesanal,Lanches,1,30.0
2065,2026-08-21 04:31:46,Cerveja IPA,Bebidas,3,45.0
2066,2026-07-24 11:51:46,Suco de Laranja,Bebidas,2,16.0
2067,2026-08-02 01:38:46,Pizza Margherita,Jantar,2,90.0
2068,2026-09-05 17:24:46,Pizza Margherita,Jantar,1,45.0
2069,2026-08-31 02:41:46,Prato Executivo Frango,Almoço,1,25.0
2070,2026-08-26 18:13:46,Pizza Margherita,Jantar,1,45.0
2071,2026-08-16 23:01:46,Suco de Laranja,Bebidas,1,8.0
2072,2026-09-12 19:08:46,Suco de Laranja,Bebidas,1,8.0
2073,2026-09-02 06:57:46,Feijoada,Almoço,3,105.0
2074,2026-09-10 06:23:46,Pizza Margherita,Jantar,1,45.0
2075,2026-07-07 20:13:46,Hambúrguer Artesanal,Lanches,2,60.0
2076,2026-09-02 18:48:46,Suco de Laranja,Bebidas,1,8.0
2077,2026-07-14 01:02:46,Prato Executivo Frango,Almoço,2,50.0
2078,2026-08-20 14:08:46,Prato Executivo Frango,Almoço,3,75.0
2079,2026-06-28 04:58:46,Prato Executivo Frango,Almoço,1,25.0
2080,2026-07-14 21:44:46,Suco de Laranja,Bebidas,1,8.0
2081,2026-09-10 08:35:46,Pizza Margherita,Jantar,1,45.0
2082,2026-07-15 03:24:46,Feijoada,Almoço,1,35.0
2083,2026-06-30 03:26:46,Cerveja IPA,Bebidas,1,15.0
2084,2026-08-29 14:12:46,Cerveja IPA,Bebidas,1,15.0
2085,2026-07-03 11:44:46,Cerveja IPA,Bebidas,1,15.0
2086,2026-07-14 05:08:46,Feijoada,Almoço,1,35.0
2087,2026-07-30 08:01:46,Feijoada,Almoço,2,70.0
2088,2026-09-16 04:13:46,Prato Executivo Frango,Almoço,2,50.0
2089,2026-09-04 07:56:46,Suco de Laranja,Bebidas,2,16.0
2090,2026-07-07 02:50:46,Hambúrguer Artesanal,Lanches,1,30.0
2091,2026-08-02 19:12:46,Suco de Laranja,Bebidas,3,24.0
2092,2026-07-30 20:43:46,Cerveja IPA,Bebidas,2,30.0
2093,2026-09-12 20:36:46,Suco de Laranja,Bebidas,1,8.0
2094,2026-07-08 17:22:46,Suco de Laranja,Bebidas,1,8.0
2095,2026-08-26 20:45:46,Cerveja IPA,Bebidas,1,15.0
2096,2026-07-21 18:41:46,Cerveja IPA,Bebidas,1,15.0
2097,2026-07-15 00:09:46,Cerveja IPA,Bebidas,1,15.0
2098,2026-08-17 08:44:46,Pizza Margherita,Jantar,2,90.0
2099,2026-08-24 11:48:46,Cerveja IPA,Bebidas,1,15.0
2100,2026-07-24 23:52:46,Hambúrguer Artesanal,Lanches,3,90.0
2101,2026-08-08 16:21:46,Hambúrguer Artesanal,Lanches,3,90.0
2102,2026-08-13 03:52:46,Cerveja IPA,Bebidas,2,30.0
2103,2026-09-11 18:37:46,Suco de Laranja,Bebidas,1,8.0
2104,2026-07-02 17:12:46,Cerveja IPA,Bebidas,2,30.0
2105,2026-08-14 05:42:46,Pizza Margherita,Jantar,1,45.0
2106,2026-07-12 13:52:46,Feijoada,Almoço,2,70.0
2107,2026-08-28 05:31:46,Hambúrguer Artesanal,Lanches,1,30.0
2108,2026-08-20 23:04:46,Cerveja IPA,Bebidas,1,15.0
2109,2026-09-14 11:13:46,Cerveja IPA,Bebidas,2,30.0
2110,2026-09-02 18:36:46,Hambúrguer Artesanal,Lanches,1,30.0
2111,2026-06-27 01:18:46,Feijoada,Almoço,2,70.0
2112,2026-09-21 22:02:46,Hambúrguer Artesanal,Lanches,1,30.0
2113,2026-07-22 20:02:46,Cerveja IPA,Bebidas,1,15.0
2114,2026-07-02 08:36:46,Pizza Margherita,Jantar,1,45.0
2115,2026-08-10 17:46:46,Hambúrguer Artesanal,Lanches,1,30.0
2116,2026-09-14 08:21:46,Prato Executivo Frango,Almoço,1,25.0
2117,2026-07-12 06:12:46,Cerveja IPA,Bebidas,1,15.0
2118,2026-08-19 09:43:46,Cerveja IPA,Bebidas,2,30.0
2119,2026-08-15 13:31:46,Suco de Laranja,Bebidas,3,24.0
2120,2026-08-15 14:54:46,Feijoada,Almoço,1,35.0
2121,2026-07-24 07:04:46,Pizza Margherita,Jantar,1,45.0
2122,2026-08-12 03:28:46,Suco de Laranja,Bebidas,1,8.0
2123,2026-08-01 20:02:46,Suco de Laranja,Bebidas,1,8.0
2124,2026-07-04 05:50:46,Pizza Margherita,Jantar,1,45.0
2125,2026-09-08 23:42:46,Cerveja IPA,Bebidas,1,15.0
2126,2026-09-21 14:37:46,Suco de Laranja,Bebidas,2,16.0
2127,2026-09-21 12:04:46,Prato Executivo Frango,Almoço,1,25.0
2128,2026-07-12 10:12:46,Cerveja IPA,Bebidas,2,30.0
2129,2026-08-22 18:54:46,Cerveja IPA,Bebidas,1,15.0
2130,2026-07-11 18:21:46,Cerveja IPA,Bebidas,1,15.0
2131,2026-08-03 12:00:46,Prato Executivo Frango,Almoço,2,50.0
2132,2026-09-15 06:53:46,Hambúrguer Artesanal,Lanches,1,30.0
2133,2026-07-30 22:37:46,Pizza Margherita,Jantar,1,45.0
2134,2026-09-22 11:20:46,Prato Executivo Frango,Almoço,2,50.0
2135,2026-09-12 16:28:46,Hambúrguer Artesanal,Lanches,1,30.0
2136,2026-07-27 14:13:46,Prato Executivo Frango,Almoço,2,50.0
2137,2026-09-18 01:13:46,Hambúrguer Artesanal,Lanches,2,60.0
2138,2026-08-21 00:57:46,Feijoada,Almoço,1,35.0
2139,2026-07-02 18:45:46,Suco de Laranja,Bebidas,1,8.0
2140,2026-07-22 22:15:46,Hambúrguer Artesanal,Lanches,1,30.0
2141,2026-07-22 16:43:46,Pizza Margherita,Jantar,1,45.0
2142,2026-08-31 16:21:46,Feijoada,Almoço,1,35.0
2143,2026-07-05 15:15:46,Hambúrguer Artesanal,Lanches,1,30.0
2144,2026-09-05 17:32:46,Pizza Margherita,Jantar,1,45.0
2145,2026-08-20 02:15:46,Cerveja IPA,Bebidas,1,15.0
2146,2026-09-05 12:42:46,Feijoada,Almoço,2,70.0
2147,2026-06-26 02:20:46,Hambúrguer Artesanal,Lanches,1,30.0
2148,2026-07-21 10:20:46,Prato Executivo Frango,Almoço,1,25.0
2149,2026-06-30 06:39:46,Cerveja IPA,Bebidas,1,15.0
2150,2026-08-25 17:01:46,Feijoada,Almoço,2,70.0
2151,2026-07-05 06:19:46,Feijoada,Almoço,1,35.0
2152,2026-07-19 02:22:46,Suco de Laranja,Bebidas,1,8.0
2153,2026-07-02 00:29:46,Suco de Laranja,Bebidas,1,8.0
2154,2026-09-18 17:11:46,Feijoada,Almoço,1,35.0
2155,2026-09-14 11:24:46,Suco de Laranja,Bebidas,1,8.0
2156,2026-09-18 09:09:46,Cerveja IPA,Bebidas,1,15.0
2157,2026-09-17 05:46:46,Prato Executivo Frango,Almoço,2,50.0
2158,2026-07-30 20:22:46,Hambúrguer Artesanal,Lanches,2,60.0
2159,2026-07-01 11:51:46,Cerveja IPA,Bebidas,1,15.0
2160,2026-07-26 02:10:46,Pizza Margherita,Jantar,1,45.0
2161,2026-08-03 00:38:46,Pizza Margherita,Jantar,1,45.0
2162,2026-07-10 08:10:46,Suco de Laranja,Bebidas,2,16.0
2163,2026-09-13 10:28:46,Prato Executivo Frango,Almoço,1,25.0
2164,2026-08-04 17:07:46,Pizza Margherita,Jantar,2,90.0
2165,2026-07-19 09:26:46,Feijoada,Almoço,1,35.0
2166,2026-08-29 08:23:46,Feijoada,Almoço,2,70.0
2167,2026-08-11 16:57:46,Hambúrguer Artesanal,Lanches,2,60.0
2168,2026-08-21 16:11:46,Prato Executivo Frango,Almoço,1,25.0
2169,2026-07-10 15:06:46,Hambúrguer Artesanal,Lanches,1,30.0
2170,2026-08-26 09:21:46,Suco de Laranja,Bebidas,2,16.0
2171,2026-07-21 11:16:46,Suco de Laranja,Bebidas,1,8.0
2172,2026-08-13 19:02:46,Cerveja IPA,Bebidas,1,15.0
2173,2026-07-08 02:47:46,Prato Executivo Frango,Almoço,1,25.0
2174,2026-07-17 05:15:46,Hambúrguer Artesanal,Lanches,1,30.0
2175,2026-08-18 14:27:46,Cerveja IPA,Bebidas,1,15.0
2176,2026-07-31 16:25:46,Cerveja IPA,Bebidas,1,15.0
2177,2026-09-08 01:09:46,Prato Executivo Frango,Almoço,1,25.0
2178,2026-08-06 02:26:46,Feijoada,Almoço,1,35.0
2179,2026-09-14 01:25:46,Pizza Margherita,Jantar,1,45.0
2180,2026-09-15 14:30:46,Cerveja IPA,Bebidas,1,15.0
2181,2026-09-19 15:17:46,Pizza Margherita,Jantar,1,45.0
2182,2026-09-07 08:04:46,Prato Executivo Frango,Almoço,1,25.0
2183,2026-08-10 20:26:46,Suco de Laranja,Bebidas,2,16.0
2184,2026-08-04 04:16:46,Prato Executivo Frango,Almoço,2,50.0
2185,2026-08-05 04:14:46,Feijoada,Almoço,1,35.0
2186,2026-08-26 04:25:46,Feijoada,Almoço,1,35.0
2187,2026-07-01 01:59:46,Prato Executivo Frango,Almoço,2,50.0
2188,2026-07-24 15:35:46,Feijoada,Almoço,1,35.0
2189,2026-08-01 20:51:46,Hambúrguer Artesanal,Lanches,1,30.0
2190,2026-09-12 08:49:46,Pizza Margherita,Jantar,3,135.0
2191,2026-07-27 02:10:46,Cerveja IPA,Bebidas,1,15.0
2192,2026-09-22 16:36:46,Pizza Margherita,Jantar,1,45.0
2193,2026-08-13 17:18:46,Feijoada,Almoço,1,35.0
2194,2026-08-21 05:01:46,Cerveja IPA,Bebidas,1,15.0
2195,2026-09-02 11:42:46,Feijoada,Almoço,2,70.0
2196,2026-09-15 19:44:46,Pizza Margherita,Jantar,2,90.0
2197,2026-06-30 22:18:46,Hambúrguer Artesanal,Lanches,3,90.0
2198,2026-08-12 22:09:46,Pizza Margherita,Jantar,2,90.0
2199,2026-06-30 13:14:46,Suco de Laranja,Bebidas,1,8.0
2200,2026-07-25 03:02:46,Pizza Margherita,Jantar,2,90.0
2201,2026-08-12 15:30:46,Hambúrguer Artesanal,Lanches,1,30.0
2202,2026-07-19 21:59:46,Pizza Margherita,Jantar,1,45.0
2203,2026-09-16 14:40:46,Prato Executivo Frango,Almoço,3,75.0
2204,2026-07-16 13:58:46,Suco de Laranja,Bebidas,2,16.0
2205,2026-08-28 05:44:46,Suco de Laranja,Bebidas,1,8.0
2206,2026-09-13 10:49:46,Cerveja IPA,Bebidas,1,15.0
2207,2026-08-27 06:26:46,Prato Executivo Frango,Almoço,1,25.0
2208,2026-09-01 18:48:46,Cerveja IPA,Bebidas,1,15.0
2209,2026-08-28 20:23:46,Pizza Margherita,Jantar,1,45.0
2210,2026-08-08 03:31:46,Feijoada,Almoço,1,35.0
2211,2026-09-21 17:10:46,Feijoada,Almoço,1,35.0
2212,2026-07-31 21:13:46,Suco de Laranja,Bebidas,1,8.0
2213,2026-08-18 11:18:46,Feijoada,Almoço,2,70.0
2214,2026-08-09 10:06:46,Cerveja IPA,Bebidas,1,15.0
2215,2026-08-19 19:24:46,Hambúrguer Artesanal,Lanches,1,30.0
2216,2026-08-17 10:22:46,Hambúrguer Artesanal,Lanches,2,60.0
2217,2026-07-27 20:24:46,Hambúrguer Artesanal,Lanches,2,60.0
2218,2026-08-09 23:26:46,Pizza Margherita,Jantar,1,45.0
2219,2026-08-11 19:04:46,Suco de Laranja,Bebidas,1,8.0
2220,2026-07-28 22:52:46,Suco de Laranja,Bebidas,1,8.0
2221,2026-07-11 20:35:46,Cerveja IPA,Bebidas,1,15.0
2222,2026-07-05 14:27:46,Suco de Laranja,Bebidas,1,8.0
2223,2026-07-11 20:52:46,Suco de Laranja,Bebidas,1,8.0
2224,2026-08-11 08:11:46,Feijoada,Almoço,1,35.0
2225,2026-07-12 03:02:46,Prato Executivo Frango,Almoço,1,25.0
2226,2026-09-20 18:50:46,Hambúrguer Artesanal,Lanches,1,30.0
2227,2026-07-19 04:25:46,Pizza Margherita,Jantar,1,45.0
2228,2026-09-20 06:51:46,Cerveja IPA,Bebidas,1,15.0
2229,2026-07-11 05:01:46,Prato Executivo Frango,Almoço,1,25.0
2230,2026-07-07 05:35:46,Hambúrguer Artesanal,Lanches,1,30.0
2231,2026-07-21 04:00:46,Prato Executivo Frango,Almoço,1,25.0
2232,2026-08-18 08:40:46,Suco de Laranja,Bebidas,1,8.0
2233,2026-07-21 13:45:46,Feijoada,Almoço,1,35.0
2234,2026-08-15 17:03:46,Prato Executivo Frango,Almoço,1,25.0
2235,2026-07-21 15:50:46,Suco de Laranja,Bebidas,1,8.0
2236,2026-08-29 09:52:46,Prato Executivo Frango,Almoço,2,50.0
2237,2026-06-28 22:01:46,Suco de Laranja,Bebidas,3,24.0
2238,2026-08-25 20:57:46,Hambúrguer Artesanal,Lanches,1,30.0
2239,2026-09-15 16:41:46,Suco de Laranja,Bebidas,1,8.0
2240,2026-08-11 21:37:46,Cerveja IPA,Bebidas,1,15.0
2241,2026-07-21 21:39:46,Cerveja IPA,Bebidas,1,15.0
2242,2026-08-27 13:40:46,Prato Executivo Frango,Almoço,2,50.0
2243,2026-08-31 01:07:46,Feijoada,Almoço,1,35.0
2244,2026-08-25 19:45:46,Pizza Margherita,Jantar,1,45.0
2245,2026-08-02 20:24:46,Suco de Laranja,Bebidas,1,8.0
2246,2026-07-03 21:28:46,Hambúrguer Artesanal,Lanches,1,30.0
2247,2026-07-20 13:29:46,Suco de Laranja,Bebidas,1,8.0
2248,2026-06-28 19:45:46,Suco de Laranja,Bebidas,2,16.0
2249,2026-09-12 04:02:46,Feijoada,Almoço,1,35.0
2250,2026-07-09 03:07:46,Feijoada,Almoço,1,35.0
2251,2026-07-06 22:19:46,Pizza Margherita,Jantar,2,90.0
2252,2026-09-14 22:10:46,Hambúrguer Artesanal,Lanches,1,30.0
2253,2026-06-30 07:10:46,Pizza Margherita,Jantar,1,45.0
2254,2026-06-29 19:48:46,Hambúrguer Artesanal,Lanches,1,30.0
2255,2026-09-06 14:32:46,Cerveja IPA,Bebidas,1,15.0
2256,2026-07-15 20:19:46,Suco de Laranja,Bebidas,1,8.0
2257,2026-09-08 09:47:46,Hambúrguer Artesanal,Lanches,1,30.0
2258,2026-09-02 23:57:46,Suco de Laranja,Bebidas,1,8.0
2259,2026-08-31 00:04:46,Suco de Laranja,Bebidas,1,8.0
2260,2026-07-21 13:35:46,Feijoada,Almoço,1,35.0
2261,2026-08-02 14:39:46,Feijoada,Almoço,1,35.0
2262,2026-08-31 20:51:46,Pizza Margherita,Jantar,1,45.0
2263,2026-08-26 12:14:46,Cerveja IPA,Bebidas,1,15.0
2264,2026-07-12 09:46:46,Feijoada,Almoço,1,35.0
2265,2026-07-31 04:31:46,Pizza Margherita,Jantar,3,135.0
2266,2026-09-20 04:50:46,Suco de Laranja,Bebidas,1,8.0
2267,2026-07-09 12:26:46,Cerveja IPA,Bebidas,1,15.0
2268,2026-09-18 10:03:46,Pizza Margherita,Jantar,1,45.0
2269,2026-07-15 03:10:46,Hambúrguer Artesanal,Lanches,1,30.0
2270,2026-08-10 16:03:46,Pizza Margherita,Jantar,1,45.0
2271,2026-08-29 07:30:46,Hambúrguer Artesanal,Lanches,1,30.0
2272,2026-09-09 15:20:46,Suco de Laranja,Bebidas,1,8.0
2273,2026-07-27 11:59:46,Feijoada,Almoço,1,35.0
2274,2026-07-08 09:26:46,Feijoada,Almoço,3,105.0
2275,2026-09-18 07:30:46,Pizza Margherita,Jantar,1,45.0
2276,2026-08-27 19:24:46,Pizza Margherita,Jantar,3,135.0
2277,2026-07-31 21:32:46,Pizza Margherita,Jantar,1,45.0
2278,2026-07-21 09:35:46,Cerveja IPA,Bebidas,3,45.0
2279,2026-09-08 07:12:46,Pizza Margherita,Jantar,1,45.0
2280,2026-08-31 17:16:46,Cerveja IPA,Bebidas,2,30.0
2281,2026-08-05 03:29:46,Prato Executivo Frango,Almoço,1,25.0
2282,2026-08-15 22:30:46,Hambúrguer Artesanal,Lanches,1,30.0
2283,2026-07-27 08:32:46,Prato Executivo Frango,Almoço,2,50.0
2284,2026-09-20 14:25:46,Prato Executivo Frango,Almoço,1,25.0
2285,2026-07-28 15:54:46,Prato Executivo Frango,Almoço,1,25.0
2286,2026-08-16 08:36:46,Feijoada,Almoço,1,35.0
2287,2026-08-06 22:56:46,Suco de Laranja,Bebidas,1,8.0
2288,2026-07-07 11:45:46,Suco de Laranja,Bebidas,1,8.0
2289,2026-08-01 01:18:46,Pizza Margherita,Jantar,3,135.0
2290,2026-08-15 02:21:46,Hambúrguer Artesanal,Lanches,1,30.0
2291,2026-08-07 23:28:46,Cerveja IPA,Bebidas,1,15.0
2292,2026-08-03 15:38:46,Hambúrguer Artesanal,Lanches,1,30.0
2293,2026-08-22 00:49:46,Hambúrguer Artesanal,Lanches,1,30.0
2294,2026-07-03 02:19:46,Prato Executivo Frango,Almoço,1,25.0
2295,2026-08-07 07:11:46,Feijoada,Almoço,1,35.0
2296,2026-07-25 18:24:46,Suco de Laranja,Bebidas,1,8.0
2297,2026-09-22 15:31:46,Hambúrguer Artesanal,Lanches,1,30.0
2298,2026-08-22 13:00:46,Cerveja IPA,Bebidas,1,15.0
2299,2026-09-18 23:35:46,Cerveja IPA,Bebidas,3,45.0
2300,2026-08-17 09:22:46,Pizza Margherita,Jantar,2,90.0
2301,2026-07-27 18:14:46,Hambúrguer Artesanal,Lanches,1,30.0
2302,2026-09-04 14:10:46,Prato Executivo Frango,Almoço,2,50.0
2303,2026-07-11 05:52:46,Hambúrguer Artesanal,Lanches,2,60.0
2304,2026-08-09 02:58:46,Cerveja IPA,Bebidas,1,15.0
2305,2026-07-03 01:33:46,Feijoada,Almoço,2,70.0
2306,2026-08-21 22:45:46,Pizza Margherita,Jantar,1,45.0
2307,2026-08-14 21:54:46,Suco de Laranja,Bebidas,1,8.0
2308,2026-07-26 11:03:46,Feijoada,Almoço,1,35.0
2309,2026-07-09 12:18:46,Feijoada,Almoço,1,35.0
2310,2026-07-20 05:25:46,Cerveja IPA,Bebidas,2,30.0
2311,2026-07-28 20:30:46,Pizza Margherita,Jantar,1,45.0
2312,2026-09-07 05:13:46,Cerveja IPA,Bebidas,1,15.0
2313,2026-09-03 01:47:46,Prato Executivo Frango,Almoço,1,25.0
2314,2026-08-19 19:20:46,Pizza Margherita,Jantar,1,45.0
2315,2026-08-29 12:33:46,Cerveja IPA,Bebidas,1,15.0
2316,2026-08-13 13:12:46,Prato Executivo Frango,Almoço,1,25.0
2317,2026-08-12 19:46:46,Hambúrguer Artesanal,Lanches,2,60.0
2318,2026-08-09 21:17:46,Pizza Margherita,Jantar,2,90.0
2319,2026-07-16 09:54:46,Pizza Margherita,Jantar,1,45.0
2320,2026-07-13 23:38:46,Hambúrguer Artesanal,Lanches,1,30.0
2321,2026-08-26 06:16:46,Cerveja IPA,Bebidas,1,15.0
2322,2026-08-30 07:53:46,Feijoada,Almoço,2,70.0
2323,2026-07-15 01:32:46,Suco de Laranja,Bebidas,1,8.0
2324,2026-07-17 10:02:46,Pizza Margherita,Jantar,1,45.0
2325,2026-08-07 23:19:46,Pizza Margherita,Jantar,1,45.0
2326,2026-07-12 07:28:46,Cerveja IPA,Bebidas,1,15.0
2327,2026-08-29 13:14:46,Cerveja IPA,Bebidas,1,15.0
2328,2026-07-06 06:00:46,Cerveja IPA,Bebidas,1,15.0
2329,2026-09-14 05:53:46,Feijoada,Almoço,3,105.0
2330,2026-07-14 00:50:46,Hambúrguer Artesanal,Lanches,1,30.0
2331,2026-07-12 03:07:46,Pizza Margherita,Jantar,3,135.0
2332,2026-07-03 23:14:46,Cerveja IPA,Bebidas,1,15.0
2333,2026-09-03 13:15:46,Feijoada,Almoço,1,35.0
2334,2026-08-13 01:46:46,Suco de Laranja,Bebidas,1,8.0
2335,2026-06-26 17:23:46,Hambúrguer Artesanal,Lanches,1,30.0
2336,2026-09-11 07:08:46,Pizza Margherita,Jantar,1,45.0
2337,2026-07-26 03:34:46,Hambúrguer Artesanal,Lanches,1,30.0
2338,2026-08-02 19:40:46,Cerveja IPA,Bebidas,1,15.0
2339,2026-09-05 08:05:46,Hambúrguer Artesanal,Lanches,2,60.0
2340,2026-08-24 07:14:46,Hambúrguer Artesanal,Lanches,1,30.0
2341,2026-07-16 09:07:46,Pizza Margherita,Jantar,1,45.0
2342,2026-08-10 06:49:46,Pizza Margherita,Jantar,1,45.0
2343,2026-09-21 11:05:46,Suco de Laranja,Bebidas,2,16.0
2344,2026-09-11 06:20:46,Cerveja IPA,Bebidas,1,15.0
2345,2026-07-30 14:29:46,Feijoada,Almoço,2,70.0
2346,2026-08-16 07:03:46,Hambúrguer Artesanal,Lanches,2,60.0
2347,2026-08-14 11:06:46,Feijoada,Almoço,2,70.0
2348,2026-09-11 16:02:46,Hambúrguer Artesanal,Lanches,1,30.0
2349,2026-08-23 20:51:46,Pizza Margherita,Jantar,1,45.0
2350,2026-07-06 03:10:46,Cerveja IPA,Bebidas,1,15.0
2351,2026-08-15 20:02:46,Hambúrguer Artesanal,Lanches,1,30.0
2352,2026-09-09 20:36:46,Suco de Laranja,Bebidas,1,8.0
2353,2026-08-07 09:31:46,Suco de Laranja,Bebidas,1,8.0
2354,2026-08-21 12:12:46,Cerveja IPA,Bebidas,1,15.0
2355,2026-06-30 07:22:46,Prato Executivo Frango,Almoço,2,50.0
2356,2026-07-20 22:11:46,Cerveja IPA,Bebidas,1,15.0
2357,2026-09-04 02:44:46,Feijoada,Almoço,2,70.0
2358,2026-07-03 17:26:46,Prato Executivo Frango,Almoço,1,25.0
2359,2026-08-19 22:42:46,Cerveja IPA,Bebidas,1,15.0
2360,2026-07-10 04:49:46,Pizza Margherita,Jantar,3,135.0
2361,2026-08-27 05:45:46,Hambúrguer Artesanal,Lanches,1,30.0
2362,2026-07-15 14:02:46,Feijoada,Almoço,1,35.0
2363,2026-08-04 03:51:46,Pizza Margherita,Jantar,2,90.0
2364,2026-07-11 16:04:46,Hambúrguer Artesanal,Lanches,1,30.0
2365,2026-07-17 10:41:46,Pizza Margherita,Jantar,2,90.0
2366,2026-09-16 01:20:46,Feijoada,Almoço,1,35.0
2367,2026-08-12 14:09:46,Feijoada,Almoço,1,35.0
2368,2026-08-22 00:25:46,Suco de Laranja,Bebidas,2,16.0
2369,2026-07-25 02:14:46,Pizza Margherita,Jantar,2,90.0
2370,2026-06-25 22:43:46,Hambúrguer Artesanal,Lanches,1,30.0
2371,2026-08-09 05:08:46,Feijoada,Almoço,3,105.0
2372,2026-07-26 18:15:46,Cerveja IPA,Bebidas,1,15.0
2373,2026-08-13 22:15:46,Hambúrguer Artesanal,Lanches,2,60.0
2374,2026-08-23 10:53:46,Hambúrguer Artesanal,Lanches,1,30.0
2375,2026-08-01 22:23:46,Suco de Laranja,Bebidas,3,24.0
2376,2026-09-10 17:28:46,Feijoada,Almoço,2,70.0
2377,2026-07-23 14:00:46,Cerveja IPA,Bebidas,1,15.0
2378,2026-08-30 08:23:46,Suco de Laranja,Bebidas,2,16.0
2379,2026-08-25 13:26:46,Feijoada,Almoço,2,70.0
2380,2026-08-30 06:26:46,Cerveja IPA,Bebidas,1,15.0
2381,2026-07-06 08:32:46,Pizza Margherita,Jantar,2,90.0
2382,2026-09-08 06:35:46,Suco de Laranja,Bebidas,1,8.0
2383,2026-09-08 18:41:46,Suco de Laranja,Bebidas,3,24.0
2384,2026-06-29 21:00:46,Pizza Margherita,Jantar,1,45.0
2385,2026-08-24 01:46:46,Suco de Laranja,Bebidas,2,16.0
2386,2026-07-09 03:44:46,Suco de Laranja,Bebidas,1,8.0
2387,2026-09-14 00:50:46,Feijoada,Almoço,1,35.0
2388,2026-07-24 08:38:46,Suco de Laranja,Bebidas,1,8.0
2389,2026-07-25 13:37:46,Suco de Laranja,Bebidas,1,8.0
2390,2026-08-12 05:55:46,Pizza Margherita,Jantar,1,45.0
2391,2026-07-07 04:58:46,Hambúrguer Artesanal,Lanches,2,60.0
2392,2026-09-17 11:14:46,Feijoada,Almoço,1,35.0
2393,2026-08-01 10:30:46,Pizza Margherita,Jantar,1,45.0
2394,2026-08-05 20:22:46,Cerveja IPA,Bebidas,1,15.0
2395,2026-08-04 23:21:46,Cerveja IPA,Bebidas,1,15.0
2396,2026-08-22 10:51:46,Suco de Laranja,Bebidas,1,8.0
2397,2026-07-01 20:43:46,Suco de Laranja,Bebidas,1,8.0
2398,2026-08-01 20:15:46,Pizza Margherita,Jantar,1,45.0
2399,2026-08-08 00:14:46,Feijoada,Almoço,1,35.0
2400,2026-07-01 03:08:46,Cerveja IPA,Bebidas,1,15.0
2401,2026-08-28 04:21:46,Pizza Margherita,Jantar,2,90.0
2402,2026-08-12 15:29:46,Hambúrguer Artesanal,Lanches,1,30.0
2403,2026-08-25 02:03:46,Hambúrguer Artesanal,Lanches,1,30.0
2404,2026-08-14 00:24:46,Suco de Laranja,Bebidas,1,8.0
2405,2026-08-28 17:07:46,Hambúrguer Artesanal,Lanches,2,60.0
2406,2026-07-07 19:18:46,Cerveja IPA,Bebidas,1,15.0
2407,2026-08-16 00:10:46,Suco de Laranja,Bebidas,1,8.0
2408,2026-07-05 07:48:46,Feijoada,Almoço,1,35.0
2409,2026-08-23 05:14:46,Cerveja IPA,Bebidas,2,30.0
2410,2026-07-29 21:43:46,Cerveja IPA,Bebidas,1,15.0
2411,2026-07-25 07:33:46,Cerveja IPA,Bebidas,1,15.0
2412,2026-07-15 15:40:46,Hambúrguer Artesanal,Lanches,2,60.0
2413,2026-09-20 16:01:46,Feijoada,Almoço,1,35.0
2414,2026-08-12 16:15:46,Hambúrguer Artesanal,Lanches,1,30.0
2415,2026-07-03 16:59:46,Hambúrguer Artesanal,Lanches,1,30.0
2416,2026-09-13 14:49:46,Prato Executivo Frango,Almoço,1,25.0
2417,2026-08-02 15:44:46,Pizza Margherita,Jantar,1,45.0
2418,2026-07-10 08:54:46,Feijoada,Almoço,2,70.0
2419,2026-08-02 03:53:46,Hambúrguer Artesanal,Lanches,2,60.0
2420,2026-07-27 08:44:46,Suco de Laranja,Bebidas,1,8.0
2421,2026-08-11 14:13:46,Feijoada,Almoço,1,35.0
2422,2026-09-03 20:21:46,Hambúrguer Artesanal,Lanches,1,30.0
2423,2026-08-29 07:13:46,Cerveja IPA,Bebidas,1,15.0
2424,2026-09-13 05:23:46,Feijoada,Almoço,1,35.0
2425,2026-07-21 05:45:46,Cerveja IPA,Bebidas,1,15.0
2426,2026-08-21 06:01:46,Cerveja IPA,Bebidas,2,30.0
2427,2026-09-22 08:55:46,Feijoada,Almoço,1,35.0
2428,2026-07-31 23:29:46,Hambúrguer Artesanal,Lanches,1,30.0
2429,2026-08-23 12:38:46,Cerveja IPA,Bebidas,1,15.0
2430,2026-08-22 00:42:46,Hambúrguer Artesanal,Lanches,2,60.0
2431,2026-08-20 21:07:46,Pizza Margherita,Jantar,1,45.0
2432,2026-06-30 09:18:46,Cerveja IPA,Bebidas,2,30.0
2433,2026-08-05 07:14:46,Feijoada,Almoço,1,35.0
2434,2026-08-13 01:00:46,Prato Executivo Frango,Almoço,2,50.0
2435,2026-07-21 13:03:46,Suco de Laranja,Bebidas,1,8.0
2436,2026-09-21 03:04:46,Feijoada,Almoço,2,70.0
2437,2026-09-09 18:14:46,Suco de Laranja,Bebidas,1,8.0
2438,2026-09-05 14:44:46,Feijoada,Almoço,1,35.0
2439,2026-09-03 12:30:46,Feijoada,Almoço,1,35.0
2440,2026-08-31 09:36:46,Suco de Laranja,Bebidas,1,8.0
2441,2026-08-24 17:09:46,Pizza Margherita,Jantar,1,45.0
2442,2026-06-25 06:07:46,Suco de Laranja,Bebidas,1,8.0
2443,2026-07-31 10:49:46,Suco de Laranja,Bebidas,1,8.0
2444,2026-08-30 01:34:46,Cerveja IPA,Bebidas,1,15.0
2445,2026-06-26 20:00:46,Hambúrguer Artesanal,Lanches,1,30.0
2446,2026-07-18 22:14:46,Hambúrguer Artesanal,Lanches,1,30.0
2447,2026-08-21 19:50:46,Hambúrguer Artesanal,Lanches,1,30.0
2448,2026-08-30 18:25:46,Hambúrguer Artesanal,Lanches,1,30.0
2449,2026-09-16 19:31:46,Hambúrguer Artesanal,Lanches,3,90.0
2450,2026-07-24 20:41:46,Pizza Margherita,Jantar,2,90.0
2451,2026-08-11 16:00:46,Prato Executivo Frango,Almoço,2,50.0
2452,2026-08-23 18:43:46,Pizza Margherita,Jantar,1,45.0
2453,2026-09-19 17:03:46,Pizza Margherita,Jantar,1,45.0
2454,2026-08-24 05:54:46,Cerveja IPA,Bebidas,2,30.0
2455,2026-07-17 17:48:46,Pizza Margherita,Jantar,1,45.0
2456,2026-08-28 03:18:46,Hambúrguer Artesanal,Lanches,2,60.0
2457,2026-08-01 07:13:46,Cerveja IPA,Bebidas,1,15.0
2458,2026-06-26 13:07:46,Feijoada,Almoço,1,35.0
2459,2026-07-29 01:20:46,Prato Executivo Frango,Almoço,1,25.0
2460,2026-08-31 05:40:46,Pizza Margherita,Jantar,2,90.0
2461,2026-09-16 13:15:46,Suco de Laranja,Bebidas,1,8.0
2462,2026-08-14 09:47:46,Prato Executivo Frango,Almoço,1,25.0
2463,2026-07-05 02:20:46,Cerveja IPA,Bebidas,1,15.0
2464,2026-07-31 00:59:46,Pizza Margherita,Jantar,3,135.0
2465,2026-06-26 02:46:46,Feijoada,Almoço,1,35.0
2466,2026-07-03 23:41:46,Pizza Margherita,Jantar,2,90.0
2467,2026-07-20 16:07:46,Feijoada,Almoço,1,35.0
2468,2026-09-01 19:31:46,Suco de Laranja,Bebidas,1,8.0
2469,2026-07-13 08:44:46,Feijoada,Almoço,3,105.0
2470,2026-07-01 12:55:46,Prato Executivo Frango,Almoço,2,50.0
2471,2026-07-23 08:34:46,Feijoada,Almoço,1,35.0
2472,2026-07-20 16:17:46,Pizza Margherita,Jantar,1,45.0
2473,2026-08-16 16:02:46,Prato Executivo Frango,Almoço,1,25.0
2474,2026-08-29 09:39:46,Cerveja IPA,Bebidas,1,15.0
2475,2026-08-10 18:18:46,Pizza Margherita,Jantar,1,45.0
2476,2026-08-19 02:04:46,Pizza Margherita,Jantar,2,90.0
2477,2026-07-31 22:57:46,Pizza Margherita,Jantar,1,45.0
2478,2026-08-03 02:47:46,Feijoada,Almoço,1,35.0
2479,2026-09-13 02:51:46,Suco de Laranja,Bebidas,1,8.0
2480,2026-07-03 08:58:46,Suco de Laranja,Bebidas,2,16.0
2481,2026-08-01 07:10:46,Pizza Margherita,Jantar,1,45.0
2482,2026-09-12 16:39:46,Hambúrguer Artesanal,Lanches,1,30.0
2483,2026-08-15 11:46:46,Feijoada,Almoço,1,35.0
2484,2026-07-03 20:45:46,Suco de Laranja,Bebidas,1,8.0
2485,2026-07-09 18:17:46,Hambúrguer Artesanal,Lanches,1,30.0
2486,2026-09-01 01:26:46,Hambúrguer Artesanal,Lanches,1,30.0
2487,2026-06-26 08:18:46,Pizza Margherita,Jantar,2,90.0
2488,2026-09-16 01:18:46,Cerveja IPA,Bebidas,1,15.0
2489,2026-08-30 13:30:46,Cerveja IPA,Bebidas,1,15.0
2490,2026-09-22 02:02:46,Feijoada,Almoço,3,105.0
2491,2026-08-22 15:23:46,Hambúrguer Artesanal,Lanches,1,30.0
2492,2026-08-07 23:02:46,Pizza Margherita,Jantar,3,135.0
2493,2026-08-05 14:22:46,Prato Executivo Frango,Almoço,1,25.0
2494,2026-08-04 09:36:46,Pizza Margherita,Jantar,1,45.0
2495,2026-06-28 03:32:46,Hambúrguer Artesanal,Lanches,1,30.0
2496,2026-08-11 02:33:46,Pizza Margherita,Jantar,3,135.0
2497,2026-07-20 02:54:46,Cerveja IPA,Bebidas,1,15.0
2498,2026-07-29 07:14:46,Pizza Margherita,Jantar,1,45.0
2499,2026-09-03 22:55:46,Cerveja IPA,Bebidas,1,15.0
2500,2026-07-25 02:51:46,Prato Executivo Frango,Almoço,2,50.0
2501,2026-08-11 04:39:46,Feijoada,Almoço,2,70.0
2502,2026-06-25 05:01:46,Cerveja IPA,Bebidas,2,30.0
2503,2026-09-10 16:52:46,Pizza Margherita,Jantar,1,45.0
2504,2026-07-15 18:18:46,Cerveja IPA,Bebidas,1,15.0
2505,2026-09-05 04:13:46,Prato Executivo Frango,Almoço,2,50.0
2506,2026-09-21 08:34:46,Cerveja IPA,Bebidas,2,30.0
2507,2026-07-30 08:12:46,Hambúrguer Artesanal,Lanches,1,30.0
2508,2026-07-22 05:48:46,Cerveja IPA,Bebidas,1,15.0
2509,2026-07-11 17:38:46,Pizza Margherita,Jantar,1,45.0
2510,2026-08-04 04:41:46,Prato Executivo Frango,Almoço,1,25.0
2511,2026-08-17 04:20:46,Hambúrguer Artesanal,Lanches,1,30.0
2512,2026-08-17 12:01:46,Suco de Laranja,Bebidas,1,8.0
2513,2026-07-22 13:30:46,Cerveja IPA,Bebidas,1,15.0
2514,2026-09-02 23:54:46,Pizza Margherita,Jantar,3,135.0
2515,2026-08-14 06:51:46,Suco de Laranja,Bebidas,3,24.0
2516,2026-07-04 19:05:46,Hambúrguer Artesanal,Lanches,1,30.0
2517,2026-08-09 15:52:46,Feijoada,Almoço,1,35.0
2518,2026-08-23 20:51:46,Suco de Laranja,Bebidas,1,8.0
2519,2026-08-16 02:35:46,Suco de Laranja,Bebidas,1,8.0
2520,2026-08-06 02:53:46,Pizza Margherita,Jantar,2,90.0
2521,2026-08-14 02:41:46,Prato Executivo Frango,Almoço,1,25.0
2522,2026-07-26 16:26:46,Pizza Margherita,Jantar,1,45.0
2523,2026-07-09 06:05:46,Hambúrguer Artesanal,Lanches,1,30.0
2524,2026-09-12 22:17:46,Suco de Laranja,Bebidas,2,16.0
2525,2026-07-12 16:02:46,Feijoada,Almoço,1,35.0
2526,2026-07-29 11:08:46,Prato Executivo Frango,Almoço,1,25.0
2527,2026-07-14 14:22:46,Suco de Laranja,Bebidas,1,8.0
2528,2026-08-09 12:57:46,Cerveja IPA,Bebidas,1,15.0
2529,2026-09-19 06:55:46,Hambúrguer Artesanal,Lanches,1,30.0
2530,2026-07-27 10:12:46,Pizza Margherita,Jantar,1,45.0
2531,2026-08-04 06:50:46,Prato Executivo Frango,Almoço,1,25.0
2532,2026-07-30 23:39:46,Hambúrguer Artesanal,Lanches,1,30.0
2533,2026-06-25 13:17:46,Feijoada,Almoço,1,35.0
2534,2026-07-24 06:21:46,Pizza Margherita,Jantar,1,45.0
2535,2026-07-30 03:12:46,Pizza Margherita,Jantar,1,45.0
2536,2026-08-16 17:16:46,Cerveja IPA,Bebidas,1,15.0
2537,2026-07-07 03:26:46,Feijoada,Almoço,1,35.0
2538,2026-07-25 03:48:46,Cerveja IPA,Bebidas,1,15.0
2539,2026-09-07 15:33:46,Hambúrguer Artesanal,Lanches,3,90.0
2540,2026-08-29 05:19:46,Cerveja IPA,Bebidas,2,30.0
2541,2026-09-10 03:13:46,Suco de Laranja,Bebidas,1,8.0
2542,2026-07-10 02:02:46,Suco de Laranja,Bebidas,1,8.0
2543,2026-09-10 06:57:46,Pizza Margherita,Jantar,1,45.0
2544,2026-07-21 00:58:46,Prato Executivo Frango,Almoço,2,50.0
2545,2026-07-21 07:32:46,Pizza Margherita,Jantar,2,90.0
2546,2026-07-11 03:25:46,Feijoada,Almoço,2,70.0
2547,2026-08-15 04:35:46,Prato Executivo Frango,Almoço,1,25.0
2548,2026-08-24 08:22:46,Pizza Margherita,Jantar,3,135.0
2549,2026-08-29 04:21:46,Suco de Laranja,Bebidas,1,8.0
2550,2026-08-25 12:45:46,Prato Executivo Frango,Almoço,1,25.0
2551,2026-09-02 08:10:46,Cerveja IPA,Bebidas,1,15.0
2552,2026-09-19 13:17:46,Feijoada,Almoço,1,35.0
2553,2026-09-21 11:27:46,Feijoada,Almoço,1,35.0
2554,2026-08-02 09:42:46,Hambúrguer Artesanal,Lanches,1,30.0
2555,2026-07-23 22:43:46,Pizza Margherita,Jantar,2,90.0
2556,2026-07-23 23:28:46,Suco de Laranja,Bebidas,1,8.0
2557,2026-09-19 19:23:46,Pizza Margherita,Jantar,1,45.0
2558,2026-08-18 04:49:46,Pizza Margherita,Jantar,1,45.0
2559,2026-07-14 07:05:46,Suco de Laranja,Bebidas,1,8.0
2560,2026-09-07 09:35:46,Hambúrguer Artesanal,Lanches,2,60.0
2561,2026-08-02 16:54:46,Hambúrguer Artesanal,Lanches,1,30.0
2562,2026-09-22 08:06:46,Prato Executivo Frango,Almoço,1,25.0
2563,2026-07-29 04:48:46,Feijoada,Almoço,1,35.0
2564,2026-06-30 00:04:46,Cerveja IPA,Bebidas,1,15.0
2565,2026-07-08 16:38:46,Suco de Laranja,Bebidas,1,8.0
2566,2026-07-09 01:49:46,Pizza Margherita,Jantar,2,90.0
2567,2026-07-17 18:48:46,Hambúrguer Artesanal,Lanches,1,30.0
2568,2026-07-17 13:23:46,Prato Executivo Frango,Almoço,1,25.0
2569,2026-08-16 22:49:46,Pizza Margherita,Jantar,1,45.0
2570,2026-07-10 04:17:46,Pizza Margherita,Jantar,1,45.0
2571,2026-09-05 14:17:46,Prato Executivo Frango,Almoço,1,25.0
2572,2026-08-22 13:01:46,Cerveja IPA,Bebidas,1,15.0
2573,2026-07-08 14:42:46,Suco de Laranja,Bebidas,1,8.0
2574,2026-08-19 09:35:46,Cerveja IPA,Bebidas,1,15.0
2575,2026-07-14 18:35:46,Suco de Laranja,Bebidas,2,16.0
2576,2026-08-31 11:30:46,Cerveja IPA,Bebidas,1,15.0
2577,2026-07-27 22:49:46,Hambúrguer Artesanal,Lanches,1,30.0
2578,2026-07-02 02:34:46,Feijoada,Almoço,1,35.0
2579,2026-08-20 22:05:46,Suco de Laranja,Bebidas,1,8.0
2580,2026-09-15 07:31:46,Prato Executivo Frango,Almoço,1,25.0
2581,2026-07-31 06:57:46,Prato Executivo Frango,Almoço,1,25.0
2582,2026-09-08 23:15:46,Pizza Margherita,Jantar,1,45.0
2583,2026-07-15 07:05:46,Hambúrguer Artesanal,Lanches,1,30.0
2584,2026-07-23 19:47:46,Pizza Margherita,Jantar,1,45.0
2585,2026-08-03 22:28:46,Suco de Laranja,Bebidas,1,8.0
2586,2026-09-15 02:19:46,Cerveja IPA,Bebidas,1,15.0
2587,2026-08-05 17:59:46,Suco de Laranja,Bebidas,3,24.0
2588,2026-08-01 19:42:46,Pizza Margherita,Jantar,1,45.0
2589,2026-09-02 15:04:46,Cerveja IPA,Bebidas,1,15.0
2590,2026-08-30 04:23:46,Feijoada,Almoço,1,35.0
2591,2026-08-07 15:24:46,Suco de Laranja,Bebidas,1,8.0
2592,2026-08-13 12:31:46,Prato Executivo Frango,Almoço,1,25.0
2593,2026-07-10 02:03:46,Feijoada,Almoço,1,35.0
2594,2026-08-25 23:25:46,Cerveja IPA,Bebidas,1,15.0
2595,2026-07-11 16:06:46,Pizza Margherita,Jantar,3,135.0
2596,2026-08-29 14:06:46,Feijoada,Almoço,2,70.0
2597,2026-09-03 21:16:46,Suco de Laranja,Bebidas,1,8.0
2598,2026-07-13 13:12:46,Cerveja IPA,Bebidas,1,15.0
2599,2026-07-17 18:53:46,Cerveja IPA,Bebidas,3,45.0
2600,2026-08-26 04:23:46,Prato Executivo Frango,Almoço,1,25.0
2601,2026-09-07 11:20:46,Suco de Laranja,Bebidas,1,8.0
2602,2026-07-18 02:19:46,Suco de Laranja,Bebidas,2,16.0
2603,2026-08-21 06:06:46,Hambúrguer Artesanal,Lanches,2,60.0
2604,2026-08-28 01:16:46,Feijoada,Almoço,1,35.0
2605,2026-07-21 13:00:46,Feijoada,Almoço,2,70.0
2606,2026-09-19 12:48:46,Prato Executivo Frango,Almoço,1,25.0
2607,2026-08-16 06:36:46,Hambúrguer Artesanal,Lanches,1,30.0
2608,2026-08-30 21:04:46,Suco de Laranja,Bebidas,1,8.0
2609,2026-07-22 16:19:46,Suco de Laranja,Bebidas,2,16.0
2610,2026-08-17 15:14:46,Prato Executivo Frango,Almoço,1,25.0
2611,2026-08-25 16:10:46,Feijoada,Almoço,2,70.0
2612,2026-08-31 09:51:46,Prato Executivo Frango,Almoço,2,50.0
2613,2026-06-25 21:37:46,Suco de Laranja,Bebidas,1,8.0
2614,2026-07-09 22:44:46,Cerveja IPA,Bebidas,1,15.0
2615,2026-07-13 23:34:46,Pizza Margherita,Jantar,2,90.0
2616,2026-09-10 19:13:46,Suco de Laranja,Bebidas,1,8.0
2617,2026-09-16 23:47:46,Suco de Laranja,Bebidas,2,16.0
2618,2026-08-19 21:21:46,Hambúrguer Artesanal,Lanches,1,30.0
2619,2026-08-24 09:05:46,Suco de Laranja,Bebidas,1,8.0
2620,2026-07-27 14:12:46,Cerveja IPA,Bebidas,1,15.0
2621,2026-07-24 09:22:46,Prato Executivo Frango,Almoço,2,50.0
2622,2026-07-08 07:05:46,Pizza Margherita,Jantar,1,45.0
2623,2026-08-13 15:56:46,Cerveja IPA,Bebidas,1,15.0
2624,2026-08-01 23:12:46,Pizza Margherita,Jantar,2,90.0
2625,2026-09-09 09:54:46,Feijoada,Almoço,1,35.0
2626,2026-08-31 12:16:46,Suco de Laranja,Bebidas,2,16.0
2627,2026-08-07 23:59:46,Suco de Laranja,Bebidas,1,8.0
2628,2026-09-01 23:08:46,Hambúrguer Artesanal,Lanches,2,60.0
2629,2026-08-28 03:15:46,Feijoada,Almoço,1,35.0
2630,2026-08-15 02:17:46,Cerveja IPA,Bebidas,1,15.0
2631,2026-07-25 18:41:46,Suco de Laranja,Bebidas,2,16.0
2632,2026-07-12 19:05:46,Cerveja IPA,Bebidas,1,15.0
2633,2026-07-11 18:04:46,Hambúrguer Artesanal,Lanches,1,30.0
2634,2026-08-27 14:25:46,Feijoada,Almoço,2,70.0
2635,2026-09-14 15:52:46,Feijoada,Almoço,2,70.0
2636,2026-09-07 19:51:46,Suco de Laranja,Bebidas,1,8.0
2637,2026-08-26 19:44:46,Suco de Laranja,Bebidas,3,24.0
2638,2026-08-15 04:14:46,Pizza Margherita,Jantar,2,90.0
2639,2026-08-11 22:42:46,Suco de Laranja,Bebidas,1,8.0
2640,2026-08-30 14:02:46,Prato Executivo Frango,Almoço,2,50.0
2641,2026-09-08 20:10:46,Hambúrguer Artesanal,Lanches,2,60.0
2642,2026-08-12 16:36:46,Suco de Laranja,Bebidas,1,8.0
2643,2026-08-31 12:56:46,Prato Executivo Frango,Almoço,1,25.0
2644,2026-09-16 06:59:46,Pizza Margherita,Jantar,2,90.0
2645,2026-09-17 13:44:46,Cerveja IPA,Bebidas,1,15.0
2646,2026-08-21 08:16:46,Feijoada,Almoço,1,35.0
2647,2026-08-05 00:13:46,Prato Executivo Frango,Almoço,1,25.0
2648,2026-08-23 00:17:46,Cerveja IPA,Bebidas,1,15.0
2649,2026-07-08 08:37:46,Pizza Margherita,Jantar,1,45.0
2650,2026-08-26 07:44:46,Suco de Laranja,Bebidas,1,8.0
2651,2026-09-18 06:22:46,Suco de Laranja,Bebidas,2,16.0
2652,2026-09-11 06:23:46,Cerveja IPA,Bebidas,1,15.0
2653,2026-08-09 01:38:46,Feijoada,Almoço,1,35.0
2654,2026-07-20 08:13:46,Hambúrguer Artesanal,Lanches,2,60.0
2655,2026-09-17 14:06:46,Cerveja IPA,Bebidas,3,45.0
2656,2026-06-26 10:39:46,Pizza Margherita,Jantar,2,90.0
2657,2026-09-08 07:30:46,Hambúrguer Artesanal,Lanches,1,30.0
2658,2026-09-07 07:58:46,Pizza Margherita,Jantar,1,45.0
2659,2026-08-02 17:37:46,Feijoada,Almoço,2,70.0
2660,2026-07-26 15:16:46,Hambúrguer Artesanal,Lanches,1,30.0
2661,2026-08-19 19:52:46,Hambúrguer Artesanal,Lanches,1,30.0
2662,2026-07-14 10:17:46,Feijoada,Almoço,1,35.0
2663,2026-09-15 17:17:46,Hambúrguer Artesanal,Lanches,1,30.0
2664,2026-09-07 16:31:46,Hambúrguer Artesanal,Lanches,1,30.0
2665,2026-07-27 23:43:46,Suco de Laranja,Bebidas,1,8.0
2666,2026-09-19 11:08:46,Suco de Laranja,Bebidas,1,8.0
2667,2026-09-21 19:07:46,Suco de Laranja,Bebidas,1,8.0
2668,2026-07-15 15:55:46,Pizza Margherita,Jantar,1,45.0
2669,2026-07-14 23:48:46,Cerveja IPA,Bebidas,2,30.0
2670,2026-06-26 02:42:46,Feijoada,Almoço,2,70.0
2671,2026-07-05 09:21:46,Prato Executivo Frango,Almoço,2,50.0
2672,2026-09-15 02:58:46,Prato Executivo Frango,Almoço,1,25.0
2673,2026-07-03 02:47:46,Cerveja IPA,Bebidas,1,15.0
2674,2026-09-15 01:34:46,Prato Executivo Frango,Almoço,1,25.0
2675,2026-09-02 21:04:46,Cerveja IPA,Bebidas,1,15.0
2676,2026-08-14 21:47:46,Hambúrguer Artesanal,Lanches,2,60.0
2677,2026-08-01 04:39:46,Suco de Laranja,Bebidas,1,8.0
2678,2026-07-01 09:23:46,Pizza Margherita,Jantar,1,45.0
2679,2026-07-11 21:18:46,Cerveja IPA,Bebidas,1,15.0
2680,2026-08-13 15:09:46,Hambúrguer Artesanal,Lanches,1,30.0
2681,2026-07-26 08:28:46,Prato Executivo Frango,Almoço,1,25.0
2682,2026-07-14 19:17:46,Cerveja IPA,Bebidas,1,15.0
2683,2026-09-16 16:35:46,Pizza Margherita,Jantar,1,45.0
2684,2026-08-15 05:26:46,Cerveja IPA,Bebidas,1,15.0
2685,2026-09-07 10:46:46,Cerveja IPA,Bebidas,1,15.0
2686,2026-08-20 10:46:46,Prato Executivo Frango,Almoço,2,50.0
2687,2026-09-09 13:45:46,Suco de Laranja,Bebidas,1,8.0
2688,2026-07-30 03:27:46,Feijoada,Almoço,3,105.0
2689,2026-07-24 10:48:46,Cerveja IPA,Bebidas,1,15.0
2690,2026-07-31 18:59:46,Cerveja IPA,Bebidas,2,30.0
2691,2026-09-07 08:06:46,Prato Executivo Frango,Almoço,1,25.0
2692,2026-07-08 09:32:46,Hambúrguer Artesanal,Lanches,1,30.0
2693,2026-07-18 21:53:46,Hambúrguer Artesanal,Lanches,2,60.0
2694,2026-07-25 10:36:46,Suco de Laranja,Bebidas,1,8.0
2695,2026-09-08 18:30:46,Pizza Margherita,Jantar,2,90.0
2696,2026-06-27 14:43:46,Cerveja IPA,Bebidas,1,15.0
2697,2026-07-29 20:09:46,Pizza Margherita,Jantar,2,90.0
2698,2026-08-30 13:09:46,Feijoada,Almoço,2,70.0
2699,2026-08-27 23:27:46,Cerveja IPA,Bebidas,1,15.0
2700,2026-07-03 00:36:46,Prato Executivo Frango,Almoço,2,50.0
2701,2026-07-26 08:39:46,Cerveja IPA,Bebidas,1,15.0
2702,2026-07-01 19:40:46,Hambúrguer Artesanal,Lanches,3,90.0
2703,2026-06-25 13:10:46,Suco de Laranja,Bebidas,1,8.0
2704,2026-07-16 17:10:46,Prato Executivo Frango,Almoço,1,25.0
2705,2026-07-08 07:24:46,Cerveja IPA,Bebidas,1,15.0
2706,2026-08-12 03:14:46,Hambúrguer Artesanal,Lanches,1,30.0
2707,2026-07-02 05:49:46,Feijoada,Almoço,1,35.0
2708,2026-07-04 20:32:46,Hambúrguer Artesanal,Lanches,2,60.0
2709,2026-09-01 18:05:46,Pizza Margherita,Jantar,2,90.0
2710,2026-06-25 19:15:46,Suco de Laranja,Bebidas,3,24.0
2711,2026-09-18 16:42:46,Suco de Laranja,Bebidas,2,16.0
2712,2026-07-31 16:23:46,Suco de Laranja,Bebidas,1,8.0
2713,2026-08-09 23:15:46,Pizza Margherita,Jantar,1,45.0
2714,2026-08-04 15:21:46,Pizza Margherita,Jantar,2,90.0
2715,2026-09-13 12:27:46,Suco de Laranja,Bebidas,2,16.0
2716,2026-08-13 12:55:46,Cerveja IPA,Bebidas,1,15.0
2717,2026-08-21 17:46:46,Pizza Margherita,Jantar,1,45.0
2718,2026-07-14 01:46:46,Hambúrguer Artesanal,Lanches,3,90.0
2719,2026-09-08 00:50:46,Suco de Laranja,Bebidas,2,16.0
2720,2026-09-17 08:06:46,Feijoada,Almoço,2,70.0
2721,2026-06-30 21:34:46,Hambúrguer Artesanal,Lanches,1,30.0
2722,2026-08-23 12:24:46,Prato Executivo Frango,Almoço,1,25.0
2723,2026-08-28 20:21:46,Suco de Laranja,Bebidas,1,8.0
2724,2026-08-12 20:36:46,Cerveja IPA,Bebidas,1,15.0
2725,2026-07-10 16:50:46,Feijoada,Almoço,1,35.0
2726,2026-08-15 04:00:46,Feijoada,Almoço,1,35.0
2727,2026-07-05 13:24:46,Suco de Laranja,Bebidas,2,16.0
2728,2026-07-13 12:37:46,Cerveja IPA,Bebidas,2,30.0
2729,2026-06-30 08:12:46,Hambúrguer Artesanal,Lanches,2,60.0
2730,2026-07-15 07:57:46,Hambúrguer Artesanal,Lanches,1,30.0
2731,2026-08-29 13:23:46,Cerveja IPA,Bebidas,1,15.0
2732,2026-08-08 00:30:46,Prato Executivo Frango,Almoço,2,50.0
2733,2026-08-02 23:47:46,Suco de Laranja,Bebidas,1,8.0
2734,2026-09-03 01:30:46,Hambúrguer Artesanal,Lanches,2,60.0
2735,2026-06-27 20:33:46,Pizza Margherita,Jantar,1,45.0
2736,2026-08-26 22:58:46,Hambúrguer Artesanal,Lanches,2,60.0
2737,2026-09-09 04:20:46,Hambúrguer Artesanal,Lanches,1,30.0
2738,2026-06-30 09:47:46,Cerveja IPA,Bebidas,1,15.0
2739,2026-08-21 13:17:46,Cerveja IPA,Bebidas,1,15.0
2740,2026-08-04 00:40:46,Prato Executivo Frango,Almoço,1,25.0
2741,2026-08-14 08:19:46,Feijoada,Almoço,2,70.0
2742,2026-09-01 21:43:46,Pizza Margherita,Jantar,2,90.0
2743,2026-08-31 15:31:46,Feijoada,Almoço,1,35.0
2744,2026-09-05 14:59:46,Prato Executivo Frango,Almoço,3,75.0
2745,2026-09-20 13:40:46,Prato Executivo Frango,Almoço,1,25.0
2746,2026-07-17 17:35:46,Feijoada,Almoço,2,70.0
2747,2026-07-18 14:41:46,Feijoada,Almoço,1,35.0
2748,2026-08-23 01:53:46,Suco de Laranja,Bebidas,2,16.0
2749,2026-07-26 17:53:46,Hambúrguer Artesanal,Lanches,1,30.0
2750,2026-08-05 19:17:46,Suco de Laranja,Bebidas,2,16.0
2751,2026-09-15 11:13:46,Prato Executivo Frango,Almoço,2,50.0
2752,2026-07-21 23:49:46,Suco de Laranja,Bebidas,3,24.0
2753,2026-07-25 01:52:46,Suco de Laranja,Bebidas,1,8.0
2754,2026-09-03 22:29:46,Pizza Margherita,Jantar,1,45.0
2755,2026-08-30 08:46:46,Cerveja IPA,Bebidas,1,15.0
2756,2026-08-13 22:28:46,Cerveja IPA,Bebidas,1,15.0
2757,2026-07-03 12:51:46,Prato Executivo Frango,Almoço,1,25.0
2758,2026-09-22 13:34:46,Feijoada,Almoço,1,35.0
2759,2026-08-11 06:28:46,Prato Executivo Frango,Almoço,2,50.0
2760,2026-07-30 18:09:46,Suco de Laranja,Bebidas,1,8.0
2761,2026-07-16 00:56:46,Prato Executivo Frango,Almoço,2,50.0
2762,2026-09-17 03:26:46,Hambúrguer Artesanal,Lanches,1,30.0
2763,2026-07-21 05:19:46,Pizza Margherita,Jantar,1,45.0
2764,2026-07-31 18:41:46,Pizza Margherita,Jantar,1,45.0
2765,2026-08-29 06:24:46,Hambúrguer Artesanal,Lanches,1,30.0
2766,2026-07-02 15:21:46,Cerveja IPA,Bebidas,1,15.0
2767,2026-07-30 00:49:46,Suco de Laranja,Bebidas,2,16.0
2768,2026-07-13 12:47:46,Cerveja IPA,Bebidas,1,15.0
2769,2026-07-19 21:44:46,Suco de Laranja,Bebidas,3,24.0
2770,2026-07-29 00:14:46,Feijoada,Almoço,2,70.0
2771,2026-09-17 09:22:46,Cerveja IPA,Bebidas,1,15.0
2772,2026-07-27 00:21:46,Pizza Margherita,Jantar,1,45.0
2773,2026-07-07 06:44:46,Feijoada,Almoço,3,105.0
2774,2026-09-15 03:03:46,Pizza Margherita,Jantar,2,90.0
2775,2026-09-10 21:58:46,Pizza Margherita,Jantar,1,45.0
2776,2026-06-30 12:05:46,Prato Executivo Frango,Almoço,1,25.0
2777,2026-07-22 07:35:46,Pizza Margherita,Jantar,1,45.0
2778,2026-07-25 03:20:46,Feijoada,Almoço,1,35.0
2779,2026-07-09 02:39:46,Suco de Laranja,Bebidas,2,16.0
2780,2026-08-02 19:39:46,Suco de Laranja,Bebidas,1,8.0
2781,2026-07-28 13:52:46,Cerveja IPA,Bebidas,1,15.0
2782,2026-09-01 04:36:46,Feijoada,Almoço,1,35.0
2783,2026-09-01 20:14:46,Hambúrguer Artesanal,Lanches,3,90.0
2784,2026-07-28 21:44:46,Suco de Laranja,Bebidas,1,8.0
2785,2026-09-16 01:21:46,Cerveja IPA,Bebidas,2,30.0
2786,2026-09-15 17:50:46,Suco de Laranja,Bebidas,1,8.0
2787,2026-08-27 22:43:46,Suco de Laranja,Bebidas,3,24.0
2788,2026-09-15 04:03:46,Cerveja IPA,Bebidas,1,15.0
2789,2026-09-11 14:34:46,Cerveja IPA,Bebidas,2,30.0
2790,2026-09-13 15:42:46,Cerveja IPA,Bebidas,1,15.0
2791,2026-06-30 21:37:46,Cerveja IPA,Bebidas,3,45.0
2792,2026-08-16 04:01:46,Hambúrguer Artesanal,Lanches,1,30.0
2793,2026-08-09 16:29:46,Feijoada,Almoço,2,70.0
2794,2026-09-21 14:07:46,Feijoada,Almoço,1,35.0
2795,2026-08-01 20:45:46,Hambúrguer Artesanal,Lanches,1,30.0
2796,2026-09-03 04:55:46,Pizza Margherita,Jantar,1,45.0
2797,2026-06-27 20:49:46,Suco de Laranja,Bebidas,2,16.0
2798,2026-07-15 08:50:46,Cerveja IPA,Bebidas,1,15.0
2799,2026-09-10 01:33:46,Suco de Laranja,Bebidas,1,8.0
2800,2026-06-28 18:24:46,Suco de Laranja,Bebidas,2,16.0
2801,2026-07-11 13:43:46,Prato Executivo Frango,Almoço,1,25.0
2802,2026-07-08 11:52:46,Prato Executivo Frango,Almoço,1,25.0
2803,2026-07-03 21:16:46,Pizza Margherita,Jantar,1,45.0
2804,2026-07-19 07:12:46,Cerveja IPA,Bebidas,1,15.0
2805,2026-08-22 07:14:46,Suco de Laranja,Bebidas,2,16.0
2806,2026-06-30 04:26:46,Prato Executivo Frango,Almoço,1,25.0
2807,2026-08-02 00:40:46,Hambúrguer Artesanal,Lanches,1,30.0
2808,2026-08-12 22:25:46,Suco de Laranja,Bebidas,1,8.0
2809,2026-06-24 19:59:46,Hambúrguer Artesanal,Lanches,1,30.0
2810,2026-09-07 19:16:46,Pizza Margherita,Jantar,2,90.0
2811,2026-07-01 10:00:46,Suco de Laranja,Bebidas,2,16.0
2812,2026-07-11 05:46:46,Cerveja IPA,Bebidas,1,15.0
2813,2026-08-07 18:15:46,Pizza Margherita,Jantar,3,135.0
2814,2026-07-09 06:43:46,Feijoada,Almoço,1,35.0
2815,2026-08-04 20:48:46,Hambúrguer Artesanal,Lanches,1,30.0
2816,2026-08-06 12:28:46,Prato Executivo Frango,Almoço,1,25.0
2817,2026-08-21 23:11:46,Cerveja IPA,Bebidas,1,15.0
2818,2026-08-24 20:19:46,Hambúrguer Artesanal,Lanches,1,30.0
2819,2026-06-28 11:13:46,Suco de Laranja,Bebidas,1,8.0
2820,2026-08-15 05:56:46,Pizza Margherita,Jantar,1,45.0
2821,2026-07-20 15:00:46,Prato Executivo Frango,Almoço,3,75.0
2822,2026-07-02 23:39:46,Cerveja IPA,Bebidas,1,15.0
2823,2026-06-27 21:40:46,Suco de Laranja,Bebidas,2,16.0
2824,2026-07-04 06:29:46,Cerveja IPA,Bebidas,2,30.0
2825,2026-07-30 05:07:46,Pizza Margherita,Jantar,1,45.0
2826,2026-08-14 08:46:46,Pizza Margherita,Jantar,1,45.0
2827,2026-09-14 19:16:46,Cerveja IPA,Bebidas,1,15.0
2828,2026-08-27 04:36:46,Prato Executivo Frango,Almoço,1,25.0
2829,2026-07-04 09:25:46,Feijoada,Almoço,1,35.0
2830,2026-07-08 10:46:46,Cerveja IPA,Bebidas,1,15.0
2831,2026-08-19 01:12:46,Hambúrguer Artesanal,Lanches,2,60.0
2832,2026-08-09 12:07:46,Suco de Laranja,Bebidas,1,8.0
2833,2026-08-08 14:04:46,Cerveja IPA,Bebidas,1,15.0
2834,2026-07-12 21:28:46,Hambúrguer Artesanal,Lanches,1,30.0
2835,2026-08-14 13:34:46,Feijoada,Almoço,1,35.0
2836,2026-08-07 12:59:46,Cerveja IPA,Bebidas,1,15.0
2837,2026-09-05 14:32:46,Cerveja IPA,Bebidas,1,15.0
2838,2026-07-25 00:12:46,Prato Executivo Frango,Almoço,2,50.0
2839,2026-08-28 06:51:46,Cerveja IPA,Bebidas,1,15.0
2840,2026-07-16 22:53:46,Hambúrguer Artesanal,Lanches,1,30.0
2841,2026-07-17 04:17:46,Suco de Laranja,Bebidas,3,24.0
2842,2026-07-31 20:55:46,Suco de Laranja,Bebidas,2,16.0
2843,2026-08-10 00:26:46,Prato Executivo Frango,Almoço,1,25.0
2844,2026-08-23 01:14:46,Cerveja IPA,Bebidas,1,15.0
2845,2026-09-18 15:21:46,Hambúrguer Artesanal,Lanches,1,30.0
2846,2026-06-28 00:05:46,Hambúrguer Artesanal,Lanches,1,30.0
2847,2026-07-06 08:23:46,Pizza Margherita,Jantar,1,45.0
2848,2026-07-19 14:18:46,Suco de Laranja,Bebidas,1,8.0
2849,2026-06-27 20:14:46,Pizza Margherita,Jantar,2,90.0
2850,2026-08-25 15:50:46,Cerveja IPA,Bebidas,1,15.0
2851,2026-09-12 15:24:46,Hambúrguer Artesanal,Lanches,1,30.0
2852,2026-06-29 13:29:46,Cerveja IPA,Bebidas,1,15.0
2853,2026-09-11 07:47:46,Hambúrguer Artesanal,Lanches,1,30.0
2854,2026-08-17 02:38:46,Feijoada,Almoço,1,35.0
2855,2026-09-11 17:44:46,Prato Executivo Frango,Almoço,1,25.0
2856,2026-07-06 20:52:46,Pizza Margherita,Jantar,1,45.0
2857,2026-07-31 03:14:46,Hambúrguer Artesanal,Lanches,2,60.0
2858,2026-08-17 00:48:46,Pizza Margherita,Jantar,1,45.0
2859,2026-08-20 10:43:46,Feijoada,Almoço,1,35.0
2860,2026-09-02 20:31:46,Cerveja IPA,Bebidas,1,15.0
2861,2026-07-21 06:12:46,Feijoada,Almoço,1,35.0
2862,2026-08-24 22:14:46,Pizza Margherita,Jantar,3,135.0
2863,2026-09-21 01:30:46,Feijoada,Almoço,1,35.0
2864,2026-07-04 03:23:46,Hambúrguer Artesanal,Lanches,2,60.0
2865,2026-08-02 21:25:46,Pizza Margherita,Jantar,2,90.0
2866,2026-07-09 23:21:46,Pizza Margherita,Jantar,1,45.0
2867,2026-07-27 10:46:46,Prato Executivo Frango,Almoço,1,25.0
2868,2026-07-16 00:30:46,Cerveja IPA,Bebidas,1,15.0
2869,2026-08-18 00:33:46,Feijoada,Almoço,2,70.0
2870,2026-07-22 22:02:46,Pizza Margherita,Jantar,2,90.0
2871,2026-09-15 15:47:46,Pizza Margherita,Jantar,1,45.0
2872,2026-07-11 08:24:46,Cerveja IPA,Bebidas,1,15.0
2873,2026-08-01 08:27:46,Feijoada,Almoço,1,35.0
2874,2026-08-26 16:48:46,Prato Executivo Frango,Almoço,1,25.0
2875,2026-07-05 21:28:46,Pizza Margherita,Jantar,1,45.0
2876,2026-08-20 19:01:46,Cerveja IPA,Bebidas,1,15.0
2877,2026-07-08 18:23:46,Pizza Margherita,Jantar,1,45.0
2878,2026-08-02 08:50:46,Hambúrguer Artesanal,Lanches,1,30.0
2879,2026-09-08 08:09:46,Feijoada,Almoço,1,35.0
2880,2026-07-19 15:01:46,Feijoada,Almoço,1,35.0
2881,2026-07-21 08:17:46,Prato Executivo Frango,Almoço,1,25.0
2882,2026-07-06 05:44:46,Hambúrguer Artesanal,Lanches,1,30.0
2883,2026-09-03 23:32:46,Pizza Margherita,Jantar,2,90.0
2884,2026-09-17 08:41:46,Hambúrguer Artesanal,Lanches,1,30.0
2885,2026-07-01 06:08:46,Cerveja IPA,Bebidas,1,15.0
2886,2026-06-26 21:50:46,Hambúrguer Artesanal,Lanches,1,30.0
2887,2026-07-11 23:59:46,Pizza Margherita,Jantar,1,45.0
2888,2026-09-21 01:54:46,Cerveja IPA,Bebidas,1,15.0
2889,2026-09-15 18:21:46,Pizza Margherita,Jantar,1,45.0
2890,2026-08-14 13:19:46,Prato Executivo Frango,Almoço,3,75.0
2891,2026-07-07 14:47:46,Cerveja IPA,Bebidas,1,15.0
2892,2026-07-04 00:50:46,Pizza Margherita,Jantar,1,45.0
2893,2026-07-09 11:30:46,Prato Executivo Frango,Almoço,3,75.0
2894,2026-06-25 18:46:46,Pizza Margherita,Jantar,3,135.0
2895,2026-07-29 15:52:46,Hambúrguer Artesanal,Lanches,1,30.0
2896,2026-06-29 02:27:46,Hambúrguer Artesanal,Lanches,1,30.0
2897,2026-08-15 18:58:46,Suco de Laranja,Bebidas,1,8.0
2898,2026-08-08 20:22:46,Pizza Margherita,Jantar,3,135.0
2899,2026-09-20 02:02:46,Hambúrguer Artesanal,Lanches,1,30.0
2900,2026-08-28 11:36:46,Feijoada,Almoço,1,35.0
2901,2026-08-13 01:41:46,Feijoada,Almoço,2,70.0
2902,2026-08-22 06:45:46,Prato Executivo Frango,Almoço,2,50.0
2903,2026-06-27 16:59:46,Feijoada,Almoço,1,35.0
2904,2026-06-30 14:00:46,Cerveja IPA,Bebidas,1,15.0
2905,2026-08-24 16:31:46,Prato Executivo Frango,Almoço,1,25.0
2906,2026-07-20 13:16:46,Feijoada,Almoço,1,35.0
2907,2026-06-25 21:49:46,Hambúrguer Artesanal,Lanches,1,30.0
2908,2026-08-16 14:08:46,Cerveja IPA,Bebidas,1,15.0
2909,2026-08-26 00:00:46,Hambúrguer Artesanal,Lanches,1,30.0
2910,2026-08-15 00:23:46,Pizza Margherita,Jantar,1,45.0
2911,2026-09-04 22:59:46,Cerveja IPA,Bebidas,2,30.0
2912,2026-08-09 08:06:46,Hambúrguer Artesanal,Lanches,1,30.0
2913,2026-07-18 09:58:46,Pizza Margherita,Jantar,1,45.0
2914,2026-08-01 21:00:46,Suco de Laranja,Bebidas,1,8.0
2915,2026-09-05 22:47:46,Suco de Laranja,Bebidas,2,16.0
2916,2026-09-08 19:18:46,Cerveja IPA,Bebidas,1,15.0
2917,2026-07-09 09:41:46,Prato Executivo Frango,Almoço,1,25.0
2918,2026-09-16 22:59:46,Pizza Margherita,Jantar,1,45.0
2919,2026-07-19 10:50:46,Feijoada,Almoço,1,35.0
2920,2026-07-13 12:51:46,Feijoada,Almoço,2,70.0
2921,2026-09-22 12:56:46,Cerveja IPA,Bebidas,2,30.0
2922,2026-08-03 22:07:46,Hambúrguer Artesanal,Lanches,1,30.0
2923,2026-09-11 23:30:46,Hambúrguer Artesanal,Lanches,1,30.0
2924,2026-08-16 06:38:46,Feijoada,Almoço,3,105.0
2925,2026-08-26 00:04:46,Pizza Margherita,Jantar,2,90.0
2926,2026-06-26 23:44:46,Cerveja IPA,Bebidas,2,30.0
2927,2026-09-18 04:31:46,Suco de Laranja,Bebidas,1,8.0
2928,2026-07-26 08:03:46,Hambúrguer Artesanal,Lanches,1,30.0
2929,2026-07-09 20:28:46,Cerveja IPA,Bebidas,1,15.0
2930,2026-07-26 10:32:46,Feijoada,Almoço,1,35.0
2931,2026-09-22 07:28:46,Suco de Laranja,Bebidas,1,8.0
2932,2026-09-18 06:13:46,Feijoada,Almoço,1,35.0
2933,2026-09-02 06:29:46,Hambúrguer Artesanal,Lanches,2,60.0
2934,2026-07-20 21:56:46,Cerveja IPA,Bebidas,2,30.0
2935,2026-06-30 14:31:46,Suco de Laranja,Bebidas,1,8.0
2936,2026-07-28 11:36:46,Prato Executivo Frango,Almoço,1,25.0
2937,2026-07-05 15:21:46,Prato Executivo Frango,Almoço,1,25.0
2938,2026-07-12 02:26:46,Hambúrguer Artesanal,Lanches,1,30.0
2939,2026-06-27 00:17:46,Hambúrguer Artesanal,Lanches,1,30.0
2940,2026-07-20 19:10:46,Pizza Margherita,Jantar,2,90.0
2941,2026-07-11 16:26:46,Cerveja IPA,Bebidas,1,15.0
2942,2026-07-11 10:55:46,Prato Executivo Frango,Almoço,1,25.0
2943,2026-09-12 10:20:46,Feijoada,Almoço,1,35.0
2944,2026-06-30 04:28:46,Feijoada,Almoço,2,70.0
2945,2026-06-25 06:23:46,Pizza Margherita,Jantar,1,45.0
2946,2026-08-25 18:38:46,Hambúrguer Artesanal,Lanches,3,90.0
2947,2026-08-14 21:13:46,Pizza Margherita,Jantar,1,45.0
2948,2026-08-21 01:07:46,Prato Executivo Frango,Almoço,1,25.0
2949,2026-07-03 01:32:46,Cerveja IPA,Bebidas,1,15.0
2950,2026-08-20 09:51:46,Prato Executivo Frango,Almoço,2,50.0
2951,2026-08-02 12:32:46,Feijoada,Almoço,2,70.0
2952,2026-07-17 04:05:46,Pizza Margherita,Jantar,1,45.0
2953,2026-07-05 11:09:46,Suco de Laranja,Bebidas,1,8.0
2954,2026-09-11 06:03:46,Prato Executivo Frango,Almoço,1,25.0
2955,2026-08-26 01:34:46,Suco de Laranja,Bebidas,2,16.0
2956,2026-07-25 09:43:46,Hambúrguer Artesanal,Lanches,1,30.0
2957,2026-07-18 11:46:46,Prato Executivo Frango,Almoço,1,25.0
2958,2026-08-31 18:07:46,Cerveja IPA,Bebidas,2,30.0
2959,2026-09-06 21:27:46,Pizza Margherita,Jantar,1,45.0
2960,2026-09-14 18:34:46,Pizza Margherita,Jantar,1,45.0
2961,2026-09-04 19:39:46,Suco de Laranja,Bebidas,3,24.0
2962,2026-07-06 12:11:46,Suco de Laranja,Bebidas,1,8.0
2963,2026-07-31 02:17:46,Hambúrguer Artesanal,Lanches,1,30.0
2964,2026-06-25 02:04:46,Hambúrguer Artesanal,Lanches,1,30.0
2965,2026-09-08 09:01:46,Suco de Laranja,Bebidas,1,8.0
2966,2026-08-02 14:19:46,Suco de Laranja,Bebidas,1,8.0
2967,2026-08-28 15:01:46,Feijoada,Almoço,2,70.0
2968,2026-09-16 17:05:46,Feijoada,Almoço,3,105.0
2969,2026-08-24 14:46:46,Prato Executivo Frango,Almoço,3,75.0
2970,2026-08-16 21:04:46,Pizza Margherita,Jantar,1,45.0
2971,2026-09-14 12:23:46,Prato Executivo Frango,Almoço,1,25.0
2972,2026-09-05 13:03:46,Prato Executivo Frango,Almoço,1,25.0
2973,2026-08-26 06:21:46,Suco de Laranja,Bebidas,1,8.0
2974,2026-09-21 06:08:46,Cerveja IPA,Bebidas,1,15.0
2975,2026-08-23 01:43:46,Suco de Laranja,Bebidas,1,8.0
2976,2026-09-01 10:41:46,Prato Executivo Frango,Almoço,2,50.0
2977,2026-08-23 12:26:46,Cerveja IPA,Bebidas,2,30.0
2978,2026-07-22 23:10:46,Hambúrguer Artesanal,Lanches,1,30.0
2979,2026-07-22 13:44:46,Suco de Laranja,Bebidas,1,8.0
2980,2026-07-05 23:52:46,Cerveja IPA,Bebidas,3,45.0
2981,2026-07-28 03:21:46,Pizza Margherita,Jantar,1,45.0
2982,2026-07-18 21:52:46,Suco de Laranja,Bebidas,1,8.0
2983,2026-07-02 03:51:46,Hambúrguer Artesanal,Lanches,1,30.0
2984,2026-07-10 23:40:46,Hambúrguer Artesanal,Lanches,1,30.0
2985,2026-07-04 14:34:46,Prato Executivo Frango,Almoço,1,25.0
2986,2026-09-04 01:09:46,Prato Executivo Frango,Almoço,2,50.0
2987,2026-09-14 17:08:46,Cerveja IPA,Bebidas,3,45.0
2988,2026-07-08 08:29:46,Feijoada,Almoço,2,70.0
2989,2026-08-16 03:33:46,Suco de Laranja,Bebidas,1,8.0
2990,2026-08-20 20:08:46,Pizza Margherita,Jantar,1,45.0
2991,2026-09-03 09:45:46,Cerveja IPA,Bebidas,3,45.0
2992,2026-06-27 16:50:46,Cerveja IPA,Bebidas,1,15.0
2993,2026-08-07 01:51:46,Pizza Margherita,Jantar,1,45.0
2994,2026-08-07 13:38:46,Suco de Laranja,Bebidas,3,24.0
2995,2026-07-09 22:51:46,Suco de Laranja,Bebidas,1,8.0
2996,2026-07-01 05:04:46,Cerveja IPA,Bebidas,1,15.0
2997,2026-07-11 11:22:46,Feijoada,Almoço,1,35.0
2998,2026-08-31 08:34:46,Prato Executivo Frango,Almoço,2,50.0
2999,2026-07-15 16:27:46,Cerveja IPA,Bebidas,2,30.0
3000,2026-07-21 13:49:46,Feijoada,Almoço,1,35.0
3001,2026-08-08 07:25:46,Prato Executivo Frango,Almoço,1,25.0
3002,2026-06-28 14:58:46,Cerveja IPA,Bebidas,1,15.0
3003,2026-08-29 05:34:46,Pizza Margherita,Jantar,1,45.0
3004,2026-09-03 13:26:46,Cerveja IPA,Bebidas,1,15.0
3005,2026-09-05 18:06:46,Suco de Laranja,Bebidas,3,24.0
3006,2026-07-18 00:31:46,Pizza Margherita,Jantar,1,45.0
3007,2026-09-17 16:26:46,Prato Executivo Frango,Almoço,3,75.0
3008,2026-09-15 20:18:46,Hambúrguer Artesanal,Lanches,1,30.0
3009,2026-07-09 21:49:46,Cerveja IPA,Bebidas,1,15.0
3010,2026-09-12 08:37:46,Cerveja IPA,Bebidas,1,15.0
3011,2026-07-01 20:20:46,Hambúrguer Artesanal,Lanches,1,30.0
3012,2026-07-24 01:26:46,Feijoada,Almoço,1,35.0
3013,2026-07-11 12:32:46,Suco de Laranja,Bebidas,1,8.0
3014,2026-07-23 17:58:46,Feijoada,Almoço,2,70.0
3015,2026-09-20 01:20:46,Prato Executivo Frango,Almoço,1,25.0
3016,2026-06-30 19:20:46,Cerveja IPA,Bebidas,1,15.0
3017,2026-07-28 05:01:46,Pizza Margherita,Jantar,1,45.0
3018,2026-09-06 07:49:46,Prato Executivo Frango,Almoço,1,25.0
3019,2026-08-15 16:08:46,Prato Executivo Frango,Almoço,1,25.0
3020,2026-07-12 02:17:46,Prato Executivo Frango,Almoço,1,25.0
3021,2026-08-12 07:47:46,Pizza Margherita,Jantar,2,90.0
3022,2026-09-03 23:56:46,Hambúrguer Artesanal,Lanches,2,60.0
3023,2026-08-30 11:10:46,Prato Executivo Frango,Almoço,1,25.0
3024,2026-06-25 11:10:46,Cerveja IPA,Bebidas,1,15.0
3025,2026-08-17 07:23:46,Suco de Laranja,Bebidas,2,16.0
3026,2026-08-19 18:28:46,Hambúrguer Artesanal,Lanches,2,60.0
3027,2026-07-06 12:36:46,Suco de Laranja,Bebidas,1,8.0
3028,2026-07-24 07:27:46,Cerveja IPA,Bebidas,3,45.0
3029,2026-08-01 07:49:46,Suco de Laranja,Bebidas,1,8.0
3030,2026-08-14 22:13:46,Suco de Laranja,Bebidas,1,8.0
3031,2026-07-24 21:46:46,Hambúrguer Artesanal,Lanches,1,30.0
3032,2026-07-04 21:01:46,Hambúrguer Artesanal,Lanches,2,60.0
3033,2026-07-08 12:23:46,Suco de Laranja,Bebidas,1,8.0
3034,2026-09-21 23:22:46,Suco de Laranja,Bebidas,1,8.0
3035,2026-07-18 02:56:46,Suco de Laranja,Bebidas,1,8.0
3036,2026-08-04 13:47:46,Cerveja IPA,Bebidas,1,15.0
3037,2026-07-21 22:27:46,Cerveja IPA,Bebidas,1,15.0
3038,2026-08-22 20:07:46,Suco de Laranja,Bebidas,1,8.0
3039,2026-07-31 10:33:46,Feijoada,Almoço,1,35.0
3040,2026-07-09 23:52:46,Pizza Margherita,Jantar,1,45.0
3041,2026-08-23 20:43:46,Suco de Laranja,Bebidas,3,24.0
3042,2026-07-05 14:07:46,Suco de Laranja,Bebidas,1,8.0
3043,2026-08-24 13:00:46,Suco de Laranja,Bebidas,1,8.0
3044,2026-09-03 02:41:46,Prato Executivo Frango,Almoço,1,25.0
3045,2026-07-13 17:53:46,Prato Executivo Frango,Almoço,1,25.0
3046,2026-09-04 22:47:46,Cerveja IPA,Bebidas,1,15.0
3047,2026-06-29 19:45:46,Pizza Margherita,Jantar,3,135.0
3048,2026-08-11 09:50:46,Feijoada,Almoço,1,35.0
3049,2026-09-01 05:13:46,Feijoada,Almoço,2,70.0
3050,2026-08-14 13:18:46,Suco de Laranja,Bebidas,3,24.0
3051,2026-07-09 04:01:46,Pizza Margherita,Jantar,1,45.0
3052,2026-07-12 10:00:46,Prato Executivo Frango,Almoço,1,25.0
3053,2026-07-29 19:24:46,Hambúrguer Artesanal,Lanches,1,30.0
3054,2026-07-11 23:01:46,Cerveja IPA,Bebidas,2,30.0
3055,2026-08-30 21:27:46,Pizza Margherita,Jantar,2,90.0
3056,2026-07-16 15:28:46,Cerveja IPA,Bebidas,2,30.0
3057,2026-08-28 02:01:46,Feijoada,Almoço,2,70.0
3058,2026-07-17 08:10:46,Cerveja IPA,Bebidas,1,15.0
3059,2026-08-30 12:12:46,Cerveja IPA,Bebidas,1,15.0
3060,2026-06-26 01:26:46,Hambúrguer Artesanal,Lanches,1,30.0
3061,2026-07-01 15:57:46,Hambúrguer Artesanal,Lanches,1,30.0
3062,2026-08-23 06:55:46,Prato Executivo Frango,Almoço,1,25.0
3063,2026-06-27 00:56:46,Feijoada,Almoço,1,35.0
3064,2026-08-13 07:07:46,Pizza Margherita,Jantar,1,45.0
3065,2026-07-27 12:30:46,Prato Executivo Frango,Almoço,1,25.0
3066,2026-08-13 05:28:46,Cerveja IPA,Bebidas,1,15.0
3067,2026-08-14 10:52:46,Cerveja IPA,Bebidas,3,45.0
3068,2026-08-25 12:48:46,Suco de Laranja,Bebidas,1,8.0
3069,2026-07-03 12:30:46,Prato Executivo Frango,Almoço,1,25.0
3070,2026-07-28 13:39:46,Cerveja IPA,Bebidas,1,15.0
3071,2026-08-07 16:45:46,Feijoada,Almoço,3,105.0
3072,2026-07-26 21:19:46,Cerveja IPA,Bebidas,1,15.0
3073,2026-08-02 18:25:46,Cerveja IPA,Bebidas,1,15.0
3074,2026-09-09 21:41:46,Cerveja IPA,Bebidas,1,15.0
3075,2026-08-16 09:55:46,Feijoada,Almoço,2,70.0
3076,2026-07-21 03:39:46,Hambúrguer Artesanal,Lanches,1,30.0
3077,2026-09-05 10:36:46,Suco de Laranja,Bebidas,2,16.0
3078,2026-07-14 10:39:46,Prato Executivo Frango,Almoço,2,50.0
3079,2026-08-14 15:53:46,Pizza Margherita,Jantar,1,45.0
3080,2026-08-17 12:00:46,Cerveja IPA,Bebidas,1,15.0
3081,2026-07-22 06:06:46,Hambúrguer Artesanal,Lanches,1,30.0
3082,2026-07-04 19:28:46,Cerveja IPA,Bebidas,1,15.0
3083,2026-07-19 21:18:46,Cerveja IPA,Bebidas,2,30.0
3084,2026-08-05 14:07:46,Prato Executivo Frango,Almoço,1,25.0
3085,2026-08-23 06:44:46,Suco de Laranja,Bebidas,1,8.0
3086,2026-07-21 23:12:46,Suco de Laranja,Bebidas,1,8.0
3087,2026-09-12 11:29:46,Cerveja IPA,Bebidas,1,15.0
3088,2026-08-11 01:30:46,Pizza Margherita,Jantar,1,45.0
3089,2026-07-05 21:49:46,Hambúrguer Artesanal,Lanches,1,30.0
3090,2026-08-28 05:10:46,Cerveja IPA,Bebidas,2,30.0
3091,2026-07-23 21:37:46,Cerveja IPA,Bebidas,1,15.0
3092,2026-08-11 08:17:46,Cerveja IPA,Bebidas,2,30.0
3093,2026-07-20 22:48:46,Pizza Margherita,Jantar,1,45.0
3094,2026-09-20 06:26:46,Feijoada,Almoço,1,35.0
3095,2026-08-26 07:44:46,Pizza Margherita,Jantar,1,45.0
3096,2026-08-16 05:22:46,Prato Executivo Frango,Almoço,1,25.0
3097,2026-09-10 05:29:46,Prato Executivo Frango,Almoço,1,25.0
3098,2026-09-22 19:35:46,Suco de Laranja,Bebidas,1,8.0
3099,2026-08-03 17:25:46,Hambúrguer Artesanal,Lanches,1,30.0
3100,2026-08-19 22:16:46,Hambúrguer Artesanal,Lanches,1,30.0
3101,2026-09-08 15:07:46,Prato Executivo Frango,Almoço,1,25.0
3102,2026-09-07 12:05:46,Prato Executivo Frango,Almoço,1,25.0
3103,2026-08-27 20:49:46,Pizza Margherita,Jantar,2,90.0
3104,2026-07-27 12:43:46,Suco de Laranja,Bebidas,1,8.0
3105,2026-06-26 20:01:46,Suco de Laranja,Bebidas,1,8.0
3106,2026-07-16 03:11:46,Pizza Margherita,Jantar,1,45.0
3107,2026-08-01 18:41:46,Hambúrguer Artesanal,Lanches,2,60.0
3108,2026-07-20 13:34:46,Prato Executivo Frango,Almoço,1,25.0
3109,2026-07-14 05:50:46,Cerveja IPA,Bebidas,1,15.0
3110,2026-07-08 13:16:46,Prato Executivo Frango,Almoço,1,25.0
3111,2026-09-07 15:00:46,Feijoada,Almoço,1,35.0
3112,2026-08-31 19:38:46,Suco de Laranja,Bebidas,1,8.0
3113,2026-07-19 03:12:46,Pizza Margherita,Jantar,1,45.0
3114,2026-07-18 02:55:46,Hambúrguer Artesanal,Lanches,2,60.0
3115,2026-06-27 07:43:46,Hambúrguer Artesanal,Lanches,3,90.0
3116,2026-09-04 09:10:46,Prato Executivo Frango,Almoço,1,25.0
3117,2026-08-20 22:11:46,Suco de Laranja,Bebidas,1,8.0
3118,2026-08-07 15:58:46,Hambúrguer Artesanal,Lanches,1,30.0
3119,2026-07-17 03:51:46,Feijoada,Almoço,2,70.0
3120,2026-08-05 21:49:46,Suco de Laranja,Bebidas,2,16.0
3121,2026-09-11 11:50:46,Feijoada,Almoço,1,35.0
3122,2026-08-27 17:54:46,Feijoada,Almoço,1,35.0
3123,2026-07-31 01:26:46,Hambúrguer Artesanal,Lanches,2,60.0
3124,2026-09-11 05:13:46,Pizza Margherita,Jantar,1,45.0
3125,2026-07-26 17:41:46,Prato Executivo Frango,Almoço,1,25.0
3126,2026-08-06 08:30:46,Suco de Laranja,Bebidas,1,8.0
3127,2026-07-08 03:37:46,Feijoada,Almoço,1,35.0
3128,2026-08-08 06:44:46,Feijoada,Almoço,1,35.0
3129,2026-07-12 09:31:46,Prato Executivo Frango,Almoço,1,25.0
3130,2026-07-09 21:01:46,Pizza Margherita,Jantar,1,45.0
3131,2026-09-01 08:23:46,Cerveja IPA,Bebidas,3,45.0
3132,2026-09-18 19:00:46,Suco de Laranja,Bebidas,2,16.0
3133,2026-06-25 23:49:46,Pizza Margherita,Jantar,1,45.0
3134,2026-06-29 08:08:46,Suco de Laranja,Bebidas,1,8.0
3135,2026-09-04 08:13:46,Pizza Margherita,Jantar,1,45.0
3136,2026-08-18 23:47:46,Cerveja IPA,Bebidas,1,15.0
3137,2026-08-12 02:47:46,Cerveja IPA,Bebidas,1,15.0
3138,2026-08-06 20:26:46,Hambúrguer Artesanal,Lanches,3,90.0
3139,2026-08-08 17:32:46,Suco de Laranja,Bebidas,2,16.0
3140,2026-08-21 05:21:46,Feijoada,Almoço,1,35.0
3141,2026-07-11 19:20:46,Cerveja IPA,Bebidas,1,15.0
3142,2026-07-16 05:19:46,Suco de Laranja,Bebidas,1,8.0
3143,2026-08-13 10:07:46,Pizza Margherita,Jantar,2,90.0
3144,2026-09-17 08:29:46,Pizza Margherita,Jantar,1,45.0
3145,2026-07-03 08:05:46,Cerveja IPA,Bebidas,1,15.0
3146,2026-08-17 09:25:46,Feijoada,Almoço,1,35.0
3147,2026-09-01 02:46:46,Prato Executivo Frango,Almoço,2,50.0
3148,2026-08-10 15:43:46,Hambúrguer Artesanal,Lanches,1,30.0
3149,2026-08-19 12:22:46,Prato Executivo Frango,Almoço,3,75.0
3150,2026-08-12 02:32:46,Pizza Margherita,Jantar,2,90.0
3151,2026-07-02 16:41:46,Suco de Laranja,Bebidas,1,8.0
3152,2026-08-20 10:40:46,Hambúrguer Artesanal,Lanches,2,60.0
3153,2026-09-20 01:06:46,Cerveja IPA,Bebidas,3,45.0
3154,2026-09-10 03:03:46,Feijoada,Almoço,2,70.0
3155,2026-07-14 14:51:46,Prato Executivo Frango,Almoço,2,50.0
3156,2026-08-18 08:31:46,Feijoada,Almoço,1,35.0
3157,2026-07-23 09:00:46,Feijoada,Almoço,1,35.0
3158,2026-07-14 21:24:46,Suco de Laranja,Bebidas,1,8.0
3159,2026-07-26 08:23:46,Hambúrguer Artesanal,Lanches,1,30.0
3160,2026-09-15 22:09:46,Suco de Laranja,Bebidas,1,8.0
3161,2026-09-05 09:48:46,Feijoada,Almoço,2,70.0
3162,2026-08-16 00:13:46,Hambúrguer Artesanal,Lanches,2,60.0
3163,2026-07-11 21:00:46,Pizza Margherita,Jantar,1,45.0
3164,2026-08-02 12:49:46,Feijoada,Almoço,1,35.0
3165,2026-09-04 10:48:46,Cerveja IPA,Bebidas,1,15.0
3166,2026-08-20 04:16:46,Pizza Margherita,Jantar,3,135.0
3167,2026-06-29 00:19:46,Prato Executivo Frango,Almoço,1,25.0
3168,2026-07-19 15:26:46,Cerveja IPA,Bebidas,1,15.0
3169,2026-08-17 11:47:46,Cerveja IPA,Bebidas,1,15.0
3170,2026-07-24 10:10:46,Prato Executivo Frango,Almoço,2,50.0
3171,2026-08-22 01:11:46,Pizza Margherita,Jantar,1,45.0
3172,2026-07-09 09:42:46,Pizza Margherita,Jantar,1,45.0
3173,2026-09-17 09:39:46,Suco de Laranja,Bebidas,1,8.0
3174,2026-09-10 10:25:46,Suco de Laranja,Bebidas,1,8.0
3175,2026-09-16 17:46:46,Suco de Laranja,Bebidas,1,8.0
3176,2026-07-27 22:07:46,Hambúrguer Artesanal,Lanches,1,30.0
3177,2026-07-08 12:32:46,Feijoada,Almoço,1,35.0
3178,2026-07-14 07:33:46,Hambúrguer Artesanal,Lanches,1,30.0
3179,2026-08-20 14:39:46,Suco de Laranja,Bebidas,1,8.0
3180,2026-08-12 04:51:46,Suco de Laranja,Bebidas,1,8.0
3181,2026-08-27 17:41:46,Pizza Margherita,Jantar,1,45.0
3182,2026-08-30 06:08:46,Suco de Laranja,Bebidas,1,8.0
3183,2026-09-20 07:58:46,Cerveja IPA,Bebidas,1,15.0
3184,2026-08-18 16:01:46,Cerveja IPA,Bebidas,1,15.0
3185,2026-06-30 02:44:46,Cerveja IPA,Bebidas,2,30.0
3186,2026-06-29 10:04:46,Pizza Margherita,Jantar,1,45.0
3187,2026-07-01 05:40:46,Feijoada,Almoço,1,35.0
3188,2026-08-19 21:10:46,Cerveja IPA,Bebidas,1,15.0
3189,2026-07-08 23:46:46,Hambúrguer Artesanal,Lanches,3,90.0
3190,2026-07-30 07:16:46,Hambúrguer Artesanal,Lanches,1,30.0
3191,2026-08-07 19:10:46,Suco de Laranja,Bebidas,2,16.0
3192,2026-07-26 16:50:46,Prato Executivo Frango,Almoço,1,25.0
3193,2026-09-19 07:36:46,Suco de Laranja,Bebidas,1,8.0
3194,2026-09-12 20:55:46,Hambúrguer Artesanal,Lanches,3,90.0
3195,2026-08-11 22:19:46,Hambúrguer Artesanal,Lanches,2,60.0
3196,2026-07-05 03:56:46,Prato Executivo Frango,Almoço,1,25.0
3197,2026-08-29 04:47:46,Prato Executivo Frango,Almoço,1,25.0
3198,2026-09-22 16:48:46,Prato Executivo Frango,Almoço,2,50.0
3199,2026-07-20 20:12:46,Cerveja IPA,Bebidas,3,45.0
3200,2026-07-03 06:57:46,Feijoada,Almoço,1,35.0
3201,2026-07-08 04:54:46,Feijoada,Almoço,3,105.0
3202,2026-07-08 21:28:46,Suco de Laranja,Bebidas,2,16.0
3203,2026-08-17 17:38:46,Pizza Margherita,Jantar,1,45.0
3204,2026-08-27 21:01:46,Suco de Laranja,Bebidas,2,16.0
3205,2026-07-27 08:03:46,Hambúrguer Artesanal,Lanches,3,90.0
3206,2026-07-28 22:53:46,Hambúrguer Artesanal,Lanches,1,30.0
3207,2026-06-28 19:26:46,Pizza Margherita,Jantar,2,90.0
3208,2026-08-03 06:48:46,Hambúrguer Artesanal,Lanches,2,60.0
3209,2026-07-26 10:15:46,Pizza Margherita,Jantar,1,45.0
3210,2026-08-06 08:15:46,Suco de Laranja,Bebidas,1,8.0
3211,2026-06-28 00:27:46,Pizza Margherita,Jantar,1,45.0
3212,2026-07-11 04:41:46,Hambúrguer Artesanal,Lanches,1,30.0
3213,2026-07-11 01:34:46,Pizza Margherita,Jantar,1,45.0
3214,2026-08-25 19:19:46,Pizza Margherita,Jantar,1,45.0
3215,2026-07-30 20:33:46,Hambúrguer Artesanal,Lanches,1,30.0
3216,2026-09-01 12:17:46,Suco de Laranja,Bebidas,1,8.0
3217,2026-09-11 02:58:46,Cerveja IPA,Bebidas,2,30.0
3218,2026-07-24 00:30:46,Prato Executivo Frango,Almoço,1,25.0
3219,2026-08-07 15:55:46,Feijoada,Almoço,1,35.0
3220,2026-06-29 05:35:46,Hambúrguer Artesanal,Lanches,1,30.0
3221,2026-06-28 07:10:46,Prato Executivo Frango,Almoço,3,75.0
3222,2026-07-17 15:54:46,Suco de Laranja,Bebidas,1,8.0
3223,2026-08-07 00:00:46,Suco de Laranja,Bebidas,1,8.0
3224,2026-09-12 14:25:46,Suco de Laranja,Bebidas,2,16.0
3225,2026-09-07 03:16:46,Pizza Margherita,Jantar,1,45.0
3226,2026-08-15 16:47:46,Pizza Margherita,Jantar,1,45.0
3227,2026-09-05 17:29:46,Cerveja IPA,Bebidas,2,30.0
3228,2026-06-27 01:29:46,Cerveja IPA,Bebidas,2,30.0
3229,2026-08-30 00:43:46,Feijoada,Almoço,1,35.0
3230,2026-09-17 00:40:46,Cerveja IPA,Bebidas,1,15.0
3231,2026-09-14 13:33:46,Cerveja IPA,Bebidas,2,30.0
3232,2026-07-26 17:49:46,Prato Executivo Frango,Almoço,1,25.0
3233,2026-07-16 07:54:46,Cerveja IPA,Bebidas,1,15.0
3234,2026-06-29 02:38:46,Feijoada,Almoço,1,35.0
3235,2026-09-12 02:29:46,Pizza Margherita,Jantar,1,45.0
3236,2026-08-02 00:00:46,Cerveja IPA,Bebidas,1,15.0
3237,2026-07-15 08:39:46,Hambúrguer Artesanal,Lanches,1,30.0
3238,2026-08-31 19:49:46,Suco de Laranja,Bebidas,1,8.0
3239,2026-06-28 11:46:46,Feijoada,Almoço,2,70.0
3240,2026-08-31 14:25:46,Cerveja IPA,Bebidas,3,45.0
3241,2026-08-04 21:21:46,Pizza Margherita,Jantar,3,135.0
3242,2026-07-15 05:56:46,Feijoada,Almoço,1,35.0
3243,2026-07-15 09:35:46,Feijoada,Almoço,1,35.0
3244,2026-07-30 20:23:46,Pizza Margherita,Jantar,1,45.0
3245,2026-08-11 01:23:46,Feijoada,Almoço,1,35.0
3246,2026-08-18 18:37:46,Cerveja IPA,Bebidas,1,15.0
3247,2026-06-29 19:55:46,Cerveja IPA,Bebidas,1,15.0
3248,2026-08-24 14:23:46,Suco de Laranja,Bebidas,1,8.0
3249,2026-09-01 18:08:46,Cerveja IPA,Bebidas,1,15.0
3250,2026-06-27 12:47:46,Prato Executivo Frango,Almoço,1,25.0
3251,2026-07-15 06:35:46,Pizza Margherita,Jantar,1,45.0
3252,2026-09-02 03:12:46,Prato Executivo Frango,Almoço,2,50.0
3253,2026-06-30 04:50:46,Suco de Laranja,Bebidas,1,8.0
3254,2026-08-09 07:55:46,Hambúrguer Artesanal,Lanches,2,60.0
3255,2026-09-19 23:13:46,Suco de Laranja,Bebidas,2,16.0
3256,2026-07-30 17:24:46,Pizza Margherita,Jantar,1,45.0
3257,2026-08-26 02:00:46,Prato Executivo Frango,Almoço,1,25.0
3258,2026-08-15 16:49:46,Suco de Laranja,Bebidas,3,24.0
3259,2026-07-24 00:13:46,Prato Executivo Frango,Almoço,1,25.0
3260,2026-09-16 12:46:46,Cerveja IPA,Bebidas,1,15.0
3261,2026-08-21 09:16:46,Suco de Laranja,Bebidas,1,8.0
3262,2026-09-06 08:04:46,Pizza Margherita,Jantar,2,90.0
3263,2026-07-27 05:13:46,Pizza Margherita,Jantar,1,45.0
3264,2026-09-14 16:04:46,Suco de Laranja,Bebidas,1,8.0
3265,2026-09-11 04:28:46,Hambúrguer Artesanal,Lanches,1,30.0
3266,2026-07-05 04:00:46,Feijoada,Almoço,1,35.0
3267,2026-07-19 11:03:46,Cerveja IPA,Bebidas,1,15.0
3268,2026-07-10 21:45:46,Hambúrguer Artesanal,Lanches,1,30.0
3269,2026-07-14 11:25:46,Prato Executivo Frango,Almoço,3,75.0
3270,2026-09-09 23:32:46,Cerveja IPA,Bebidas,1,15.0
3271,2026-08-24 16:41:46,Prato Executivo Frango,Almoço,1,25.0
3272,2026-08-25 22:59:46,Hambúrguer Artesanal,Lanches,2,60.0
3273,2026-09-07 04:11:46,Pizza Margherita,Jantar,1,45.0
3274,2026-09-13 20:44:46,Hambúrguer Artesanal,Lanches,1,30.0
3275,2026-06-24 19:47:46,Cerveja IPA,Bebidas,1,15.0
3276,2026-07-05 08:13:46,Suco de Laranja,Bebidas,2,16.0
3277,2026-07-14 06:57:46,Cerveja IPA,Bebidas,2,30.0
3278,2026-07-28 03:45:46,Suco de Laranja,Bebidas,1,8.0
3279,2026-08-16 12:35:46,Cerveja IPA,Bebidas,1,15.0
3280,2026-07-13 20:39:46,Hambúrguer Artesanal,Lanches,1,30.0
3281,2026-07-30 03:43:46,Pizza Margherita,Jantar,2,90.0
3282,2026-09-17 01:17:46,Suco de Laranja,Bebidas,3,24.0
3283,2026-07-14 19:53:46,Pizza Margherita,Jantar,1,45.0
3284,2026-08-19 22:43:46,Pizza Margherita,Jantar,2,90.0
3285,2026-08-03 21:59:46,Suco de Laranja,Bebidas,1,8.0
3286,2026-08-07 21:06:46,Pizza Margherita,Jantar,1,45.0
3287,2026-07-07 01:20:46,Cerveja IPA,Bebidas,2,30.0
3288,2026-06-27 22:45:46,Cerveja IPA,Bebidas,2,30.0
3289,2026-07-27 17:30:46,Pizza Margherita,Jantar,1,45.0
3290,2026-09-16 13:48:46,Suco de Laranja,Bebidas,1,8.0
3291,2026-08-07 03:29:46,Hambúrguer Artesanal,Lanches,2,60.0
3292,2026-09-04 12:58:46,Feijoada,Almoço,3,105.0
3293,2026-07-12 05:17:46,Suco de Laranja,Bebidas,3,24.0
3294,2026-08-15 03:05:46,Prato Executivo Frango,Almoço,1,25.0
3295,2026-09-20 11:50:46,Cerveja IPA,Bebidas,1,15.0
3296,2026-08-26 20:03:46,Pizza Margherita,Jantar,1,45.0
3297,2026-09-01 20:33:46,Suco de Laranja,Bebidas,1,8.0
3298,2026-06-26 23:51:46,Pizza Margherita,Jantar,1,45.0
3299,2026-09-04 19:26:46,Suco de Laranja,Bebidas,3,24.0
3300,2026-08-01 08:34:46,Cerveja IPA,Bebidas,1,15.0
3301,2026-07-27 08:23:46,Suco de Laranja,Bebidas,1,8.0
3302,2026-08-06 14:07:46,Suco de Laranja,Bebidas,1,8.0
3303,2026-09-12 10:32:46,Suco de Laranja,Bebidas,2,16.0
3304,2026-07-31 12:49:46,Cerveja IPA,Bebidas,1,15.0
3305,2026-08-23 11:10:46,Suco de Laranja,Bebidas,1,8.0
3306,2026-09-16 07:44:46,Feijoada,Almoço,2,70.0
3307,2026-07-25 07:29:46,Cerveja IPA,Bebidas,2,30.0
3308,2026-08-30 22:20:46,Hambúrguer Artesanal,Lanches,1,30.0
3309,2026-09-16 20:39:46,Hambúrguer Artesanal,Lanches,3,90.0
3310,2026-08-11 23:13:46,Suco de Laranja,Bebidas,1,8.0
3311,2026-09-13 15:29:46,Cerveja IPA,Bebidas,1,15.0
3312,2026-06-28 09:25:46,Feijoada,Almoço,1,35.0
3313,2026-09-09 16:24:46,Prato Executivo Frango,Almoço,2,50.0
3314,2026-08-24 19:42:46,Suco de Laranja,Bebidas,2,16.0
3315,2026-08-28 12:44:46,Cerveja IPA,Bebidas,1,15.0
3316,2026-08-18 13:47:46,Prato Executivo Frango,Almoço,1,25.0
3317,2026-09-06 04:26:46,Cerveja IPA,Bebidas,1,15.0
3318,2026-07-19 03:33:46,Prato Executivo Frango,Almoço,1,25.0
3319,2026-07-10 07:23:46,Suco de Laranja,Bebidas,2,16.0
3320,2026-07-31 22:46:46,Hambúrguer Artesanal,Lanches,1,30.0
3321,2026-06-28 07:53:46,Cerveja IPA,Bebidas,1,15.0
3322,2026-07-10 16:27:46,Pizza Margherita,Jantar,1,45.0
3323,2026-07-27 01:19:46,Feijoada,Almoço,3,105.0
3324,2026-08-02 21:37:46,Suco de Laranja,Bebidas,2,16.0
3325,2026-09-09 03:14:46,Prato Executivo Frango,Almoço,1,25.0
3326,2026-08-07 05:51:46,Suco de Laranja,Bebidas,1,8.0
3327,2026-08-12 05:25:46,Feijoada,Almoço,3,105.0
3328,2026-07-15 15:00:46,Prato Executivo Frango,Almoço,1,25.0
3329,2026-09-13 04:50:46,Feijoada,Almoço,1,35.0
3330,2026-08-13 05:11:46,Pizza Margherita,Jantar,1,45.0
3331,2026-07-06 08:49:46,Suco de Laranja,Bebidas,1,8.0
3332,2026-08-14 17:03:46,Suco de Laranja,Bebidas,1,8.0
3333,2026-09-11 03:01:46,Hambúrguer Artesanal,Lanches,3,90.0
3334,2026-07-29 01:39:46,Feijoada,Almoço,1,35.0
3335,2026-08-03 21:48:46,Hambúrguer Artesanal,Lanches,2,60.0
3336,2026-06-30 00:24:46,Hambúrguer Artesanal,Lanches,3,90.0
3337,2026-07-26 18:51:46,Pizza Margherita,Jantar,1,45.0
3338,2026-08-10 08:12:46,Hambúrguer Artesanal,Lanches,1,30.0
3339,2026-08-20 03:03:46,Hambúrguer Artesanal,Lanches,1,30.0
3340,2026-09-11 03:32:46,Cerveja IPA,Bebidas,1,15.0
3341,2026-08-27 15:06:46,Cerveja IPA,Bebidas,1,15.0
3342,2026-08-23 20:32:46,Cerveja IPA,Bebidas,1,15.0
3343,2026-07-02 02:31:46,Pizza Margherita,Jantar,1,45.0
3344,2026-07-29 05:04:46,Cerveja IPA,Bebidas,1,15.0
3345,2026-07-15 19:36:46,Suco de Laranja,Bebidas,1,8.0
3346,2026-08-28 08:37:46,Prato Executivo Frango,Almoço,1,25.0
3347,2026-08-12 21:30:46,Pizza Margherita,Jantar,2,90.0
3348,2026-09-10 10:34:46,Prato Executivo Frango,Almoço,1,25.0
3349,2026-08-11 08:47:46,Pizza Margherita,Jantar,2,90.0
3350,2026-07-17 20:11:46,Cerveja IPA,Bebidas,3,45.0
3351,2026-07-13 07:37:46,Hambúrguer Artesanal,Lanches,1,30.0
3352,2026-07-21 18:27:46,Suco de Laranja,Bebidas,1,8.0
3353,2026-09-14 18:16:46,Suco de Laranja,Bebidas,2,16.0
3354,2026-09-06 03:16:46,Prato Executivo Frango,Almoço,2,50.0
3355,2026-08-27 05:47:46,Prato Executivo Frango,Almoço,3,75.0
3356,2026-06-28 02:39:46,Suco de Laranja,Bebidas,1,8.0
3357,2026-09-06 23:22:46,Cerveja IPA,Bebidas,1,15.0
3358,2026-09-22 05:16:46,Hambúrguer Artesanal,Lanches,1,30.0
3359,2026-09-01 13:52:46,Prato Executivo Frango,Almoço,3,75.0
3360,2026-08-06 07:36:46,Prato Executivo Frango,Almoço,1,25.0
3361,2026-08-09 06:16:46,Suco de Laranja,Bebidas,1,8.0
3362,2026-07-05 08:51:46,Suco de Laranja,Bebidas,2,16.0
3363,2026-07-27 12:00:46,Cerveja IPA,Bebidas,1,15.0
3364,2026-08-31 07:17:46,Cerveja IPA,Bebidas,1,15.0
3365,2026-08-05 09:01:46,Prato Executivo Frango,Almoço,1,25.0
3366,2026-07-01 20:36:46,Pizza Margherita,Jantar,1,45.0
3367,2026-08-28 00:17:46,Cerveja IPA,Bebidas,1,15.0
3368,2026-07-31 17:21:46,Prato Executivo Frango,Almoço,1,25.0
3369,2026-09-08 05:43:46,Feijoada,Almoço,1,35.0
3370,2026-08-07 04:17:46,Hambúrguer Artesanal,Lanches,1,30.0
3371,2026-06-24 22:11:46,Suco de Laranja,Bebidas,1,8.0
3372,2026-09-09 21:50:46,Hambúrguer Artesanal,Lanches,2,60.0
3373,2026-08-24 11:42:46,Suco de Laranja,Bebidas,1,8.0
3374,2026-07-02 18:42:46,Cerveja IPA,Bebidas,1,15.0
3375,2026-08-09 17:37:46,Pizza Margherita,Jantar,1,45.0
3376,2026-09-15 23:51:46,Cerveja IPA,Bebidas,1,15.0
3377,2026-09-10 08:13:46,Cerveja IPA,Bebidas,3,45.0
3378,2026-08-10 14:57:46,Prato Executivo Frango,Almoço,1,25.0
3379,2026-08-24 02:38:46,Suco de Laranja,Bebidas,1,8.0
3380,2026-07-27 09:35:46,Hambúrguer Artesanal,Lanches,1,30.0
3381,2026-08-26 19:37:46,Cerveja IPA,Bebidas,1,15.0
3382,2026-07-20 22:30:46,Pizza Margherita,Jantar,1,45.0
3383,2026-08-21 22:19:46,Hambúrguer Artesanal,Lanches,1,30.0
3384,2026-08-02 07:18:46,Pizza Margherita,Jantar,2,90.0
3385,2026-07-21 12:16:46,Prato Executivo Frango,Almoço,1,25.0
3386,2026-07-29 17:02:46,Pizza Margherita,Jantar,1,45.0
3387,2026-08-12 11:43:46,Prato Executivo Frango,Almoço,2,50.0
3388,2026-09-02 22:35:46,Suco de Laranja,Bebidas,1,8.0
3389,2026-09-20 23:09:46,Cerveja IPA,Bebidas,1,15.0
3390,2026-07-21 23:43:46,Hambúrguer Artesanal,Lanches,2,60.0
3391,2026-08-01 02:58:46,Hambúrguer Artesanal,Lanches,1,30.0
3392,2026-09-20 03:39:46,Cerveja IPA,Bebidas,1,15.0
3393,2026-09-09 17:53:46,Suco de Laranja,Bebidas,1,8.0
3394,2026-08-08 08:22:46,Feijoada,Almoço,2,70.0
3395,2026-08-12 18:45:46,Cerveja IPA,Bebidas,1,15.0
3396,2026-08-15 16:03:46,Prato Executivo Frango,Almoço,1,25.0
3397,2026-07-01 08:10:46,Cerveja IPA,Bebidas,3,45.0
3398,2026-08-14 14:14:46,Suco de Laranja,Bebidas,1,8.0
3399,2026-08-09 06:45:46,Cerveja IPA,Bebidas,1,15.0
3400,2026-06-26 15:38:46,Hambúrguer Artesanal,Lanches,1,30.0
3401,2026-08-18 05:43:46,Suco de Laranja,Bebidas,1,8.0
3402,2026-08-27 00:51:46,Hambúrguer Artesanal,Lanches,1,30.0
3403,2026-08-11 01:53:46,Cerveja IPA,Bebidas,1,15.0
3404,2026-09-16 15:01:46,Feijoada,Almoço,2,70.0
3405,2026-09-18 06:26:46,Suco de Laranja,Bebidas,2,16.0
3406,2026-09-05 11:36:46,Suco de Laranja,Bebidas,1,8.0
3407,2026-08-23 23:54:46,Pizza Margherita,Jantar,1,45.0
3408,2026-07-05 19:58:46,Suco de Laranja,Bebidas,2,16.0
3409,2026-07-18 03:45:46,Hambúrguer Artesanal,Lanches,1,30.0
3410,2026-07-01 15:52:46,Hambúrguer Artesanal,Lanches,2,60.0
3411,2026-08-11 05:43:46,Prato Executivo Frango,Almoço,1,25.0
3412,2026-08-08 23:44:46,Pizza Margherita,Jantar,1,45.0
3413,2026-07-21 05:38:46,Suco de Laranja,Bebidas,3,24.0
3414,2026-08-20 11:17:46,Cerveja IPA,Bebidas,1,15.0
3415,2026-07-15 15:01:46,Feijoada,Almoço,2,70.0
3416,2026-08-03 17:40:46,Pizza Margherita,Jantar,2,90.0
3417,2026-08-10 23:33:46,Hambúrguer Artesanal,Lanches,1,30.0
3418,2026-07-03 08:30:46,Pizza Margherita,Jantar,1,45.0
3419,2026-09-18 06:57:46,Suco de Laranja,Bebidas,2,16.0
3420,2026-09-09 16:53:46,Hambúrguer Artesanal,Lanches,1,30.0
3421,2026-09-17 22:53:46,Cerveja IPA,Bebidas,1,15.0
3422,2026-09-20 04:17:46,Prato Executivo Frango,Almoço,1,25.0
3423,2026-08-15 16:22:46,Cerveja IPA,Bebidas,1,15.0
3424,2026-07-16 00:28:46,Cerveja IPA,Bebidas,2,30.0
3425,2026-08-16 03:22:46,Hambúrguer Artesanal,Lanches,1,30.0
3426,2026-09-07 01:54:46,Suco de Laranja,Bebidas,1,8.0
3427,2026-09-08 22:23:46,Hambúrguer Artesanal,Lanches,2,60.0
3428,2026-07-13 18:07:46,Suco de Laranja,Bebidas,1,8.0
3429,2026-07-21 02:18:46,Prato Executivo Frango,Almoço,1,25.0
3430,2026-08-24 23:27:46,Suco de Laranja,Bebidas,1,8.0
3431,2026-07-09 00:09:46,Feijoada,Almoço,1,35.0
3432,2026-08-21 17:31:46,Cerveja IPA,Bebidas,1,15.0
3433,2026-07-13 06:25:46,Suco de Laranja,Bebidas,2,16.0
3434,2026-08-05 15:16:46,Prato Executivo Frango,Almoço,1,25.0
3435,2026-08-26 20:35:46,Cerveja IPA,Bebidas,1,15.0
3436,2026-09-07 16:56:46,Feijoada,Almoço,1,35.0
3437,2026-07-03 12:14:46,Prato Executivo Frango,Almoço,1,25.0
3438,2026-09-19 02:52:46,Pizza Margherita,Jantar,1,45.0
3439,2026-08-21 14:19:46,Feijoada,Almoço,1,35.0
3440,2026-07-13 20:21:46,Pizza Margherita,Jantar,1,45.0
3441,2026-09-09 00:45:46,Cerveja IPA,Bebidas,1,15.0
3442,2026-07-13 16:19:46,Suco de Laranja,Bebidas,1,8.0
3443,2026-07-11 08:09:46,Prato Executivo Frango,Almoço,1,25.0
3444,2026-07-04 21:18:46,Cerveja IPA,Bebidas,1,15.0
3445,2026-09-07 01:20:46,Prato Executivo Frango,Almoço,1,25.0
3446,2026-07-30 20:02:46,Pizza Margherita,Jantar,1,45.0
3447,2026-08-16 22:25:46,Suco de Laranja,Bebidas,1,8.0
3448,2026-09-06 01:15:46,Feijoada,Almoço,2,70.0
3449,2026-08-24 03:30:46,Prato Executivo Frango,Almoço,1,25.0
3450,2026-07-02 02:01:46,Feijoada,Almoço,2,70.0
3451,2026-09-04 15:22:46,Feijoada,Almoço,1,35.0
3452,2026-08-25 12:41:46,Feijoada,Almoço,2,70.0
3453,2026-07-03 11:34:46,Prato Executivo Frango,Almoço,3,75.0
3454,2026-08-26 13:37:46,Suco de Laranja,Bebidas,1,8.0
3455,2026-06-27 03:55:46,Feijoada,Almoço,1,35.0
3456,2026-07-24 08:04:46,Hambúrguer Artesanal,Lanches,1,30.0
3457,2026-08-19 16:43:46,Cerveja IPA,Bebidas,3,45.0
3458,2026-09-18 13:25:46,Feijoada,Almoço,1,35.0
3459,2026-08-31 06:31:46,Suco de Laranja,Bebidas,1,8.0
3460,2026-09-14 06:27:46,Feijoada,Almoço,1,35.0
3461,2026-09-02 23:38:46,Pizza Margherita,Jantar,2,90.0
3462,2026-07-09 00:38:46,Pizza Margherita,Jantar,1,45.0
3463,2026-07-25 10:42:46,Suco de Laranja,Bebidas,1,8.0
3464,2026-07-30 16:34:46,Suco de Laranja,Bebidas,1,8.0
3465,2026-08-09 19:00:46,Suco de Laranja,Bebidas,1,8.0
3466,2026-07-23 03:02:46,Hambúrguer Artesanal,Lanches,1,30.0
3467,2026-08-26 20:53:46,Pizza Margherita,Jantar,1,45.0
3468,2026-09-11 08:30:46,Hambúrguer Artesanal,Lanches,3,90.0
3469,2026-08-04 04:22:46,Prato Executivo Frango,Almoço,1,25.0
3470,2026-07-27 06:53:46,Suco de Laranja,Bebidas,1,8.0
3471,2026-08-01 20:43:46,Pizza Margherita,Jantar,1,45.0
3472,2026-09-20 05:59:46,Hambúrguer Artesanal,Lanches,1,30.0
3473,2026-08-03 18:50:46,Cerveja IPA,Bebidas,1,15.0
3474,2026-09-01 14:51:46,Prato Executivo Frango,Almoço,1,25.0
3475,2026-08-17 06:50:46,Suco de Laranja,Bebidas,1,8.0
3476,2026-07-20 12:36:46,Prato Executivo Frango,Almoço,2,50.0
3477,2026-06-28 12:26:46,Cerveja IPA,Bebidas,1,15.0
3478,2026-08-03 01:11:46,Pizza Margherita,Jantar,1,45.0
3479,2026-09-09 14:14:46,Suco de Laranja,Bebidas,2,16.0
3480,2026-07-03 02:46:46,Hambúrguer Artesanal,Lanches,1,30.0
3481,2026-09-16 16:12:46,Feijoada,Almoço,3,105.0
3482,2026-09-04 00:56:46,Pizza Margherita,Jantar,1,45.0
3483,2026-08-04 10:27:46,Prato Executivo Frango,Almoço,1,25.0
3484,2026-08-04 15:27:46,Pizza Margherita,Jantar,1,45.0
3485,2026-08-04 23:08:46,Hambúrguer Artesanal,Lanches,1,30.0
3486,2026-08-07 09:04:46,Cerveja IPA,Bebidas,2,30.0
3487,2026-07-14 23:26:46,Suco de Laranja,Bebidas,1,8.0
3488,2026-08-18 02:22:46,Prato Executivo Frango,Almoço,2,50.0
3489,2026-07-25 05:12:46,Hambúrguer Artesanal,Lanches,1,30.0
3490,2026-07-26 12:54:46,Cerveja IPA,Bebidas,2,30.0
3491,2026-07-10 23:49:46,Pizza Margherita,Jantar,1,45.0
3492,2026-07-18 15:13:46,Feijoada,Almoço,1,35.0
3493,2026-07-26 11:51:46,Cerveja IPA,Bebidas,2,30.0
3494,2026-06-26 03:35:46,Feijoada,Almoço,1,35.0
3495,2026-07-21 20:34:46,Cerveja IPA,Bebidas,1,15.0
3496,2026-06-29 02:46:46,Hambúrguer Artesanal,Lanches,1,30.0
3497,2026-07-02 08:36:46,Pizza Margherita,Jantar,1,45.0
3498,2026-08-30 14:19:46,Prato Executivo Frango,Almoço,1,25.0
3499,2026-09-12 04:11:46,Suco de Laranja,Bebidas,2,16.0
3500,2026-08-02 18:33:46,Hambúrguer Artesanal,Lanches,2,60.0
3501,2026-09-12 01:33:46,Prato Executivo Frango,Almoço,1,25.0
3502,2026-07-29 23:23:46,Suco de Laranja,Bebidas,1,8.0
3503,2026-09-16 04:01:46,Suco de Laranja,Bebidas,1,8.0
3504,2026-08-29 04:44:46,Feijoada,Almoço,1,35.0
3505,2026-09-02 03:33:46,Prato Executivo Frango,Almoço,3,75.0
3506,2026-08-08 10:42:46,Hambúrguer Artesanal,Lanches,1,30.0
3507,2026-08-15 18:42:46,Suco de Laranja,Bebidas,3,24.0
3508,2026-09-06 14:03:46,Prato Executivo Frango,Almoço,2,50.0
3509,2026-06-24 22:57:46,Hambúrguer Artesanal,Lanches,1,30.0
3510,2026-08-14 04:58:46,Hambúrguer Artesanal,Lanches,1,30.0
3511,2026-08-20 12:19:46,Feijoada,Almoço,1,35.0
3512,2026-09-15 02:09:46,Cerveja IPA,Bebidas,3,45.0
3513,2026-08-25 13:55:46,Cerveja IPA,Bebidas,1,15.0
3514,2026-08-29 15:13:46,Hambúrguer Artesanal,Lanches,1,30.0
3515,2026-09-18 07:34:46,Cerveja IPA,Bebidas,2,30.0
3516,2026-07-22 13:16:46,Suco de Laranja,Bebidas,3,24.0
3517,2026-08-01 00:05:46,Hambúrguer Artesanal,Lanches,1,30.0
3518,2026-08-15 06:19:46,Feijoada,Almoço,1,35.0
3519,2026-09-20 18:20:46,Hambúrguer Artesanal,Lanches,1,30.0
3520,2026-07-17 02:03:46,Prato Executivo Frango,Almoço,1,25.0
3521,2026-07-27 08:51:46,Feijoada,Almoço,1,35.0
3522,2026-07-11 06:12:46,Cerveja IPA,Bebidas,1,15.0
3523,2026-09-09 06:33:46,Feijoada,Almoço,2,70.0
3524,2026-08-03 00:48:46,Prato Executivo Frango,Almoço,1,25.0
3525,2026-08-10 23:28:46,Cerveja IPA,Bebidas,1,15.0
3526,2026-07-09 14:09:46,Feijoada,Almoço,2,70.0
3527,2026-08-09 04:09:46,Feijoada,Almoço,2,70.0
3528,2026-08-04 18:55:46,Cerveja IPA,Bebidas,1,15.0
3529,2026-07-17 22:18:46,Pizza Margherita,Jantar,1,45.0
3530,2026-07-15 06:25:46,Hambúrguer Artesanal,Lanches,1,30.0
3531,2026-08-14 02:10:46,Cerveja IPA,Bebidas,2,30.0
3532,2026-09-07 21:22:46,Suco de Laranja,Bebidas,3,24.0
3533,2026-07-18 00:50:46,Pizza Margherita,Jantar,3,135.0
3534,2026-07-17 22:42:46,Hambúrguer Artesanal,Lanches,1,30.0
3535,2026-08-11 22:26:46,Suco de Laranja,Bebidas,2,16.0
3536,2026-08-01 20:28:46,Suco de Laranja,Bebidas,2,16.0
3537,2026-07-28 11:45:46,Cerveja IPA,Bebidas,1,15.0
3538,2026-09-04 07:36:46,Pizza Margherita,Jantar,2,90.0
3539,2026-08-20 00:47:46,Feijoada,Almoço,1,35.0
3540,2026-07-16 01:05:46,Suco de Laranja,Bebidas,2,16.0
3541,2026-08-09 15:24:46,Prato Executivo Frango,Almoço,1,25.0
3542,2026-08-06 05:28:46,Suco de Laranja,Bebidas,1,8.0
3543,2026-06-28 06:30:46,Pizza Margherita,Jantar,2,90.0
3544,2026-08-04 17:10:46,Prato Executivo Frango,Almoço,1,25.0
3545,2026-07-20 20:34:46,Pizza Margherita,Jantar,1,45.0
3546,2026-09-04 08:36:46,Pizza Margherita,Jantar,1,45.0
3547,2026-08-05 22:49:46,Suco de Laranja,Bebidas,1,8.0
3548,2026-07-22 09:42:46,Suco de Laranja,Bebidas,1,8.0
3549,2026-07-17 00:25:46,Prato Executivo Frango,Almoço,1,25.0
3550,2026-08-13 17:13:46,Feijoada,Almoço,2,70.0
3551,2026-08-21 03:29:46,Feijoada,Almoço,1,35.0
3552,2026-07-11 02:59:46,Feijoada,Almoço,1,35.0
3553,2026-07-31 16:15:46,Feijoada,Almoço,2,70.0
3554,2026-06-27 04:52:46,Suco de Laranja,Bebidas,2,16.0
3555,2026-08-25 17:17:46,Feijoada,Almoço,1,35.0
3556,2026-07-13 02:49:46,Feijoada,Almoço,3,105.0
3557,2026-09-08 11:33:46,Suco de Laranja,Bebidas,2,16.0
3558,2026-09-01 08:07:46,Feijoada,Almoço,1,35.0
3559,2026-08-15 21:55:46,Hambúrguer Artesanal,Lanches,1,30.0
3560,2026-07-05 11:58:46,Prato Executivo Frango,Almoço,1,25.0
3561,2026-06-30 19:08:46,Pizza Margherita,Jantar,2,90.0
3562,2026-08-30 10:49:46,Feijoada,Almoço,2,70.0
3563,2026-08-21 20:53:46,Hambúrguer Artesanal,Lanches,1,30.0
3564,2026-09-22 10:30:46,Hambúrguer Artesanal,Lanches,1,30.0
3565,2026-08-08 06:30:46,Cerveja IPA,Bebidas,2,30.0
3566,2026-08-20 18:54:46,Hambúrguer Artesanal,Lanches,1,30.0
3567,2026-07-01 22:34:46,Suco de Laranja,Bebidas,1,8.0
3568,2026-07-09 10:36:46,Feijoada,Almoço,1,35.0
3569,2026-07-28 06:00:46,Prato Executivo Frango,Almoço,2,50.0
3570,2026-08-04 07:22:46,Hambúrguer Artesanal,Lanches,1,30.0
3571,2026-06-29 08:47:46,Pizza Margherita,Jantar,2,90.0
3572,2026-07-09 11:14:46,Cerveja IPA,Bebidas,1,15.0
3573,2026-09-04 05:40:46,Feijoada,Almoço,2,70.0
3574,2026-08-19 09:42:46,Suco de Laranja,Bebidas,2,16.0
3575,2026-08-08 12:05:46,Prato Executivo Frango,Almoço,1,25.0
3576,2026-08-22 22:37:46,Cerveja IPA,Bebidas,1,15.0
3577,2026-07-27 07:56:46,Pizza Margherita,Jantar,1,45.0
3578,2026-08-15 20:36:46,Suco de Laranja,Bebidas,2,16.0
3579,2026-09-08 07:16:46,Prato Executivo Frango,Almoço,1,25.0
3580,2026-07-13 01:37:46,Suco de Laranja,Bebidas,2,16.0
3581,2026-09-13 10:20:46,Pizza Margherita,Jantar,1,45.0
3582,2026-09-08 10:41:46,Suco de Laranja,Bebidas,1,8.0
3583,2026-07-10 01:49:46,Suco de Laranja,Bebidas,1,8.0
3584,2026-06-26 16:52:46,Pizza Margherita,Jantar,1,45.0
3585,2026-08-02 20:40:46,Pizza Margherita,Jantar,2,90.0
3586,2026-07-03 21:57:46,Pizza Margherita,Jantar,1,45.0
3587,2026-07-13 00:30:46,Hambúrguer Artesanal,Lanches,2,60.0
3588,2026-08-30 09:33:46,Prato Executivo Frango,Almoço,1,25.0
3589,2026-08-15 00:21:46,Prato Executivo Frango,Almoço,1,25.0
3590,2026-08-11 13:41:46,Cerveja IPA,Bebidas,2,30.0
3591,2026-08-10 00:59:46,Cerveja IPA,Bebidas,1,15.0
3592,2026-08-02 12:07:46,Cerveja IPA,Bebidas,2,30.0
3593,2026-07-20 17:10:46,Cerveja IPA,Bebidas,1,15.0
3594,2026-09-06 18:14:46,Pizza Margherita,Jantar,2,90.0
3595,2026-09-17 07:57:46,Prato Executivo Frango,Almoço,1,25.0
3596,2026-07-24 23:34:46,Pizza Margherita,Jantar,1,45.0
3597,2026-09-03 01:19:46,Cerveja IPA,Bebidas,2,30.0
3598,2026-07-16 14:24:46,Feijoada,Almoço,1,35.0
3599,2026-09-17 00:36:46,Suco de Laranja,Bebidas,1,8.0
3600,2026-08-23 11:27:46,Cerveja IPA,Bebidas,1,15.0
3601,2026-07-14 20:49:46,Suco de Laranja,Bebidas,1,8.0
3602,2026-07-15 15:18:46,Pizza Margherita,Jantar,1,45.0
3603,2026-09-19 20:39:46,Suco de Laranja,Bebidas,2,16.0
3604,2026-08-29 14:42:46,Suco de Laranja,Bebidas,1,8.0
3605,2026-08-21 20:52:46,Pizza Margherita,Jantar,1,45.0
3606,2026-08-17 19:16:46,Pizza Margherita,Jantar,2,90.0
3607,2026-08-15 05:37:46,Cerveja IPA,Bebidas,1,15.0
3608,2026-07-19 12:46:46,Feijoada,Almoço,1,35.0
3609,2026-08-31 15:49:46,Pizza Margherita,Jantar,1,45.0
3610,2026-09-18 14:02:46,Prato Executivo Frango,Almoço,1,25.0
3611,2026-08-11 19:02:46,Pizza Margherita,Jantar,2,90.0
3612,2026-08-07 18:34:46,Suco de Laranja,Bebidas,1,8.0
3613,2026-09-18 09:13:46,Suco de Laranja,Bebidas,1,8.0
3614,2026-07-06 14:14:46,Suco de Laranja,Bebidas,1,8.0
3615,2026-07-27 07:43:46,Cerveja IPA,Bebidas,1,15.0
3616,2026-08-23 19:43:46,Suco de Laranja,Bebidas,1,8.0
3617,2026-09-17 23:04:46,Pizza Margherita,Jantar,1,45.0
3618,2026-08-09 17:45:46,Hambúrguer Artesanal,Lanches,1,30.0
3619,2026-08-09 07:18:46,Cerveja IPA,Bebidas,1,15.0
3620,2026-07-13 17:15:46,Pizza Margherita,Jantar,1,45.0
3621,2026-09-17 10:31:46,Prato Executivo Frango,Almoço,1,25.0
3622,2026-08-01 03:26:46,Pizza Margherita,Jantar,1,45.0
3623,2026-08-05 05:44:46,Prato Executivo Frango,Almoço,1,25.0
3624,2026-09-03 13:51:46,Prato Executivo Frango,Almoço,1,25.0
3625,2026-08-22 00:10:46,Pizza Margherita,Jantar,2,90.0
3626,2026-07-26 16:55:46,Hambúrguer Artesanal,Lanches,2,60.0
3627,2026-08-03 19:32:46,Pizza Margherita,Jantar,1,45.0
3628,2026-08-19 23:00:46,Suco de Laranja,Bebidas,1,8.0
3629,2026-08-19 22:11:46,Pizza Margherita,Jantar,1,45.0
3630,2026-08-20 00:02:46,Cerveja IPA,Bebidas,1,15.0
3631,2026-09-09 10:42:46,Prato Executivo Frango,Almoço,1,25.0
3632,2026-09-18 06:39:46,Pizza Margherita,Jantar,1,45.0
3633,2026-08-18 04:46:46,Pizza Margherita,Jantar,1,45.0
3634,2026-07-04 17:43:46,Cerveja IPA,Bebidas,2,30.0
3635,2026-09-15 15:21:46,Pizza Margherita,Jantar,1,45.0
3636,2026-07-30 06:25:46,Cerveja IPA,Bebidas,1,15.0
3637,2026-09-02 16:54:46,Prato Executivo Frango,Almoço,2,50.0
3638,2026-08-19 05:38:46,Prato Executivo Frango,Almoço,2,50.0
3639,2026-07-21 04:56:46,Cerveja IPA,Bebidas,1,15.0
3640,2026-09-12 01:21:46,Prato Executivo Frango,Almoço,1,25.0
3641,2026-08-25 04:13:46,Cerveja IPA,Bebidas,3,45.0
3642,2026-08-30 16:50:46,Cerveja IPA,Bebidas,3,45.0
3643,2026-07-03 08:16:46,Pizza Margherita,Jantar,1,45.0
3644,2026-07-15 04:08:46,Pizza Margherita,Jantar,1,45.0
3645,2026-09-04 16:31:46,Prato Executivo Frango,Almoço,2,50.0
3646,2026-08-27 13:30:46,Cerveja IPA,Bebidas,1,15.0
3647,2026-08-12 22:33:46,Cerveja IPA,Bebidas,1,15.0
3648,2026-09-06 16:20:46,Hambúrguer Artesanal,Lanches,3,90.0
3649,2026-08-07 02:54:46,Feijoada,Almoço,2,70.0
3650,2026-07-07 10:39:46,Hambúrguer Artesanal,Lanches,1,30.0
3651,2026-06-26 22:40:46,Suco de Laranja,Bebidas,1,8.0
3652,2026-08-18 00:48:46,Hambúrguer Artesanal,Lanches,3,90.0
3653,2026-07-15 07:52:46,Feijoada,Almoço,1,35.0
3654,2026-08-06 22:00:46,Pizza Margherita,Jantar,1,45.0
3655,2026-09-16 07:29:46,Prato Executivo Frango,Almoço,3,75.0
3656,2026-08-07 10:58:46,Feijoada,Almoço,1,35.0
3657,2026-06-27 09:31:46,Suco de Laranja,Bebidas,1,8.0
3658,2026-07-27 14:45:46,Cerveja IPA,Bebidas,3,45.0
3659,2026-09-02 11:55:46,Cerveja IPA,Bebidas,1,15.0
3660,2026-08-27 03:50:46,Cerveja IPA,Bebidas,3,45.0
3661,2026-08-14 07:51:46,Prato Executivo Frango,Almoço,1,25.0
3662,2026-09-12 10:11:46,Suco de Laranja,Bebidas,1,8.0
3663,2026-08-14 14:59:46,Feijoada,Almoço,2,70.0
3664,2026-08-11 00:28:46,Cerveja IPA,Bebidas,3,45.0
3665,2026-09-15 13:24:46,Cerveja IPA,Bebidas,2,30.0
3666,2026-08-23 02:55:46,Cerveja IPA,Bebidas,1,15.0
3667,2026-07-19 16:32:46,Feijoada,Almoço,1,35.0
3668,2026-08-10 18:39:46,Pizza Margherita,Jantar,1,45.0
3669,2026-07-29 14:38:46,Suco de Laranja,Bebidas,3,24.0
3670,2026-07-08 02:17:46,Cerveja IPA,Bebidas,1,15.0
3671,2026-07-14 03:19:46,Cerveja IPA,Bebidas,1,15.0
3672,2026-09-19 05:23:46,Cerveja IPA,Bebidas,1,15.0
3673,2026-08-20 04:24:46,Pizza Margherita,Jantar,1,45.0
3674,2026-07-30 13:08:46,Feijoada,Almoço,1,35.0
3675,2026-07-05 19:20:46,Hambúrguer Artesanal,Lanches,1,30.0
3676,2026-08-15 21:00:46,Pizza Margherita,Jantar,2,90.0
3677,2026-09-07 07:29:46,Hambúrguer Artesanal,Lanches,1,30.0
3678,2026-07-24 19:55:46,Cerveja IPA,Bebidas,1,15.0
3679,2026-09-08 23:49:46,Suco de Laranja,Bebidas,1,8.0
3680,2026-08-02 11:58:46,Suco de Laranja,Bebidas,1,8.0
3681,2026-07-09 02:20:46,Cerveja IPA,Bebidas,1,15.0
3682,2026-07-24 06:24:46,Suco de Laranja,Bebidas,1,8.0
3683,2026-06-27 13:23:46,Prato Executivo Frango,Almoço,2,50.0
3684,2026-07-08 19:27:46,Suco de Laranja,Bebidas,3,24.0
3685,2026-09-06 20:52:46,Pizza Margherita,Jantar,3,135.0
3686,2026-09-21 18:53:46,Suco de Laranja,Bebidas,1,8.0
3687,2026-08-05 07:26:46,Hambúrguer Artesanal,Lanches,2,60.0
3688,2026-08-27 11:46:46,Suco de Laranja,Bebidas,1,8.0
3689,2026-07-05 22:16:46,Suco de Laranja,Bebidas,1,8.0
3690,2026-09-12 05:07:46,Prato Executivo Frango,Almoço,3,75.0
3691,2026-08-20 02:27:46,Suco de Laranja,Bebidas,1,8.0
3692,2026-09-13 12:00:46,Prato Executivo Frango,Almoço,1,25.0
3693,2026-06-26 17:37:46,Hambúrguer Artesanal,Lanches,3,90.0
3694,2026-09-05 02:35:46,Cerveja IPA,Bebidas,2,30.0
3695,2026-08-19 03:36:46,Suco de Laranja,Bebidas,2,16.0
3696,2026-07-18 14:16:46,Cerveja IPA,Bebidas,1,15.0
3697,2026-08-05 22:09:46,Pizza Margherita,Jantar,1,45.0
3698,2026-08-17 13:32:46,Cerveja IPA,Bebidas,1,15.0
3699,2026-07-08 19:23:46,Cerveja IPA,Bebidas,1,15.0
3700,2026-07-18 00:03:46,Prato Executivo Frango,Almoço,1,25.0
3701,2026-07-09 03:31:46,Cerveja IPA,Bebidas,3,45.0
3702,2026-09-11 03:12:46,Suco de Laranja,Bebidas,1,8.0
3703,2026-07-25 17:44:46,Prato Executivo Frango,Almoço,1,25.0
3704,2026-06-27 22:58:46,Suco de Laranja,Bebidas,2,16.0
3705,2026-07-04 14:26:46,Cerveja IPA,Bebidas,1,15.0
3706,2026-09-16 06:54:46,Prato Executivo Frango,Almoço,2,50.0
3707,2026-07-03 02:01:46,Suco de Laranja,Bebidas,1,8.0
3708,2026-07-28 22:04:46,Cerveja IPA,Bebidas,1,15.0
3709,2026-06-26 11:56:46,Feijoada,Almoço,1,35.0
3710,2026-07-05 05:19:46,Cerveja IPA,Bebidas,1,15.0
3711,2026-08-27 09:13:46,Feijoada,Almoço,1,35.0
3712,2026-08-11 18:36:46,Pizza Margherita,Jantar,1,45.0
3713,2026-08-17 03:45:46,Hambúrguer Artesanal,Lanches,1,30.0
3714,2026-07-20 08:46:46,Hambúrguer Artesanal,Lanches,1,30.0
3715,2026-09-03 18:20:46,Suco de Laranja,Bebidas,3,24.0
3716,2026-08-31 21:55:46,Hambúrguer Artesanal,Lanches,1,30.0
3717,2026-07-21 23:49:46,Suco de Laranja,Bebidas,1,8.0
3718,2026-08-04 12:24:46,Suco de Laranja,Bebidas,2,16.0
3719,2026-09-14 22:54:46,Suco de Laranja,Bebidas,1,8.0
3720,2026-07-09 18:01:46,Suco de Laranja,Bebidas,1,8.0
3721,2026-07-15 09:03:46,Feijoada,Almoço,2,70.0
3722,2026-07-29 09:34:46,Hambúrguer Artesanal,Lanches,2,60.0
3723,2026-08-04 17:42:46,Cerveja IPA,Bebidas,1,15.0
3724,2026-09-13 18:03:46,Hambúrguer Artesanal,Lanches,1,30.0
3725,2026-06-28 00:40:46,Prato Executivo Frango,Almoço,1,25.0
3726,2026-08-14 22:58:46,Pizza Margherita,Jantar,2,90.0
3727,2026-07-30 12:51:46,Feijoada,Almoço,1,35.0
3728,2026-09-08 01:15:46,Suco de Laranja,Bebidas,3,24.0
3729,2026-08-13 19:30:46,Cerveja IPA,Bebidas,3,45.0
3730,2026-07-29 03:29:46,Suco de Laranja,Bebidas,1,8.0
3731,2026-08-15 22:23:46,Cerveja IPA,Bebidas,2,30.0
3732,2026-07-28 11:43:46,Feijoada,Almoço,2,70.0
3733,2026-09-08 12:01:46,Prato Executivo Frango,Almoço,1,25.0
3734,2026-08-29 05:27:46,Suco de Laranja,Bebidas,1,8.0
3735,2026-07-02 21:52:46,Hambúrguer Artesanal,Lanches,1,30.0
3736,2026-07-01 03:23:46,Hambúrguer Artesanal,Lanches,1,30.0
3737,2026-08-28 02:16:46,Suco de Laranja,Bebidas,1,8.0
3738,2026-09-18 04:48:46,Feijoada,Almoço,1,35.0
3739,2026-08-17 16:42:46,Feijoada,Almoço,1,35.0
3740,2026-08-12 17:12:46,Feijoada,Almoço,2,70.0
3741,2026-07-01 18:07:46,Hambúrguer Artesanal,Lanches,2,60.0
3742,2026-08-05 10:21:46,Suco de Laranja,Bebidas,1,8.0
3743,2026-07-08 15:02:46,Pizza Margherita,Jantar,3,135.0
3744,2026-07-01 05:14:46,Prato Executivo Frango,Almoço,1,25.0
3745,2026-09-15 05:18:46,Cerveja IPA,Bebidas,3,45.0
3746,2026-07-26 22:13:46,Hambúrguer Artesanal,Lanches,1,30.0
3747,2026-08-23 08:43:46,Pizza Margherita,Jantar,1,45.0
3748,2026-08-09 12:34:46,Feijoada,Almoço,1,35.0
3749,2026-08-02 20:00:46,Suco de Laranja,Bebidas,1,8.0
3750,2026-06-26 11:29:46,Prato Executivo Frango,Almoço,1,25.0
3751,2026-07-28 18:49:46,Pizza Margherita,Jantar,2,90.0
3752,2026-08-19 15:03:46,Feijoada,Almoço,1,35.0
3753,2026-09-10 18:43:46,Hambúrguer Artesanal,Lanches,1,30.0
3754,2026-09-14 15:13:46,Hambúrguer Artesanal,Lanches,2,60.0
3755,2026-08-06 15:13:46,Feijoada,Almoço,1,35.0
3756,2026-09-19 18:16:46,Pizza Margherita,Jantar,1,45.0
3757,2026-07-04 20:27:46,Hambúrguer Artesanal,Lanches,3,90.0
3758,2026-07-01 18:22:46,Cerveja IPA,Bebidas,2,30.0
3759,2026-07-01 10:58:46,Suco de Laranja,Bebidas,3,24.0
3760,2026-08-01 06:10:46,Pizza Margherita,Jantar,1,45.0
3761,2026-08-26 09:31:46,Cerveja IPA,Bebidas,1,15.0
3762,2026-07-06 02:58:46,Feijoada,Almoço,1,35.0
3763,2026-09-10 18:47:46,Cerveja IPA,Bebidas,1,15.0
3764,2026-09-16 19:34:46,Hambúrguer Artesanal,Lanches,1,30.0
3765,2026-07-23 21:02:46,Suco de Laranja,Bebidas,1,8.0
3766,2026-08-05 03:12:46,Prato Executivo Frango,Almoço,3,75.0
3767,2026-08-21 13:35:46,Feijoada,Almoço,2,70.0
3768,2026-08-14 02:53:46,Pizza Margherita,Jantar,1,45.0
3769,2026-06-27 05:30:46,Prato Executivo Frango,Almoço,1,25.0
3770,2026-08-26 05:16:46,Prato Executivo Frango,Almoço,1,25.0
3771,2026-09-12 07:59:46,Feijoada,Almoço,1,35.0
3772,2026-09-22 03:11:46,Cerveja IPA,Bebidas,1,15.0
3773,2026-09-21 21:22:46,Cerveja IPA,Bebidas,1,15.0
3774,2026-08-07 03:48:46,Feijoada,Almoço,1,35.0
3775,2026-09-11 19:38:46,Hambúrguer Artesanal,Lanches,3,90.0
3776,2026-09-16 06:54:46,Cerveja IPA,Bebidas,3,45.0
3777,2026-09-15 00:13:46,Suco de Laranja,Bebidas,3,24.0
3778,2026-08-17 21:09:46,Cerveja IPA,Bebidas,3,45.0
3779,2026-07-04 15:46:46,Suco de Laranja,Bebidas,1,8.0
3780,2026-07-26 16:43:46,Prato Executivo Frango,Almoço,1,25.0
3781,2026-09-07 06:03:46,Feijoada,Almoço,1,35.0
3782,2026-08-01 18:59:46,Cerveja IPA,Bebidas,1,15.0
3783,2026-07-22 23:20:46,Pizza Margherita,Jantar,2,90.0
3784,2026-07-27 08:13:46,Prato Executivo Frango,Almoço,1,25.0
3785,2026-09-12 00:42:46,Hambúrguer Artesanal,Lanches,3,90.0
3786,2026-09-16 05:30:46,Pizza Margherita,Jantar,1,45.0
3787,2026-09-05 08:19:46,Hambúrguer Artesanal,Lanches,2,60.0
3788,2026-07-07 17:19:46,Feijoada,Almoço,2,70.0
3789,2026-08-11 15:49:46,Pizza Margherita,Jantar,2,90.0
3790,2026-08-12 12:02:46,Suco de Laranja,Bebidas,1,8.0
3791,2026-07-06 07:10:46,Suco de Laranja,Bebidas,1,8.0
3792,2026-09-13 13:48:46,Feijoada,Almoço,1,35.0
3793,2026-08-19 15:45:46,Hambúrguer Artesanal,Lanches,2,60.0
3794,2026-08-06 06:38:46,Pizza Margherita,Jantar,1,45.0
3795,2026-08-28 09:26:46,Cerveja IPA,Bebidas,2,30.0
3796,2026-07-18 10:21:46,Prato Executivo Frango,Almoço,2,50.0
3797,2026-09-03 06:39:46,Pizza Margherita,Jantar,1,45.0
3798,2026-08-30 01:37:46,Hambúrguer Artesanal,Lanches,1,30.0
3799,2026-09-20 18:47:46,Suco de Laranja,Bebidas,3,24.0
3800,2026-07-03 00:58:46,Suco de Laranja,Bebidas,1,8.0
3801,2026-07-01 11:17:46,Cerveja IPA,Bebidas,1,15.0
3802,2026-09-01 14:14:46,Cerveja IPA,Bebidas,1,15.0
3803,2026-08-25 02:34:46,Pizza Margherita,Jantar,1,45.0
3804,2026-07-07 19:32:46,Suco de Laranja,Bebidas,1,8.0
3805,2026-08-29 19:02:46,Suco de Laranja,Bebidas,1,8.0
3806,2026-08-07 03:15:46,Prato Executivo Frango,Almoço,2,50.0
3807,2026-08-28 15:36:46,Pizza Margherita,Jantar,1,45.0
3808,2026-07-01 15:05:46,Cerveja IPA,Bebidas,2,30.0
3809,2026-09-06 22:44:46,Pizza Margherita,Jantar,2,90.0
3810,2026-08-29 10:30:46,Hambúrguer Artesanal,Lanches,3,90.0
3811,2026-06-26 05:16:46,Suco de Laranja,Bebidas,1,8.0
3812,2026-08-21 21:46:46,Suco de Laranja,Bebidas,1,8.0
3813,2026-09-20 21:01:46,Cerveja IPA,Bebidas,1,15.0
3814,2026-08-24 22:55:46,Pizza Margherita,Jantar,1,45.0
3815,2026-08-26 09:05:46,Prato Executivo Frango,Almoço,1,25.0
3816,2026-09-02 21:21:46,Suco de Laranja,Bebidas,1,8.0
3817,2026-07-31 17:49:46,Prato Executivo Frango,Almoço,3,75.0
3818,2026-08-19 18:01:46,Cerveja IPA,Bebidas,2,30.0
3819,2026-07-09 16:23:46,Pizza Margherita,Jantar,1,45.0
3820,2026-07-19 02:29:46,Suco de Laranja,Bebidas,1,8.0
3821,2026-07-07 01:59:46,Pizza Margherita,Jantar,1,45.0
3822,2026-07-30 10:04:46,Cerveja IPA,Bebidas,1,15.0
3823,2026-08-13 09:52:46,Hambúrguer Artesanal,Lanches,1,30.0
3824,2026-07-04 07:24:46,Pizza Margherita,Jantar,1,45.0
3825,2026-09-18 02:22:46,Prato Executivo Frango,Almoço,1,25.0
3826,2026-07-20 12:35:46,Feijoada,Almoço,1,35.0
3827,2026-09-10 14:05:46,Cerveja IPA,Bebidas,1,15.0
3828,2026-07-03 17:24:46,Suco de Laranja,Bebidas,1,8.0
3829,2026-08-20 14:06:46,Prato Executivo Frango,Almoço,1,25.0
3830,2026-09-19 18:59:46,Suco de Laranja,Bebidas,1,8.0
3831,2026-07-28 17:42:46,Hambúrguer Artesanal,Lanches,1,30.0
3832,2026-08-29 23:23:46,Cerveja IPA,Bebidas,1,15.0
3833,2026-07-08 05:11:46,Pizza Margherita,Jantar,1,45.0
3834,2026-08-02 21:10:46,Suco de Laranja,Bebidas,1,8.0
3835,2026-07-23 03:27:46,Pizza Margherita,Jantar,1,45.0
3836,2026-09-05 21:58:46,Pizza Margherita,Jantar,3,135.0
3837,2026-08-08 11:12:46,Suco de Laranja,Bebidas,1,8.0
3838,2026-09-04 08:33:46,Hambúrguer Artesanal,Lanches,2,60.0
3839,2026-07-08 06:50:46,Suco de Laranja,Bebidas,1,8.0
3840,2026-08-23 21:13:46,Suco de Laranja,Bebidas,1,8.0
3841,2026-06-30 17:00:46,Pizza Margherita,Jantar,3,135.0
3842,2026-08-15 17:20:46,Suco de Laranja,Bebidas,1,8.0
3843,2026-07-17 13:12:46,Cerveja IPA,Bebidas,1,15.0
3844,2026-09-14 16:46:46,Hambúrguer Artesanal,Lanches,2,60.0
3845,2026-06-27 18:37:46,Hambúrguer Artesanal,Lanches,1,30.0
3846,2026-07-30 15:45:46,Prato Executivo Frango,Almoço,1,25.0
3847,2026-06-30 01:10:46,Cerveja IPA,Bebidas,2,30.0
3848,2026-08-21 18:43:46,Suco de Laranja,Bebidas,1,8.0
3849,2026-08-18 13:12:46,Feijoada,Almoço,1,35.0
3850,2026-08-17 14:47:46,Suco de Laranja,Bebidas,1,8.0
3851,2026-06-29 22:42:46,Pizza Margherita,Jantar,1,45.0
3852,2026-08-26 04:01:46,Cerveja IPA,Bebidas,1,15.0
3853,2026-09-21 02:14:46,Prato Executivo Frango,Almoço,1,25.0
3854,2026-09-22 16:50:46,Hambúrguer Artesanal,Lanches,3,90.0
3855,2026-07-23 06:35:46,Hambúrguer Artesanal,Lanches,1,30.0
3856,2026-09-16 01:33:46,Pizza Margherita,Jantar,1,45.0
3857,2026-06-29 00:12:46,Suco de Laranja,Bebidas,1,8.0
3858,2026-08-12 09:04:46,Cerveja IPA,Bebidas,1,15.0
3859,2026-07-13 15:27:46,Feijoada,Almoço,1,35.0
3860,2026-06-30 01:12:46,Cerveja IPA,Bebidas,3,45.0
3861,2026-08-14 21:27:46,Pizza Margherita,Jantar,1,45.0
3862,2026-07-17 12:04:46,Prato Executivo Frango,Almoço,1,25.0
3863,2026-07-07 20:25:46,Hambúrguer Artesanal,Lanches,1,30.0
3864,2026-09-18 01:35:46,Feijoada,Almoço,2,70.0
3865,2026-09-15 05:36:46,Cerveja IPA,Bebidas,2,30.0
3866,2026-09-15 12:32:46,Feijoada,Almoço,1,35.0
3867,2026-09-10 09:25:46,Cerveja IPA,Bebidas,1,15.0
3868,2026-08-28 03:44:46,Hambúrguer Artesanal,Lanches,3,90.0
3869,2026-08-25 22:13:46,Cerveja IPA,Bebidas,2,30.0
3870,2026-08-15 04:10:46,Prato Executivo Frango,Almoço,2,50.0
3871,2026-07-01 13:10:46,Cerveja IPA,Bebidas,1,15.0
3872,2026-08-29 17:04:46,Hambúrguer Artesanal,Lanches,1,30.0
3873,2026-09-11 03:55:46,Cerveja IPA,Bebidas,1,15.0
3874,2026-08-14 18:04:46,Suco de Laranja,Bebidas,1,8.0
3875,2026-07-27 07:34:46,Feijoada,Almoço,1,35.0
3876,2026-08-12 23:20:46,Cerveja IPA,Bebidas,1,15.0
3877,2026-08-31 22:57:46,Hambúrguer Artesanal,Lanches,1,30.0
3878,2026-09-20 13:52:46,Suco de Laranja,Bebidas,2,16.0
3879,2026-09-22 02:04:46,Cerveja IPA,Bebidas,3,45.0
3880,2026-07-15 15:52:46,Cerveja IPA,Bebidas,2,30.0
3881,2026-07-04 14:21:46,Feijoada,Almoço,1,35.0
3882,2026-06-29 20:50:46,Cerveja IPA,Bebidas,2,30.0
3883,2026-09-21 14:35:46,Cerveja IPA,Bebidas,1,15.0
3884,2026-09-06 19:54:46,Hambúrguer Artesanal,Lanches,2,60.0
3885,2026-07-03 12:27:46,Cerveja IPA,Bebidas,1,15.0
3886,2026-09-09 20:09:46,Pizza Margherita,Jantar,1,45.0
3887,2026-08-04 22:22:46,Suco de Laranja,Bebidas,3,24.0
3888,2026-09-14 23:27:46,Hambúrguer Artesanal,Lanches,1,30.0
3889,2026-07-20 14:14:46,Cerveja IPA,Bebidas,1,15.0
3890,2026-08-10 02:17:46,Feijoada,Almoço,3,105.0
3891,2026-09-14 06:35:46,Feijoada,Almoço,1,35.0
3892,2026-08-08 16:22:46,Cerveja IPA,Bebidas,1,15.0
3893,2026-09-08 10:10:46,Hambúrguer Artesanal,Lanches,1,30.0
3894,2026-07-20 06:00:46,Hambúrguer Artesanal,Lanches,1,30.0
3895,2026-09-13 19:51:46,Pizza Margherita,Jantar,2,90.0
3896,2026-07-19 09:40:46,Feijoada,Almoço,1,35.0
3897,2026-09-07 23:18:46,Pizza Margherita,Jantar,2,90.0
3898,2026-07-13 00:35:46,Feijoada,Almoço,1,35.0
3899,2026-06-30 22:16:46,Suco de Laranja,Bebidas,2,16.0
3900,2026-08-26 21:13:46,Pizza Margherita,Jantar,2,90.0
3901,2026-06-26 00:12:46,Suco de Laranja,Bebidas,1,8.0
3902,2026-08-16 17:40:46,Feijoada,Almoço,1,35.0
3903,2026-07-13 19:16:46,Pizza Margherita,Jantar,1,45.0
3904,2026-08-12 18:51:46,Hambúrguer Artesanal,Lanches,1,30.0
3905,2026-06-30 06:06:46,Feijoada,Almoço,1,35.0
3906,2026-08-15 23:07:46,Suco de Laranja,Bebidas,3,24.0
3907,2026-09-16 09:02:46,Cerveja IPA,Bebidas,1,15.0
3908,2026-07-22 14:29:46,Cerveja IPA,Bebidas,1,15.0
3909,2026-07-09 08:49:46,Suco de Laranja,Bebidas,1,8.0
3910,2026-08-28 06:32:46,Feijoada,Almoço,3,105.0
3911,2026-09-20 18:35:46,Hambúrguer Artesanal,Lanches,1,30.0
3912,2026-07-13 04:28:46,Feijoada,Almoço,1,35.0
3913,2026-07-27 06:43:46,Feijoada,Almoço,1,35.0
3914,2026-08-18 22:28:46,Cerveja IPA,Bebidas,1,15.0
3915,2026-08-30 15:29:46,Prato Executivo Frango,Almoço,3,75.0
3916,2026-07-02 07:38:46,Prato Executivo Frango,Almoço,1,25.0
3917,2026-08-19 10:50:46,Suco de Laranja,Bebidas,1,8.0
3918,2026-09-09 07:18:46,Cerveja IPA,Bebidas,1,15.0
3919,2026-08-18 07:52:46,Hambúrguer Artesanal,Lanches,1,30.0
3920,2026-09-15 10:49:46,Feijoada,Almoço,1,35.0
3921,2026-09-08 19:44:46,Hambúrguer Artesanal,Lanches,3,90.0
3922,2026-07-01 09:43:46,Suco de Laranja,Bebidas,1,8.0
3923,2026-08-18 05:02:46,Hambúrguer Artesanal,Lanches,3,90.0
3924,2026-06-25 21:50:46,Hambúrguer Artesanal,Lanches,2,60.0
3925,2026-07-07 16:50:46,Suco de Laranja,Bebidas,1,8.0
3926,2026-08-24 16:01:46,Hambúrguer Artesanal,Lanches,1,30.0
3927,2026-08-25 12:40:46,Cerveja IPA,Bebidas,1,15.0
3928,2026-06-29 03:44:46,Feijoada,Almoço,1,35.0
3929,2026-07-18 13:39:46,Feijoada,Almoço,2,70.0
3930,2026-07-05 05:46:46,Hambúrguer Artesanal,Lanches,2,60.0
3931,2026-06-29 16:25:46,Prato Executivo Frango,Almoço,2,50.0
3932,2026-07-02 19:13:46,Pizza Margherita,Jantar,2,90.0
3933,2026-09-18 22:16:46,Pizza Margherita,Jantar,1,45.0
3934,2026-07-10 18:00:46,Suco de Laranja,Bebidas,2,16.0
3935,2026-07-04 19:04:46,Hambúrguer Artesanal,Lanches,2,60.0
3936,2026-07-24 00:06:46,Prato Executivo Frango,Almoço,1,25.0
3937,2026-09-21 08:57:46,Suco de Laranja,Bebidas,1,8.0
3938,2026-08-12 13:16:46,Feijoada,Almoço,3,105.0
3939,2026-07-24 11:19:46,Cerveja IPA,Bebidas,3,45.0
3940,2026-09-09 17:56:46,Suco de Laranja,Bebidas,1,8.0
3941,2026-07-21 21:37:46,Pizza Margherita,Jantar,2,90.0
3942,2026-07-22 05:05:46,Pizza Margherita,Jantar,1,45.0
3943,2026-07-04 16:00:46,Feijoada,Almoço,1,35.0
3944,2026-07-08 20:43:46,Cerveja IPA,Bebidas,3,45.0
3945,2026-08-21 10:36:46,Hambúrguer Artesanal,Lanches,1,30.0
3946,2026-09-01 02:43:46,Suco de Laranja,Bebidas,1,8.0
3947,2026-07-26 06:39:46,Hambúrguer Artesanal,Lanches,2,60.0
3948,2026-08-14 16:34:46,Hambúrguer Artesanal,Lanches,1,30.0
3949,2026-08-01 23:22:46,Suco de Laranja,Bebidas,1,8.0
3950,2026-09-03 21:03:46,Cerveja IPA,Bebidas,1,15.0
3951,2026-06-27 12:22:46,Prato Executivo Frango,Almoço,1,25.0
3952,2026-09-20 14:38:46,Suco de Laranja,Bebidas,1,8.0
3953,2026-08-10 11:33:46,Cerveja IPA,Bebidas,1,15.0
3954,2026-06-27 12:21:46,Suco de Laranja,Bebidas,3,24.0
3955,2026-08-17 15:31:46,Cerveja IPA,Bebidas,1,15.0
3956,2026-07-27 03:39:46,Feijoada,Almoço,2,70.0
3957,2026-09-21 02:33:46,Prato Executivo Frango,Almoço,1,25.0
3958,2026-08-28 19:59:46,Cerveja IPA,Bebidas,1,15.0
3959,2026-08-05 08:50:46,Feijoada,Almoço,2,70.0
3960,2026-09-05 17:17:46,Suco de Laranja,Bebidas,1,8.0
3961,2026-07-21 22:14:46,Cerveja IPA,Bebidas,1,15.0
3962,2026-09-13 03:49:46,Hambúrguer Artesanal,Lanches,1,30.0
3963,2026-09-09 13:52:46,Feijoada,Almoço,1,35.0
3964,2026-09-15 03:41:46,Cerveja IPA,Bebidas,2,30.0
3965,2026-06-26 22:03:46,Suco de Laranja,Bebidas,1,8.0
3966,2026-07-27 19:42:46,Cerveja IPA,Bebidas,2,30.0
3967,2026-09-16 21:17:46,Cerveja IPA,Bebidas,1,15.0
3968,2026-08-30 21:30:46,Cerveja IPA,Bebidas,1,15.0
3969,2026-07-09 07:02:46,Pizza Margherita,Jantar,1,45.0
3970,2026-09-15 08:48:46,Prato Executivo Frango,Almoço,2,50.0
3971,2026-08-19 20:00:46,Suco de Laranja,Bebidas,1,8.0
3972,2026-07-21 09:33:46,Prato Executivo Frango,Almoço,2,50.0
3973,2026-08-05 12:36:46,Cerveja IPA,Bebidas,1,15.0
3974,2026-07-27 07:54:46,Cerveja IPA,Bebidas,3,45.0
3975,2026-06-26 19:35:46,Suco de Laranja,Bebidas,1,8.0
3976,2026-08-10 08:47:46,Suco de Laranja,Bebidas,1,8.0
3977,2026-08-29 15:17:46,Feijoada,Almoço,1,35.0
3978,2026-07-30 13:42:46,Feijoada,Almoço,3,105.0
3979,2026-08-08 18:31:46,Suco de Laranja,Bebidas,1,8.0
3980,2026-08-22 22:37:46,Suco de Laranja,Bebidas,3,24.0
3981,2026-09-04 11:21:46,Feijoada,Almoço,2,70.0
3982,2026-08-16 12:07:46,Prato Executivo Frango,Almoço,3,75.0
3983,2026-06-28 05:42:46,Cerveja IPA,Bebidas,1,15.0
3984,2026-08-31 02:44:46,Suco de Laranja,Bebidas,2,16.0
3985,2026-09-13 02:43:46,Cerveja IPA,Bebidas,3,45.0
3986,2026-08-12 00:38:46,Hambúrguer Artesanal,Lanches,3,90.0
3987,2026-07-12 21:13:46,Hambúrguer Artesanal,Lanches,1,30.0
3988,2026-07-29 22:55:46,Suco de Laranja,Bebidas,2,16.0
3989,2026-09-13 13:49:46,Prato Executivo Frango,Almoço,1,25.0
3990,2026-07-18 09:36:46,Prato Executivo Frango,Almoço,1,25.0
3991,2026-07-31 14:54:46,Feijoada,Almoço,1,35.0
3992,2026-09-08 04:13:46,Cerveja IPA,Bebidas,2,30.0
3993,2026-08-31 19:44:46,Pizza Margherita,Jantar,1,45.0
3994,2026-08-27 13:40:46,Prato Executivo Frango,Almoço,2,50.0
3995,2026-09-05 12:22:46,Prato Executivo Frango,Almoço,3,75.0
3996,2026-08-24 22:06:46,Suco de Laranja,Bebidas,2,16.0
3997,2026-08-05 06:54:46,Hambúrguer Artesanal,Lanches,1,30.0
3998,2026-09-09 02:47:46,Hambúrguer Artesanal,Lanches,1,30.0
3999,2026-08-30 01:58:46,Suco de Laranja,Bebidas,1,8.0
4000,2026-08-11 22:29:46,Cerveja IPA,Bebidas,1,15.0
4001,2026-08-27 01:00:46,Prato Executivo Frango,Almoço,1,25.0
4002,2026-08-11 00:27:46,Feijoada,Almoço,1,35.0
4003,2026-07-09 07:30:46,Cerveja IPA,Bebidas,2,30.0
4004,2026-07-07 18:28:46,Hambúrguer Artesanal,Lanches,1,30.0
4005,2026-07-26 17:24:46,Cerveja IPA,Bebidas,1,15.0
4006,2026-09-07 23:03:46,Cerveja IPA,Bebidas,1,15.0
4007,2026-07-12 15:16:46,Cerveja IPA,Bebidas,2,30.0
4008,2026-09-19 09:02:46,Suco de Laranja,Bebidas,1,8.0
4009,2026-07-11 21:17:46,Suco de Laranja,Bebidas,1,8.0
4010,2026-08-19 16:42:46,Prato Executivo Frango,Almoço,2,50.0
4011,2026-06-29 07:04:46,Pizza Margherita,Jantar,1,45.0
4012,2026-09-12 09:36:46,Feijoada,Almoço,1,35.0
4013,2026-07-26 04:49:46,Suco de Laranja,Bebidas,1,8.0
4014,2026-08-01 14:34:46,Cerveja IPA,Bebidas,1,15.0
4015,2026-07-17 09:15:46,Cerveja IPA,Bebidas,1,15.0
4016,2026-09-07 11:43:46,Cerveja IPA,Bebidas,2,30.0
4017,2026-07-23 11:39:46,Feijoada,Almoço,2,70.0
4018,2026-08-24 00:51:46,Hambúrguer Artesanal,Lanches,1,30.0
4019,2026-07-20 20:12:46,Hambúrguer Artesanal,Lanches,1,30.0
4020,2026-07-17 11:01:46,Cerveja IPA,Bebidas,1,15.0
4021,2026-08-06 07:57:46,Hambúrguer Artesanal,Lanches,1,30.0
4022,2026-08-13 10:29:46,Suco de Laranja,Bebidas,1,8.0
4023,2026-08-19 14:55:46,Prato Executivo Frango,Almoço,1,25.0
4024,2026-06-30 08:37:46,Suco de Laranja,Bebidas,1,8.0
4025,2026-07-27 13:27:46,Suco de Laranja,Bebidas,3,24.0
4026,2026-08-29 04:05:46,Hambúrguer Artesanal,Lanches,2,60.0
4027,2026-06-26 00:14:46,Hambúrguer Artesanal,Lanches,1,30.0
4028,2026-08-21 09:16:46,Suco de Laranja,Bebidas,3,24.0
4029,2026-07-01 06:31:46,Prato Executivo Frango,Almoço,1,25.0
4030,2026-07-04 20:28:46,Hambúrguer Artesanal,Lanches,1,30.0
4031,2026-08-13 19:39:46,Hambúrguer Artesanal,Lanches,2,60.0
4032,2026-08-24 10:36:46,Prato Executivo Frango,Almoço,2,50.0
4033,2026-08-14 00:20:46,Hambúrguer Artesanal,Lanches,1,30.0
4034,2026-07-06 18:45:46,Hambúrguer Artesanal,Lanches,1,30.0
4035,2026-09-03 09:02:46,Prato Executivo Frango,Almoço,2,50.0
4036,2026-07-28 23:11:46,Cerveja IPA,Bebidas,1,15.0
4037,2026-07-10 14:08:46,Feijoada,Almoço,2,70.0
4038,2026-09-06 14:27:46,Prato Executivo Frango,Almoço,3,75.0
4039,2026-08-23 23:22:46,Suco de Laranja,Bebidas,2,16.0
4040,2026-07-14 18:21:46,Pizza Margherita,Jantar,1,45.0
4041,2026-07-16 04:15:46,Suco de Laranja,Bebidas,1,8.0
4042,2026-09-14 08:27:46,Hambúrguer Artesanal,Lanches,2,60.0
4043,2026-09-12 09:59:46,Pizza Margherita,Jantar,1,45.0
4044,2026-07-06 09:32:46,Pizza Margherita,Jantar,1,45.0
4045,2026-08-01 15:59:46,Prato Executivo Frango,Almoço,1,25.0
4046,2026-06-29 11:50:46,Cerveja IPA,Bebidas,1,15.0
4047,2026-06-26 16:17:46,Hambúrguer Artesanal,Lanches,1,30.0
4048,2026-09-22 00:03:46,Cerveja IPA,Bebidas,3,45.0
4049,2026-09-18 18:28:46,Pizza Margherita,Jantar,1,45.0
4050,2026-08-16 21:06:46,Suco de Laranja,Bebidas,2,16.0
4051,2026-06-25 01:15:46,Pizza Margherita,Jantar,2,90.0
4052,2026-07-20 14:23:46,Feijoada,Almoço,1,35.0
4053,2026-09-07 21:32:46,Cerveja IPA,Bebidas,1,15.0
4054,2026-07-22 05:42:46,Suco de Laranja,Bebidas,1,8.0
4055,2026-09-15 21:09:46,Cerveja IPA,Bebidas,1,15.0
4056,2026-07-10 20:35:46,Hambúrguer Artesanal,Lanches,1,30.0
4057,2026-09-07 14:09:46,Prato Executivo Frango,Almoço,1,25.0
4058,2026-08-13 08:15:46,Suco de Laranja,Bebidas,2,16.0
4059,2026-08-03 13:15:46,Suco de Laranja,Bebidas,1,8.0
4060,2026-08-03 11:09:46,Suco de Laranja,Bebidas,1,8.0
4061,2026-09-05 16:54:46,Pizza Margherita,Jantar,2,90.0
4062,2026-07-30 13:09:46,Cerveja IPA,Bebidas,1,15.0
4063,2026-07-08 22:41:46,Hambúrguer Artesanal,Lanches,1,30.0
4064,2026-08-01 06:37:46,Cerveja IPA,Bebidas,3,45.0
4065,2026-07-27 19:40:46,Pizza Margherita,Jantar,2,90.0
4066,2026-07-10 13:02:46,Feijoada,Almoço,1,35.0
4067,2026-09-09 20:44:46,Hambúrguer Artesanal,Lanches,3,90.0
4068,2026-08-11 22:03:46,Suco de Laranja,Bebidas,2,16.0
4069,2026-07-11 03:09:46,Feijoada,Almoço,1,35.0
4070,2026-08-28 14:36:46,Cerveja IPA,Bebidas,3,45.0
4071,2026-07-29 18:40:46,Pizza Margherita,Jantar,3,135.0
4072,2026-08-29 05:45:46,Suco de Laranja,Bebidas,1,8.0
4073,2026-07-22 22:22:46,Pizza Margherita,Jantar,1,45.0
4074,2026-08-17 03:00:46,Prato Executivo Frango,Almoço,1,25.0
4075,2026-09-22 16:51:46,Cerveja IPA,Bebidas,1,15.0
4076,2026-07-16 10:12:46,Suco de Laranja,Bebidas,1,8.0
4077,2026-08-02 20:00:46,Pizza Margherita,Jantar,2,90.0
4078,2026-08-16 11:11:46,Suco de Laranja,Bebidas,1,8.0
4079,2026-09-12 12:09:46,Feijoada,Almoço,1,35.0
4080,2026-07-06 18:55:46,Hambúrguer Artesanal,Lanches,2,60.0
4081,2026-07-21 00:17:46,Hambúrguer Artesanal,Lanches,1,30.0
4082,2026-06-25 18:34:46,Suco de Laranja,Bebidas,1,8.0
4083,2026-07-29 04:32:46,Prato Executivo Frango,Almoço,1,25.0
4084,2026-06-30 19:18:46,Hambúrguer Artesanal,Lanches,1,30.0
4085,2026-09-15 04:32:46,Prato Executivo Frango,Almoço,1,25.0
4086,2026-08-25 18:45:46,Hambúrguer Artesanal,Lanches,3,90.0
4087,2026-07-14 17:35:46,Prato Executivo Frango,Almoço,2,50.0
4088,2026-07-30 02:24:46,Pizza Margherita,Jantar,3,135.0
4089,2026-08-28 17:46:46,Cerveja IPA,Bebidas,1,15.0
4090,2026-08-30 11:59:46,Prato Executivo Frango,Almoço,1,25.0
4091,2026-08-30 16:04:46,Pizza Margherita,Jantar,1,45.0
4092,2026-09-07 23:21:46,Pizza Margherita,Jantar,3,135.0
4093,2026-07-24 19:23:46,Pizza Margherita,Jantar,1,45.0
4094,2026-08-21 07:54:46,Suco de Laranja,Bebidas,2,16.0
4095,2026-07-07 04:35:46,Hambúrguer Artesanal,Lanches,2,60.0
4096,2026-09-01 15:21:46,Feijoada,Almoço,1,35.0
4097,2026-08-06 03:02:46,Cerveja IPA,Bebidas,1,15.0
4098,2026-09-02 03:14:46,Suco de Laranja,Bebidas,1,8.0
4099,2026-08-09 12:54:46,Cerveja IPA,Bebidas,1,15.0
4100,2026-09-12 08:03:46,Suco de Laranja,Bebidas,1,8.0
4101,2026-08-06 01:52:46,Prato Executivo Frango,Almoço,1,25.0
4102,2026-09-17 20:40:46,Cerveja IPA,Bebidas,1,15.0
4103,2026-08-09 13:36:46,Prato Executivo Frango,Almoço,1,25.0
4104,2026-07-31 09:04:46,Hambúrguer Artesanal,Lanches,1,30.0
4105,2026-06-30 09:36:46,Hambúrguer Artesanal,Lanches,2,60.0
4106,2026-08-16 21:07:46,Pizza Margherita,Jantar,2,90.0
4107,2026-07-13 21:58:46,Hambúrguer Artesanal,Lanches,1,30.0
4108,2026-07-27 16:27:46,Hambúrguer Artesanal,Lanches,1,30.0
4109,2026-06-25 07:53:46,Cerveja IPA,Bebidas,2,30.0
4110,2026-08-16 22:22:46,Pizza Margherita,Jantar,2,90.0
4111,2026-09-06 03:43:46,Hambúrguer Artesanal,Lanches,2,60.0
4112,2026-08-20 05:49:46,Cerveja IPA,Bebidas,1,15.0
4113,2026-07-15 00:04:46,Cerveja IPA,Bebidas,2,30.0
4114,2026-09-13 07:43:46,Feijoada,Almoço,2,70.0
4115,2026-09-13 14:29:46,Prato Executivo Frango,Almoço,1,25.0
4116,2026-07-13 14:20:46,Prato Executivo Frango,Almoço,1,25.0
4117,2026-07-29 09:54:46,Pizza Margherita,Jantar,1,45.0
4118,2026-09-21 22:01:46,Cerveja IPA,Bebidas,2,30.0
4119,2026-08-24 21:14:46,Hambúrguer Artesanal,Lanches,2,60.0
4120,2026-07-08 11:10:46,Cerveja IPA,Bebidas,1,15.0
4121,2026-08-02 18:55:46,Suco de Laranja,Bebidas,1,8.0
4122,2026-07-14 16:46:46,Suco de Laranja,Bebidas,2,16.0
4123,2026-07-31 12:32:46,Prato Executivo Frango,Almoço,1,25.0
4124,2026-09-20 14:36:46,Prato Executivo Frango,Almoço,2,50.0
4125,2026-06-30 18:12:46,Pizza Margherita,Jantar,1,45.0
4126,2026-09-04 09:56:46,Pizza Margherita,Jantar,1,45.0
4127,2026-08-17 19:22:46,Cerveja IPA,Bebidas,1,15.0
4128,2026-09-02 03:23:46,Hambúrguer Artesanal,Lanches,1,30.0
4129,2026-07-10 20:09:46,Pizza Margherita,Jantar,2,90.0
4130,2026-07-29 17:54:46,Pizza Margherita,Jantar,1,45.0
4131,2026-08-14 05:40:46,Suco de Laranja,Bebidas,1,8.0
4132,2026-07-21 12:57:46,Cerveja IPA,Bebidas,1,15.0
4133,2026-09-15 06:05:46,Hambúrguer Artesanal,Lanches,1,30.0
4134,2026-08-17 20:02:46,Hambúrguer Artesanal,Lanches,1,30.0
4135,2026-07-15 01:00:46,Feijoada,Almoço,1,35.0
4136,2026-08-22 19:34:46,Hambúrguer Artesanal,Lanches,2,60.0
4137,2026-07-31 04:59:46,Pizza Margherita,Jantar,1,45.0
4138,2026-06-28 09:37:46,Hambúrguer Artesanal,Lanches,1,30.0
4139,2026-07-20 01:25:46,Hambúrguer Artesanal,Lanches,1,30.0
4140,2026-09-10 21:21:46,Pizza Margherita,Jantar,1,45.0
4141,2026-09-21 04:41:46,Suco de Laranja,Bebidas,3,24.0
4142,2026-06-28 12:28:46,Suco de Laranja,Bebidas,1,8.0
4143,2026-09-20 03:16:46,Cerveja IPA,Bebidas,2,30.0
4144,2026-09-17 08:30:46,Prato Executivo Frango,Almoço,2,50.0
4145,2026-09-10 22:57:46,Cerveja IPA,Bebidas,1,15.0
4146,2026-07-19 14:18:46,Feijoada,Almoço,1,35.0
4147,2026-08-11 02:28:46,Cerveja IPA,Bebidas,1,15.0
4148,2026-08-29 16:34:46,Suco de Laranja,Bebidas,1,8.0
4149,2026-08-04 17:39:46,Hambúrguer Artesanal,Lanches,1,30.0
4150,2026-07-18 14:53:46,Feijoada,Almoço,1,35.0
4151,2026-08-22 01:35:46,Feijoada,Almoço,1,35.0
4152,2026-08-04 17:04:46,Pizza Margherita,Jantar,1,45.0
4153,2026-07-09 02:10:46,Feijoada,Almoço,1,35.0
4154,2026-07-18 11:46:46,Feijoada,Almoço,1,35.0
4155,2026-07-25 01:27:46,Hambúrguer Artesanal,Lanches,1,30.0
4156,2026-09-07 00:31:46,Suco de Laranja,Bebidas,3,24.0
4157,2026-07-11 18:48:46,Hambúrguer Artesanal,Lanches,1,30.0
4158,2026-08-29 17:37:46,Hambúrguer Artesanal,Lanches,1,30.0
4159,2026-08-20 12:40:46,Feijoada,Almoço,1,35.0
4160,2026-07-02 00:28:46,Cerveja IPA,Bebidas,1,15.0
4161,2026-07-09 09:14:46,Prato Executivo Frango,Almoço,1,25.0
4162,2026-06-28 23:10:46,Pizza Margherita,Jantar,2,90.0
4163,2026-08-13 05:46:46,Pizza Margherita,Jantar,1,45.0
4164,2026-06-25 12:28:46,Cerveja IPA,Bebidas,2,30.0
4165,2026-08-27 14:59:46,Suco de Laranja,Bebidas,1,8.0
4166,2026-07-09 00:51:46,Pizza Margherita,Jantar,3,135.0
4167,2026-08-02 00:19:46,Feijoada,Almoço,1,35.0
4168,2026-07-19 17:00:46,Feijoada,Almoço,1,35.0
4169,2026-07-01 15:53:46,Cerveja IPA,Bebidas,1,15.0
4170,2026-08-30 07:33:46,Prato Executivo Frango,Almoço,1,25.0
4171,2026-07-15 19:12:46,Pizza Margherita,Jantar,3,135.0
4172,2026-09-07 15:52:46,Hambúrguer Artesanal,Lanches,3,90.0
4173,2026-07-15 03:57:46,Pizza Margherita,Jantar,1,45.0
4174,2026-07-07 18:57:46,Cerveja IPA,Bebidas,2,30.0
4175,2026-07-13 09:15:46,Hambúrguer Artesanal,Lanches,1,30.0
4176,2026-07-19 23:53:46,Cerveja IPA,Bebidas,2,30.0
4177,2026-08-28 14:38:46,Suco de Laranja,Bebidas,1,8.0
4178,2026-08-01 19:57:46,Cerveja IPA,Bebidas,1,15.0
4179,2026-08-12 05:57:46,Hambúrguer Artesanal,Lanches,1,30.0
4180,2026-06-28 09:20:46,Feijoada,Almoço,1,35.0
4181,2026-08-02 00:13:46,Hambúrguer Artesanal,Lanches,2,60.0
4182,2026-06-30 03:56:46,Cerveja IPA,Bebidas,2,30.0
4183,2026-07-26 02:49:46,Suco de Laranja,Bebidas,2,16.0
4184,2026-09-17 18:34:46,Cerveja IPA,Bebidas,2,30.0
4185,2026-08-31 18:41:46,Cerveja IPA,Bebidas,1,15.0
4186,2026-08-25 18:19:46,Suco de Laranja,Bebidas,1,8.0
4187,2026-08-22 13:38:46,Feijoada,Almoço,3,105.0
4188,2026-08-19 12:58:46,Prato Executivo Frango,Almoço,1,25.0
4189,2026-07-04 22:11:46,Hambúrguer Artesanal,Lanches,1,30.0
4190,2026-07-25 10:17:46,Feijoada,Almoço,1,35.0
4191,2026-09-08 22:04:46,Cerveja IPA,Bebidas,1,15.0
4192,2026-07-30 06:29:46,Prato Executivo Frango,Almoço,1,25.0
4193,2026-09-21 01:08:46,Suco de Laranja,Bebidas,1,8.0
4194,2026-07-25 01:15:46,Pizza Margherita,Jantar,2,90.0
4195,2026-09-07 10:36:46,Feijoada,Almoço,1,35.0
4196,2026-07-02 10:19:46,Feijoada,Almoço,1,35.0
4197,2026-07-07 08:40:46,Prato Executivo Frango,Almoço,1,25.0
4198,2026-07-11 10:03:46,Cerveja IPA,Bebidas,1,15.0
4199,2026-07-09 13:10:46,Cerveja IPA,Bebidas,1,15.0
4200,2026-09-21 04:30:46,Hambúrguer Artesanal,Lanches,1,30.0
4201,2026-07-08 18:02:46,Suco de Laranja,Bebidas,1,8.0
4202,2026-09-11 11:46:46,Prato Executivo Frango,Almoço,2,50.0
4203,2026-09-13 15:45:46,Pizza Margherita,Jantar,1,45.0
4204,2026-08-29 22:20:46,Hambúrguer Artesanal,Lanches,1,30.0
4205,2026-08-18 17:46:46,Cerveja IPA,Bebidas,3,45.0
4206,2026-09-07 08:26:46,Prato Executivo Frango,Almoço,3,75.0
4207,2026-08-04 16:59:46,Hambúrguer Artesanal,Lanches,2,60.0
4208,2026-08-28 20:00:46,Hambúrguer Artesanal,Lanches,1,30.0
4209,2026-07-27 13:44:46,Prato Executivo Frango,Almoço,1,25.0
4210,2026-08-18 20:32:46,Suco de Laranja,Bebidas,1,8.0
4211,2026-07-05 17:29:46,Suco de Laranja,Bebidas,3,24.0
4212,2026-06-30 07:41:46,Prato Executivo Frango,Almoço,3,75.0
4213,2026-09-05 16:55:46,Prato Executivo Frango,Almoço,1,25.0
4214,2026-09-19 05:20:46,Cerveja IPA,Bebidas,1,15.0
4215,2026-06-28 11:49:46,Prato Executivo Frango,Almoço,1,25.0
4216,2026-09-03 12:20:46,Cerveja IPA,Bebidas,1,15.0
4217,2026-08-04 08:25:46,Suco de Laranja,Bebidas,1,8.0
4218,2026-06-29 14:51:46,Prato Executivo Frango,Almoço,1,25.0
4219,2026-09-15 13:02:46,Prato Executivo Frango,Almoço,2,50.0
4220,2026-09-01 14:58:46,Suco de Laranja,Bebidas,1,8.0
4221,2026-07-11 12:42:46,Feijoada,Almoço,1,35.0
4222,2026-08-22 07:27:46,Prato Executivo Frango,Almoço,1,25.0
4223,2026-07-16 08:56:46,Feijoada,Almoço,1,35.0
4224,2026-09-21 13:10:46,Feijoada,Almoço,1,35.0
4225,2026-08-04 00:33:46,Prato Executivo Frango,Almoço,1,25.0
4226,2026-07-21 09:18:46,Suco de Laranja,Bebidas,1,8.0
4227,2026-08-08 18:39:46,Suco de Laranja,Bebidas,1,8.0
4228,2026-07-28 22:04:46,Hambúrguer Artesanal,Lanches,1,30.0
4229,2026-08-30 15:15:46,Prato Executivo Frango,Almoço,2,50.0
4230,2026-07-08 17:28:46,Prato Executivo Frango,Almoço,1,25.0
4231,2026-07-29 16:35:46,Pizza Margherita,Jantar,1,45.0
4232,2026-07-23 19:01:46,Cerveja IPA,Bebidas,1,15.0
4233,2026-08-24 01:59:46,Feijoada,Almoço,1,35.0
4234,2026-09-11 09:49:46,Pizza Margherita,Jantar,1,45.0
4235,2026-07-31 18:10:46,Pizza Margherita,Jantar,1,45.0
4236,2026-09-11 15:17:46,Hambúrguer Artesanal,Lanches,1,30.0
4237,2026-06-27 09:04:46,Feijoada,Almoço,3,105.0
4238,2026-07-16 18:47:46,Suco de Laranja,Bebidas,1,8.0
4239,2026-08-29 22:35:46,Hambúrguer Artesanal,Lanches,1,30.0
4240,2026-08-19 14:30:46,Feijoada,Almoço,1,35.0
4241,2026-09-15 09:45:46,Feijoada,Almoço,3,105.0
4242,2026-08-23 17:51:46,Suco de Laranja,Bebidas,1,8.0
4243,2026-07-21 11:23:46,Prato Executivo Frango,Almoço,1,25.0
4244,2026-07-20 04:00:46,Pizza Margherita,Jantar,1,45.0
4245,2026-09-02 16:24:46,Hambúrguer Artesanal,Lanches,1,30.0
4246,2026-07-11 19:45:46,Cerveja IPA,Bebidas,3,45.0
4247,2026-08-15 18:30:46,Pizza Margherita,Jantar,1,45.0
4248,2026-07-09 23:43:46,Hambúrguer Artesanal,Lanches,1,30.0
4249,2026-08-03 11:42:46,Cerveja IPA,Bebidas,3,45.0
4250,2026-08-09 08:18:46,Pizza Margherita,Jantar,1,45.0
4251,2026-09-14 03:13:46,Suco de Laranja,Bebidas,1,8.0
4252,2026-08-30 11:42:46,Prato Executivo Frango,Almoço,2,50.0
4253,2026-08-08 00:39:46,Hambúrguer Artesanal,Lanches,1,30.0
4254,2026-07-05 10:42:46,Hambúrguer Artesanal,Lanches,1,30.0
4255,2026-09-18 18:53:46,Cerveja IPA,Bebidas,1,15.0
4256,2026-09-18 04:39:46,Cerveja IPA,Bebidas,1,15.0
4257,2026-06-25 07:49:46,Hambúrguer Artesanal,Lanches,1,30.0
4258,2026-07-15 00:43:46,Suco de Laranja,Bebidas,3,24.0
4259,2026-08-13 17:36:46,Suco de Laranja,Bebidas,1,8.0
4260,2026-07-26 03:13:46,Suco de Laranja,Bebidas,3,24.0
4261,2026-07-11 03:38:46,Feijoada,Almoço,1,35.0
4262,2026-08-03 03:18:46,Prato Executivo Frango,Almoço,1,25.0
4263,2026-09-12 20:14:46,Cerveja IPA,Bebidas,3,45.0
4264,2026-09-02 00:23:46,Suco de Laranja,Bebidas,1,8.0
4265,2026-09-20 17:15:46,Hambúrguer Artesanal,Lanches,1,30.0
4266,2026-08-24 06:01:46,Prato Executivo Frango,Almoço,3,75.0
4267,2026-08-20 10:23:46,Suco de Laranja,Bebidas,1,8.0
4268,2026-07-23 17:55:46,Pizza Margherita,Jantar,2,90.0
4269,2026-09-05 16:22:46,Suco de Laranja,Bebidas,2,16.0
4270,2026-09-11 13:51:46,Suco de Laranja,Bebidas,3,24.0
4271,2026-08-01 12:07:46,Cerveja IPA,Bebidas,1,15.0
4272,2026-08-02 18:10:46,Pizza Margherita,Jantar,2,90.0
4273,2026-07-11 00:52:46,Cerveja IPA,Bebidas,1,15.0
4274,2026-08-25 00:00:46,Hambúrguer Artesanal,Lanches,1,30.0
4275,2026-09-13 06:28:46,Prato Executivo Frango,Almoço,3,75.0
4276,2026-07-19 06:39:46,Suco de Laranja,Bebidas,1,8.0
4277,2026-06-25 23:25:46,Cerveja IPA,Bebidas,1,15.0
4278,2026-07-03 12:20:46,Prato Executivo Frango,Almoço,2,50.0
4279,2026-08-14 14:03:46,Feijoada,Almoço,1,35.0
4280,2026-08-15 04:42:46,Hambúrguer Artesanal,Lanches,1,30.0
4281,2026-07-10 11:33:46,Cerveja IPA,Bebidas,1,15.0
4282,2026-07-15 06:15:46,Cerveja IPA,Bebidas,1,15.0
4283,2026-09-02 14:28:46,Prato Executivo Frango,Almoço,1,25.0
4284,2026-09-14 07:52:46,Prato Executivo Frango,Almoço,1,25.0
4285,2026-08-21 18:40:46,Suco de Laranja,Bebidas,2,16.0
4286,2026-08-03 08:26:46,Feijoada,Almoço,1,35.0
4287,2026-09-01 03:23:46,Suco de Laranja,Bebidas,1,8.0
4288,2026-07-30 15:01:46,Suco de Laranja,Bebidas,1,8.0
4289,2026-08-04 13:01:46,Feijoada,Almoço,1,35.0
4290,2026-08-18 13:24:46,Prato Executivo Frango,Almoço,1,25.0
4291,2026-06-29 06:21:46,Cerveja IPA,Bebidas,1,15.0
4292,2026-07-11 23:32:46,Cerveja IPA,Bebidas,1,15.0
4293,2026-08-01 17:52:46,Pizza Margherita,Jantar,1,45.0
4294,2026-07-18 05:50:46,Feijoada,Almoço,3,105.0
4295,2026-08-09 16:04:46,Cerveja IPA,Bebidas,1,15.0
4296,2026-07-31 01:34:46,Pizza Margherita,Jantar,2,90.0
4297,2026-09-16 20:31:46,Pizza Margherita,Jantar,2,90.0
4298,2026-07-20 22:46:46,Hambúrguer Artesanal,Lanches,1,30.0
4299,2026-09-04 19:56:46,Cerveja IPA,Bebidas,3,45.0
4300,2026-08-29 22:47:46,Hambúrguer Artesanal,Lanches,1,30.0
4301,2026-08-21 14:40:46,Feijoada,Almoço,2,70.0
4302,2026-07-09 18:24:46,Hambúrguer Artesanal,Lanches,1,30.0
4303,2026-08-30 04:55:46,Pizza Margherita,Jantar,1,45.0
4304,2026-08-16 15:31:46,Cerveja IPA,Bebidas,1,15.0
4305,2026-07-15 20:40:46,Suco de Laranja,Bebidas,2,16.0
4306,2026-09-17 01:09:46,Suco de Laranja,Bebidas,1,8.0
4307,2026-07-07 04:04:46,Suco de Laranja,Bebidas,1,8.0
4308,2026-07-13 19:18:46,Hambúrguer Artesanal,Lanches,1,30.0
4309,2026-09-16 00:54:46,Pizza Margherita,Jantar,1,45.0
4310,2026-09-10 12:16:46,Suco de Laranja,Bebidas,1,8.0
4311,2026-09-14 00:58:46,Hambúrguer Artesanal,Lanches,1,30.0
4312,2026-09-12 23:25:46,Cerveja IPA,Bebidas,1,15.0
4313,2026-07-08 18:58:46,Hambúrguer Artesanal,Lanches,2,60.0
4314,2026-08-09 16:56:46,Suco de Laranja,Bebidas,3,24.0
4315,2026-09-01 19:14:46,Cerveja IPA,Bebidas,2,30.0
4316,2026-09-10 15:20:46,Feijoada,Almoço,2,70.0
4317,2026-07-29 11:16:46,Feijoada,Almoço,2,70.0
4318,2026-08-14 02:01:46,Pizza Margherita,Jantar,2,90.0
4319,2026-09-03 13:08:46,Feijoada,Almoço,1,35.0
4320,2026-07-04 03:31:46,Prato Executivo Frango,Almoço,1,25.0
4321,2026-09-07 18:07:46,Suco de Laranja,Bebidas,3,24.0
4322,2026-08-14 09:04:46,Prato Executivo Frango,Almoço,2,50.0
4323,2026-09-02 10:40:46,Suco de Laranja,Bebidas,1,8.0
4324,2026-08-11 17:15:46,Suco de Laranja,Bebidas,1,8.0
4325,2026-08-20 10:45:46,Prato Executivo Frango,Almoço,1,25.0
4326,2026-09-14 21:49:46,Hambúrguer Artesanal,Lanches,1,30.0
4327,2026-07-25 12:09:46,Suco de Laranja,Bebidas,2,16.0
4328,2026-09-18 01:14:46,Pizza Margherita,Jantar,1,45.0
4329,2026-08-28 00:34:46,Prato Executivo Frango,Almoço,3,75.0
4330,2026-09-16 02:05:46,Feijoada,Almoço,2,70.0
4331,2026-09-21 09:09:46,Pizza Margherita,Jantar,1,45.0
4332,2026-09-13 12:58:46,Cerveja IPA,Bebidas,2,30.0
4333,2026-09-20 03:23:46,Suco de Laranja,Bebidas,1,8.0
4334,2026-09-12 07:59:46,Hambúrguer Artesanal,Lanches,1,30.0
4335,2026-07-10 15:56:46,Pizza Margherita,Jantar,2,90.0
4336,2026-08-27 04:24:46,Prato Executivo Frango,Almoço,1,25.0
4337,2026-08-17 04:24:46,Suco de Laranja,Bebidas,2,16.0
4338,2026-07-31 01:45:46,Suco de Laranja,Bebidas,1,8.0
4339,2026-06-28 23:27:46,Hambúrguer Artesanal,Lanches,3,90.0
4340,2026-07-01 19:58:46,Pizza Margherita,Jantar,1,45.0
4341,2026-08-09 01:56:46,Feijoada,Almoço,3,105.0
4342,2026-08-14 02:03:46,Feijoada,Almoço,1,35.0
4343,2026-08-11 17:07:46,Feijoada,Almoço,1,35.0
4344,2026-07-31 21:27:46,Suco de Laranja,Bebidas,1,8.0
4345,2026-08-25 17:03:46,Suco de Laranja,Bebidas,1,8.0
4346,2026-08-25 14:32:46,Feijoada,Almoço,1,35.0
4347,2026-08-07 22:25:46,Hambúrguer Artesanal,Lanches,1,30.0
4348,2026-08-31 11:57:46,Suco de Laranja,Bebidas,1,8.0
4349,2026-07-04 18:02:46,Suco de Laranja,Bebidas,2,16.0
4350,2026-08-05 11:37:46,Suco de Laranja,Bebidas,1,8.0
4351,2026-07-29 04:35:46,Pizza Margherita,Jantar,1,45.0
4352,2026-07-03 19:22:46,Pizza Margherita,Jantar,1,45.0
4353,2026-08-29 05:53:46,Suco de Laranja,Bebidas,1,8.0
4354,2026-07-01 04:50:46,Cerveja IPA,Bebidas,2,30.0
4355,2026-07-03 10:41:46,Prato Executivo Frango,Almoço,1,25.0
4356,2026-08-29 13:02:46,Feijoada,Almoço,1,35.0
4357,2026-09-01 07:00:46,Feijoada,Almoço,1,35.0
4358,2026-07-10 01:23:46,Hambúrguer Artesanal,Lanches,1,30.0
4359,2026-09-15 08:30:46,Pizza Margherita,Jantar,1,45.0
4360,2026-08-30 19:25:46,Pizza Margherita,Jantar,1,45.0
4361,2026-08-23 08:15:46,Cerveja IPA,Bebidas,1,15.0
4362,2026-06-28 09:46:46,Pizza Margherita,Jantar,1,45.0
4363,2026-08-22 11:28:46,Prato Executivo Frango,Almoço,1,25.0
4364,2026-09-15 07:37:46,Pizza Margherita,Jantar,1,45.0
4365,2026-06-29 19:34:46,Hambúrguer Artesanal,Lanches,1,30.0
4366,2026-08-27 05:26:46,Suco de Laranja,Bebidas,3,24.0
4367,2026-08-12 23:06:46,Pizza Margherita,Jantar,1,45.0
4368,2026-09-22 18:02:46,Hambúrguer Artesanal,Lanches,1,30.0
4369,2026-09-21 05:30:46,Cerveja IPA,Bebidas,1,15.0
4370,2026-08-03 23:42:46,Cerveja IPA,Bebidas,2,30.0
4371,2026-07-10 00:01:46,Hambúrguer Artesanal,Lanches,3,90.0
4372,2026-08-18 05:39:46,Suco de Laranja,Bebidas,1,8.0
4373,2026-08-26 03:55:46,Prato Executivo Frango,Almoço,1,25.0
4374,2026-09-07 17:27:46,Suco de Laranja,Bebidas,1,8.0
4375,2026-08-09 22:09:46,Suco de Laranja,Bebidas,1,8.0
4376,2026-08-19 10:51:46,Suco de Laranja,Bebidas,2,16.0
4377,2026-07-13 08:25:46,Suco de Laranja,Bebidas,1,8.0
4378,2026-07-22 16:30:46,Feijoada,Almoço,1,35.0
4379,2026-09-03 05:32:46,Prato Executivo Frango,Almoço,1,25.0
4380,2026-07-23 16:00:46,Suco de Laranja,Bebidas,1,8.0
4381,2026-07-25 03:16:46,Suco de Laranja,Bebidas,1,8.0
4382,2026-09-03 05:45:46,Cerveja IPA,Bebidas,1,15.0
4383,2026-07-24 03:43:46,Pizza Margherita,Jantar,2,90.0
4384,2026-08-19 16:44:46,Suco de Laranja,Bebidas,1,8.0
4385,2026-07-18 13:48:46,Cerveja IPA,Bebidas,2,30.0
4386,2026-07-08 12:21:46,Cerveja IPA,Bebidas,2,30.0
4387,2026-09-19 09:10:46,Hambúrguer Artesanal,Lanches,1,30.0
4388,2026-07-08 03:59:46,Suco de Laranja,Bebidas,2,16.0
4389,2026-09-18 12:45:46,Cerveja IPA,Bebidas,1,15.0
4390,2026-07-12 08:39:46,Feijoada,Almoço,1,35.0
4391,2026-06-28 21:22:46,Pizza Margherita,Jantar,2,90.0
4392,2026-08-18 10:43:46,Feijoada,Almoço,1,35.0
4393,2026-08-10 16:39:46,Pizza Margherita,Jantar,1,45.0
4394,2026-06-28 06:23:46,Hambúrguer Artesanal,Lanches,3,90.0
4395,2026-07-17 15:05:46,Pizza Margherita,Jantar,1,45.0
4396,2026-08-31 08:12:46,Pizza Margherita,Jantar,1,45.0
4397,2026-07-08 03:00:46,Suco de Laranja,Bebidas,2,16.0
4398,2026-08-10 19:09:46,Cerveja IPA,Bebidas,1,15.0
4399,2026-06-28 02:04:46,Feijoada,Almoço,2,70.0
4400,2026-06-30 00:57:46,Feijoada,Almoço,1,35.0
4401,2026-07-28 10:33:46,Hambúrguer Artesanal,Lanches,1,30.0
4402,2026-08-07 08:41:46,Prato Executivo Frango,Almoço,1,25.0
4403,2026-08-03 10:15:46,Cerveja IPA,Bebidas,3,45.0
4404,2026-07-12 23:25:46,Cerveja IPA,Bebidas,2,30.0
4405,2026-09-03 20:24:46,Hambúrguer Artesanal,Lanches,1,30.0
4406,2026-08-31 07:48:46,Prato Executivo Frango,Almoço,1,25.0
4407,2026-08-20 13:41:46,Feijoada,Almoço,1,35.0
4408,2026-07-07 03:25:46,Suco de Laranja,Bebidas,2,16.0
4409,2026-06-28 17:32:46,Pizza Margherita,Jantar,1,45.0
4410,2026-07-14 17:05:46,Pizza Margherita,Jantar,1,45.0
4411,2026-08-25 21:49:46,Cerveja IPA,Bebidas,1,15.0
4412,2026-06-25 11:14:46,Cerveja IPA,Bebidas,1,15.0
4413,2026-08-05 17:00:46,Suco de Laranja,Bebidas,2,16.0
4414,2026-08-31 04:02:46,Cerveja IPA,Bebidas,2,30.0
4415,2026-07-29 12:30:46,Feijoada,Almoço,1,35.0
4416,2026-09-05 14:27:46,Prato Executivo Frango,Almoço,2,50.0
4417,2026-09-22 15:55:46,Suco de Laranja,Bebidas,2,16.0
4418,2026-07-17 08:44:46,Prato Executivo Frango,Almoço,1,25.0
4419,2026-09-10 19:19:46,Hambúrguer Artesanal,Lanches,1,30.0
4420,2026-07-25 11:36:46,Feijoada,Almoço,1,35.0
4421,2026-08-29 21:58:46,Hambúrguer Artesanal,Lanches,2,60.0
4422,2026-07-20 14:40:46,Cerveja IPA,Bebidas,1,15.0
4423,2026-06-26 07:00:46,Suco de Laranja,Bebidas,1,8.0
4424,2026-08-12 13:06:46,Feijoada,Almoço,3,105.0
4425,2026-08-11 20:34:46,Hambúrguer Artesanal,Lanches,1,30.0
4426,2026-08-30 23:54:46,Cerveja IPA,Bebidas,1,15.0
4427,2026-07-14 01:56:46,Hambúrguer Artesanal,Lanches,1,30.0
4428,2026-09-17 22:46:46,Cerveja IPA,Bebidas,1,15.0
4429,2026-08-29 14:41:46,Cerveja IPA,Bebidas,3,45.0
4430,2026-07-14 07:21:46,Hambúrguer Artesanal,Lanches,3,90.0
4431,2026-07-31 04:37:46,Prato Executivo Frango,Almoço,1,25.0
4432,2026-09-05 22:39:46,Pizza Margherita,Jantar,1,45.0
4433,2026-09-06 04:34:46,Suco de Laranja,Bebidas,1,8.0
4434,2026-09-18 03:23:46,Feijoada,Almoço,1,35.0
4435,2026-09-04 22:42:46,Cerveja IPA,Bebidas,1,15.0
4436,2026-09-03 06:16:46,Pizza Margherita,Jantar,2,90.0
4437,2026-07-04 20:03:46,Suco de Laranja,Bebidas,1,8.0
4438,2026-06-25 13:18:46,Suco de Laranja,Bebidas,1,8.0
4439,2026-07-12 11:49:46,Suco de Laranja,Bebidas,1,8.0
4440,2026-06-25 22:59:46,Cerveja IPA,Bebidas,1,15.0
4441,2026-09-07 08:15:46,Feijoada,Almoço,2,70.0
4442,2026-08-27 07:52:46,Prato Executivo Frango,Almoço,3,75.0
4443,2026-08-14 14:11:46,Cerveja IPA,Bebidas,2,30.0
4444,2026-07-15 09:09:46,Hambúrguer Artesanal,Lanches,1,30.0
4445,2026-07-06 13:27:46,Cerveja IPA,Bebidas,1,15.0
4446,2026-09-18 15:04:46,Cerveja IPA,Bebidas,2,30.0
4447,2026-09-07 09:48:46,Pizza Margherita,Jantar,2,90.0
4448,2026-09-10 17:12:46,Pizza Margherita,Jantar,1,45.0
4449,2026-07-03 03:09:46,Feijoada,Almoço,1,35.0
4450,2026-09-06 22:42:46,Pizza Margherita,Jantar,1,45.0
4451,2026-07-09 15:00:46,Suco de Laranja,Bebidas,1,8.0
4452,2026-08-19 08:37:46,Feijoada,Almoço,1,35.0
4453,2026-09-04 19:17:46,Suco de Laranja,Bebidas,2,16.0
4454,2026-09-22 05:47:46,Pizza Margherita,Jantar,1,45.0
4455,2026-07-28 05:42:46,Cerveja IPA,Bebidas,2,30.0
4456,2026-08-22 20:16:46,Cerveja IPA,Bebidas,1,15.0
4457,2026-09-04 00:45:46,Prato Executivo Frango,Almoço,1,25.0
4458,2026-07-15 03:58:46,Feijoada,Almoço,1,35.0
4459,2026-08-21 21:07:46,Suco de Laranja,Bebidas,1,8.0
4460,2026-08-07 20:12:46,Pizza Margherita,Jantar,3,135.0
4461,2026-09-07 22:27:46,Cerveja IPA,Bebidas,2,30.0
4462,2026-08-27 12:54:46,Cerveja IPA,Bebidas,1,15.0
4463,2026-07-10 12:00:46,Cerveja IPA,Bebidas,3,45.0
4464,2026-08-08 14:01:46,Prato Executivo Frango,Almoço,1,25.0
4465,2026-07-10 02:37:46,Prato Executivo Frango,Almoço,1,25.0
4466,2026-07-07 03:05:46,Suco de Laranja,Bebidas,1,8.0
4467,2026-09-03 19:27:46,Cerveja IPA,Bebidas,1,15.0
4468,2026-09-02 03:39:46,Prato Executivo Frango,Almoço,1,25.0
4469,2026-06-27 00:32:46,Suco de Laranja,Bebidas,1,8.0
4470,2026-09-19 09:56:46,Cerveja IPA,Bebidas,1,15.0
4471,2026-07-23 10:21:46,Cerveja IPA,Bebidas,1,15.0
4472,2026-07-02 15:57:46,Prato Executivo Frango,Almoço,1,25.0
4473,2026-09-15 19:24:46,Pizza Margherita,Jantar,1,45.0
4474,2026-07-23 06:08:46,Cerveja IPA,Bebidas,1,15.0
4475,2026-07-24 09:41:46,Pizza Margherita,Jantar,2,90.0
4476,2026-06-27 12:58:46,Feijoada,Almoço,2,70.0
4477,2026-07-05 10:11:46,Hambúrguer Artesanal,Lanches,1,30.0
4478,2026-07-22 08:22:46,Prato Executivo Frango,Almoço,1,25.0
4479,2026-09-06 02:58:46,Cerveja IPA,Bebidas,1,15.0
4480,2026-09-11 09:14:46,Feijoada,Almoço,2,70.0
4481,2026-09-11 17:34:46,Feijoada,Almoço,3,105.0
4482,2026-08-14 23:03:46,Suco de Laranja,Bebidas,1,8.0
4483,2026-08-28 00:14:46,Suco de Laranja,Bebidas,1,8.0
4484,2026-07-20 10:13:46,Pizza Margherita,Jantar,2,90.0
4485,2026-09-22 13:04:46,Feijoada,Almoço,1,35.0
4486,2026-09-03 04:53:46,Prato Executivo Frango,Almoço,2,50.0
4487,2026-08-29 09:12:46,Pizza Margherita,Jantar,1,45.0
4488,2026-08-15 14:56:46,Feijoada,Almoço,1,35.0
4489,2026-08-02 05:08:46,Cerveja IPA,Bebidas,1,15.0
4490,2026-09-01 17:35:46,Feijoada,Almoço,1,35.0
4491,2026-07-20 17:30:46,Pizza Margherita,Jantar,1,45.0
4492,2026-08-12 14:32:46,Feijoada,Almoço,1,35.0
4493,2026-07-30 21:00:46,Cerveja IPA,Bebidas,1,15.0
4494,2026-09-12 06:24:46,Suco de Laranja,Bebidas,1,8.0
4495,2026-08-15 01:18:46,Cerveja IPA,Bebidas,1,15.0
4496,2026-08-24 12:38:46,Feijoada,Almoço,2,70.0
4497,2026-08-31 12:39:46,Suco de Laranja,Bebidas,1,8.0
4498,2026-09-20 05:04:46,Feijoada,Almoço,1,35.0
4499,2026-07-18 20:05:46,Suco de Laranja,Bebidas,1,8.0
4500,2026-08-24 11:38:46,Feijoada,Almoço,1,35.0
4501,2026-08-26 15:36:46,Feijoada,Almoço,3,105.0
4502,2026-08-20 18:30:46,Hambúrguer Artesanal,Lanches,1,30.0
4503,2026-07-07 01:14:46,Prato Executivo Frango,Almoço,1,25.0
4504,2026-07-01 20:17:46,Pizza Margherita,Jantar,1,45.0
4505,2026-09-09 12:20:46,Suco de Laranja,Bebidas,1,8.0
4506,2026-07-26 00:47:46,Prato Executivo Frango,Almoço,3,75.0
4507,2026-07-19 13:36:46,Cerveja IPA,Bebidas,3,45.0
4508,2026-07-24 13:50:46,Feijoada,Almoço,2,70.0
4509,2026-06-28 22:06:46,Suco de Laranja,Bebidas,1,8.0
4510,2026-07-22 01:30:46,Pizza Margherita,Jantar,1,45.0
4511,2026-08-28 11:59:46,Suco de Laranja,Bebidas,1,8.0
4512,2026-09-08 06:45:46,Prato Executivo Frango,Almoço,1,25.0
4513,2026-06-30 00:33:46,Prato Executivo Frango,Almoço,2,50.0
4514,2026-08-12 06:20:46,Cerveja IPA,Bebidas,1,15.0
4515,2026-07-17 15:27:46,Suco de Laranja,Bebidas,1,8.0
4516,2026-09-03 22:16:46,Hambúrguer Artesanal,Lanches,1,30.0
4517,2026-08-24 16:51:46,Suco de Laranja,Bebidas,1,8.0
4518,2026-07-04 23:55:46,Suco de Laranja,Bebidas,1,8.0
4519,2026-09-08 19:07:46,Suco de Laranja,Bebidas,1,8.0
4520,2026-09-06 10:37:46,Cerveja IPA,Bebidas,1,15.0
4521,2026-07-03 16:46:46,Suco de Laranja,Bebidas,1,8.0
4522,2026-07-26 14:28:46,Suco de Laranja,Bebidas,1,8.0
4523,2026-07-21 09:54:46,Hambúrguer Artesanal,Lanches,2,60.0
4524,2026-08-03 12:35:46,Suco de Laranja,Bebidas,1,8.0
4525,2026-07-08 15:30:46,Prato Executivo Frango,Almoço,2,50.0
4526,2026-08-16 02:15:46,Pizza Margherita,Jantar,1,45.0
4527,2026-07-27 18:11:46,Cerveja IPA,Bebidas,1,15.0
4528,2026-08-13 05:54:46,Suco de Laranja,Bebidas,1,8.0
4529,2026-09-15 18:31:46,Hambúrguer Artesanal,Lanches,1,30.0
4530,2026-08-27 08:11:46,Suco de Laranja,Bebidas,1,8.0
4531,2026-07-18 17:36:46,Pizza Margherita,Jantar,1,45.0
4532,2026-08-15 11:33:46,Cerveja IPA,Bebidas,1,15.0
4533,2026-09-06 00:47:46,Pizza Margherita,Jantar,2,90.0
4534,2026-06-27 22:33:46,Cerveja IPA,Bebidas,3,45.0
4535,2026-07-02 00:05:46,Prato Executivo Frango,Almoço,3,75.0
4536,2026-07-03 18:26:46,Cerveja IPA,Bebidas,1,15.0
4537,2026-08-16 11:23:46,Suco de Laranja,Bebidas,1,8.0
4538,2026-07-15 22:18:46,Hambúrguer Artesanal,Lanches,2,60.0
4539,2026-09-06 21:53:46,Hambúrguer Artesanal,Lanches,1,30.0
4540,2026-08-14 03:36:46,Pizza Margherita,Jantar,3,135.0
4541,2026-08-07 19:56:46,Pizza Margherita,Jantar,1,45.0
4542,2026-08-04 04:48:46,Prato Executivo Frango,Almoço,2,50.0
4543,2026-07-01 08:24:46,Pizza Margherita,Jantar,1,45.0
4544,2026-06-25 20:58:46,Cerveja IPA,Bebidas,1,15.0
4545,2026-09-07 22:47:46,Pizza Margherita,Jantar,1,45.0
4546,2026-09-01 09:56:46,Prato Executivo Frango,Almoço,1,25.0
4547,2026-06-28 22:24:46,Cerveja IPA,Bebidas,1,15.0
4548,2026-09-14 12:57:46,Cerveja IPA,Bebidas,1,15.0
4549,2026-09-09 18:39:46,Cerveja IPA,Bebidas,2,30.0
4550,2026-09-06 08:52:46,Pizza Margherita,Jantar,2,90.0
4551,2026-07-18 21:47:46,Suco de Laranja,Bebidas,1,8.0
4552,2026-07-12 16:20:46,Pizza Margherita,Jantar,2,90.0
4553,2026-08-03 15:00:46,Suco de Laranja,Bebidas,1,8.0
4554,2026-08-18 05:49:46,Feijoada,Almoço,1,35.0
4555,2026-06-26 06:42:46,Feijoada,Almoço,1,35.0
4556,2026-08-23 08:55:46,Prato Executivo Frango,Almoço,2,50.0
4557,2026-08-26 20:14:46,Cerveja IPA,Bebidas,1,15.0
4558,2026-08-13 06:38:46,Prato Executivo Frango,Almoço,1,25.0
4559,2026-07-31 21:00:46,Suco de Laranja,Bebidas,2,16.0
4560,2026-08-07 17:11:46,Hambúrguer Artesanal,Lanches,1,30.0
4561,2026-08-19 20:51:46,Hambúrguer Artesanal,Lanches,3,90.0
4562,2026-09-13 01:58:46,Cerveja IPA,Bebidas,1,15.0
4563,2026-07-07 00:17:46,Pizza Margherita,Jantar,2,90.0
4564,2026-09-05 01:41:46,Pizza Margherita,Jantar,2,90.0
4565,2026-09-05 14:56:46,Prato Executivo Frango,Almoço,1,25.0
4566,2026-08-29 15:30:46,Pizza Margherita,Jantar,1,45.0
4567,2026-07-02 21:50:46,Hambúrguer Artesanal,Lanches,1,30.0
4568,2026-08-04 13:41:46,Prato Executivo Frango,Almoço,1,25.0
4569,2026-08-14 05:30:46,Suco de Laranja,Bebidas,1,8.0
4570,2026-08-28 04:59:46,Pizza Margherita,Jantar,1,45.0
4571,2026-08-07 06:32:46,Hambúrguer Artesanal,Lanches,1,30.0
4572,2026-07-13 09:45:46,Suco de Laranja,Bebidas,2,16.0
4573,2026-07-24 04:37:46,Pizza Margherita,Jantar,3,135.0
4574,2026-06-28 17:42:46,Hambúrguer Artesanal,Lanches,1,30.0
4575,2026-08-02 15:08:46,Cerveja IPA,Bebidas,1,15.0
4576,2026-09-06 10:28:46,Hambúrguer Artesanal,Lanches,2,60.0
4577,2026-08-20 02:10:46,Suco de Laranja,Bebidas,1,8.0
4578,2026-09-09 22:00:46,Cerveja IPA,Bebidas,2,30.0
4579,2026-07-29 15:44:46,Cerveja IPA,Bebidas,2,30.0
4580,2026-09-06 15:09:46,Feijoada,Almoço,3,105.0
4581,2026-09-14 21:28:46,Pizza Margherita,Jantar,3,135.0
4582,2026-07-15 12:05:46,Cerveja IPA,Bebidas,1,15.0
4583,2026-08-17 18:39:46,Hambúrguer Artesanal,Lanches,1,30.0
4584,2026-07-19 10:03:46,Prato Executivo Frango,Almoço,1,25.0
4585,2026-07-31 17:27:46,Suco de Laranja,Bebidas,1,8.0
4586,2026-09-01 05:58:46,Feijoada,Almoço,1,35.0
4587,2026-09-09 23:26:46,Cerveja IPA,Bebidas,2,30.0
4588,2026-06-28 20:48:46,Pizza Margherita,Jantar,1,45.0
4589,2026-09-04 23:06:46,Hambúrguer Artesanal,Lanches,2,60.0
4590,2026-08-17 17:53:46,Prato Executivo Frango,Almoço,1,25.0
4591,2026-08-26 08:46:46,Hambúrguer Artesanal,Lanches,2,60.0
4592,2026-09-07 16:34:46,Hambúrguer Artesanal,Lanches,1,30.0
4593,2026-08-25 12:08:46,Suco de Laranja,Bebidas,1,8.0
4594,2026-09-13 05:50:46,Pizza Margherita,Jantar,2,90.0
4595,2026-07-31 23:49:46,Hambúrguer Artesanal,Lanches,3,90.0
4596,2026-08-21 23:11:46,Suco de Laranja,Bebidas,1,8.0
4597,2026-07-24 07:43:46,Cerveja IPA,Bebidas,1,15.0
4598,2026-08-07 12:21:46,Feijoada,Almoço,1,35.0
4599,2026-07-16 21:33:46,Cerveja IPA,Bebidas,1,15.0
4600,2026-07-16 09:05:46,Hambúrguer Artesanal,Lanches,1,30.0
4601,2026-08-18 06:45:46,Cerveja IPA,Bebidas,1,15.0
4602,2026-09-18 03:01:46,Suco de Laranja,Bebidas,1,8.0
4603,2026-09-15 16:13:46,Prato Executivo Frango,Almoço,2,50.0
4604,2026-06-30 02:42:46,Prato Executivo Frango,Almoço,1,25.0
4605,2026-09-22 12:14:46,Cerveja IPA,Bebidas,1,15.0
4606,2026-06-26 08:58:46,Pizza Margherita,Jantar,3,135.0
4607,2026-09-16 09:14:46,Hambúrguer Artesanal,Lanches,1,30.0
4608,2026-09-09 23:06:46,Cerveja IPA,Bebidas,1,15.0
4609,2026-08-04 09:45:46,Pizza Margherita,Jantar,2,90.0
4610,2026-07-23 08:18:46,Feijoada,Almoço,1,35.0
4611,2026-08-27 09:39:46,Feijoada,Almoço,2,70.0
4612,2026-09-04 09:37:46,Hambúrguer Artesanal,Lanches,1,30.0
4613,2026-08-30 05:25:46,Pizza Margherita,Jantar,1,45.0
4614,2026-09-06 01:18:46,Cerveja IPA,Bebidas,1,15.0
4615,2026-07-11 13:36:46,Prato Executivo Frango,Almoço,1,25.0
4616,2026-07-23 02:06:46,Pizza Margherita,Jantar,2,90.0
4617,2026-09-13 04:14:46,Feijoada,Almoço,1,35.0
4618,2026-06-26 05:48:46,Pizza Margherita,Jantar,1,45.0
4619,2026-08-05 04:24:46,Prato Executivo Frango,Almoço,1,25.0
4620,2026-07-30 06:06:46,Cerveja IPA,Bebidas,2,30.0
4621,2026-07-14 09:10:46,Prato Executivo Frango,Almoço,1,25.0
4622,2026-07-10 20:10:46,Pizza Margherita,Jantar,2,90.0
4623,2026-09-04 09:07:46,Hambúrguer Artesanal,Lanches,1,30.0
4624,2026-08-08 23:06:46,Cerveja IPA,Bebidas,1,15.0
4625,2026-09-17 04:46:46,Pizza Margherita,Jantar,1,45.0
4626,2026-09-01 00:21:46,Suco de Laranja,Bebidas,1,8.0
4627,2026-07-12 03:08:46,Pizza Margherita,Jantar,3,135.0
4628,2026-09-18 04:38:46,Prato Executivo Frango,Almoço,1,25.0
4629,2026-09-02 16:43:46,Suco de Laranja,Bebidas,1,8.0
4630,2026-07-21 13:59:46,Prato Executivo Frango,Almoço,1,25.0
4631,2026-08-10 04:08:46,Suco de Laranja,Bebidas,2,16.0
4632,2026-09-05 07:51:46,Pizza Margherita,Jantar,1,45.0
4633,2026-08-26 18:33:46,Hambúrguer Artesanal,Lanches,1,30.0
4634,2026-08-11 06:29:46,Pizza Margherita,Jantar,1,45.0
4635,2026-08-07 12:46:46,Suco de Laranja,Bebidas,3,24.0
4636,2026-08-29 06:05:46,Prato Executivo Frango,Almoço,1,25.0
4637,2026-09-05 00:15:46,Pizza Margherita,Jantar,1,45.0
4638,2026-06-30 22:51:46,Pizza Margherita,Jantar,3,135.0
4639,2026-07-19 08:00:46,Cerveja IPA,Bebidas,1,15.0
4640,2026-07-26 06:37:46,Prato Executivo Frango,Almoço,1,25.0
4641,2026-08-23 04:03:46,Suco de Laranja,Bebidas,1,8.0
4642,2026-07-29 10:30:46,Suco de Laranja,Bebidas,2,16.0
4643,2026-07-24 04:17:46,Suco de Laranja,Bebidas,1,8.0
4644,2026-09-14 12:36:46,Prato Executivo Frango,Almoço,1,25.0
4645,2026-07-07 17:34:46,Pizza Margherita,Jantar,2,90.0
4646,2026-07-17 06:02:46,Hambúrguer Artesanal,Lanches,2,60.0
4647,2026-08-02 10:41:46,Feijoada,Almoço,2,70.0
4648,2026-08-30 08:13:46,Hambúrguer Artesanal,Lanches,3,90.0
4649,2026-07-09 22:21:46,Suco de Laranja,Bebidas,3,24.0
4650,2026-09-20 23:29:46,Pizza Margherita,Jantar,1,45.0
4651,2026-08-29 08:34:46,Cerveja IPA,Bebidas,2,30.0
4652,2026-09-17 00:26:46,Pizza Margherita,Jantar,1,45.0
4653,2026-07-03 21:39:46,Cerveja IPA,Bebidas,1,15.0
4654,2026-07-20 21:57:46,Suco de Laranja,Bebidas,1,8.0
4655,2026-07-27 09:17:46,Feijoada,Almoço,1,35.0
4656,2026-06-26 04:46:46,Feijoada,Almoço,1,35.0
4657,2026-07-06 19:32:46,Pizza Margherita,Jantar,1,45.0
4658,2026-07-08 04:25:46,Suco de Laranja,Bebidas,1,8.0
4659,2026-09-15 14:29:46,Suco de Laranja,Bebidas,1,8.0
4660,2026-09-05 17:54:46,Feijoada,Almoço,2,70.0
4661,2026-08-29 15:52:46,Pizza Margherita,Jantar,1,45.0
4662,2026-06-30 18:50:46,Suco de Laranja,Bebidas,1,8.0
4663,2026-07-05 20:29:46,Hambúrguer Artesanal,Lanches,3,90.0
4664,2026-08-31 13:50:46,Suco de Laranja,Bebidas,1,8.0
4665,2026-08-24 08:02:46,Pizza Margherita,Jantar,1,45.0
4666,2026-07-09 15:24:46,Prato Executivo Frango,Almoço,2,50.0
4667,2026-07-23 17:19:46,Suco de Laranja,Bebidas,1,8.0
4668,2026-08-25 15:26:46,Pizza Margherita,Jantar,1,45.0
4669,2026-08-06 12:13:46,Suco de Laranja,Bebidas,3,24.0
4670,2026-08-04 05:54:46,Pizza Margherita,Jantar,3,135.0
4671,2026-09-19 00:15:46,Pizza Margherita,Jantar,1,45.0
4672,2026-07-29 16:09:46,Cerveja IPA,Bebidas,1,15.0
4673,2026-08-06 21:24:46,Pizza Margherita,Jantar,1,45.0
4674,2026-08-30 22:33:46,Pizza Margherita,Jantar,1,45.0
4675,2026-07-29 02:30:46,Prato Executivo Frango,Almoço,1,25.0
4676,2026-09-11 13:05:46,Cerveja IPA,Bebidas,1,15.0
4677,2026-07-04 06:53:46,Suco de Laranja,Bebidas,2,16.0
4678,2026-09-13 17:38:46,Prato Executivo Frango,Almoço,2,50.0
4679,2026-09-11 19:16:46,Pizza Margherita,Jantar,1,45.0
4680,2026-07-16 11:34:46,Feijoada,Almoço,1,35.0
4681,2026-08-24 17:12:46,Feijoada,Almoço,1,35.0
4682,2026-07-15 06:01:46,Cerveja IPA,Bebidas,3,45.0
4683,2026-08-03 14:06:46,Cerveja IPA,Bebidas,2,30.0
4684,2026-09-09 00:03:46,Hambúrguer Artesanal,Lanches,1,30.0
4685,2026-08-23 12:03:46,Suco de Laranja,Bebidas,1,8.0
4686,2026-08-20 00:24:46,Suco de Laranja,Bebidas,3,24.0
4687,2026-08-03 09:47:46,Pizza Margherita,Jantar,1,45.0
4688,2026-07-24 04:02:46,Suco de Laranja,Bebidas,1,8.0
4689,2026-07-18 10:45:46,Hambúrguer Artesanal,Lanches,2,60.0
4690,2026-07-27 00:33:46,Suco de Laranja,Bebidas,1,8.0
4691,2026-07-12 02:21:46,Prato Executivo Frango,Almoço,2,50.0
4692,2026-09-07 05:45:46,Suco de Laranja,Bebidas,1,8.0
4693,2026-06-27 23:00:46,Hambúrguer Artesanal,Lanches,2,60.0
4694,2026-06-29 15:29:46,Feijoada,Almoço,1,35.0
4695,2026-08-08 00:37:46,Prato Executivo Frango,Almoço,2,50.0
4696,2026-08-25 13:57:46,Cerveja IPA,Bebidas,1,15.0
4697,2026-08-23 12:24:46,Suco de Laranja,Bebidas,2,16.0
4698,2026-09-22 15:37:46,Prato Executivo Frango,Almoço,3,75.0
4699,2026-09-14 10:41:46,Suco de Laranja,Bebidas,1,8.0
4700,2026-08-19 22:36:46,Cerveja IPA,Bebidas,2,30.0
4701,2026-09-18 17:09:46,Suco de Laranja,Bebidas,1,8.0
4702,2026-07-18 00:52:46,Prato Executivo Frango,Almoço,1,25.0
4703,2026-08-21 11:30:46,Feijoada,Almoço,1,35.0
4704,2026-07-12 10:08:46,Suco de Laranja,Bebidas,1,8.0
4705,2026-09-09 20:30:46,Hambúrguer Artesanal,Lanches,1,30.0
4706,2026-08-25 05:51:46,Pizza Margherita,Jantar,3,135.0
4707,2026-06-30 16:45:46,Suco de Laranja,Bebidas,1,8.0
4708,2026-09-09 23:29:46,Pizza Margherita,Jantar,2,90.0
4709,2026-06-30 05:00:46,Suco de Laranja,Bebidas,1,8.0
4710,2026-08-18 09:14:46,Hambúrguer Artesanal,Lanches,1,30.0
4711,2026-06-29 03:59:46,Cerveja IPA,Bebidas,1,15.0
4712,2026-08-20 12:18:46,Prato Executivo Frango,Almoço,1,25.0
4713,2026-09-20 22:26:46,Suco de Laranja,Bebidas,1,8.0
4714,2026-07-31 11:05:46,Feijoada,Almoço,2,70.0
4715,2026-08-14 10:41:46,Hambúrguer Artesanal,Lanches,1,30.0
4716,2026-08-17 16:28:46,Suco de Laranja,Bebidas,1,8.0
4717,2026-08-30 15:51:46,Prato Executivo Frango,Almoço,2,50.0
4718,2026-06-27 04:51:46,Suco de Laranja,Bebidas,2,16.0
4719,2026-09-20 10:53:46,Feijoada,Almoço,1,35.0
4720,2026-07-24 12:03:46,Suco de Laranja,Bebidas,1,8.0
4721,2026-08-20 21:56:46,Cerveja IPA,Bebidas,1,15.0
4722,2026-08-17 04:38:46,Prato Executivo Frango,Almoço,1,25.0
4723,2026-08-19 06:56:46,Suco de Laranja,Bebidas,2,16.0
4724,2026-09-03 20:30:46,Hambúrguer Artesanal,Lanches,1,30.0
4725,2026-08-27 05:24:46,Suco de Laranja,Bebidas,3,24.0
4726,2026-08-27 23:00:46,Cerveja IPA,Bebidas,2,30.0
4727,2026-06-27 21:13:46,Pizza Margherita,Jantar,1,45.0
4728,2026-07-30 06:29:46,Prato Executivo Frango,Almoço,1,25.0
4729,2026-07-24 16:18:46,Cerveja IPA,Bebidas,1,15.0
4730,2026-08-22 11:14:46,Suco de Laranja,Bebidas,1,8.0
4731,2026-09-07 08:40:46,Pizza Margherita,Jantar,1,45.0
4732,2026-08-12 01:24:46,Hambúrguer Artesanal,Lanches,1,30.0
4733,2026-08-25 17:27:46,Feijoada,Almoço,1,35.0
4734,2026-07-24 05:34:46,Pizza Margherita,Jantar,2,90.0
4735,2026-07-11 02:08:46,Hambúrguer Artesanal,Lanches,1,30.0
4736,2026-07-11 08:57:46,Prato Executivo Frango,Almoço,1,25.0
4737,2026-09-09 19:44:46,Hambúrguer Artesanal,Lanches,1,30.0
4738,2026-08-27 05:01:46,Suco de Laranja,Bebidas,2,16.0
4739,2026-09-06 07:28:46,Pizza Margherita,Jantar,3,135.0
4740,2026-08-11 19:13:46,Cerveja IPA,Bebidas,3,45.0
4741,2026-08-01 09:11:46,Hambúrguer Artesanal,Lanches,1,30.0
4742,2026-09-12 07:19:46,Hambúrguer Artesanal,Lanches,1,30.0
4743,2026-08-04 19:30:46,Hambúrguer Artesanal,Lanches,1,30.0
4744,2026-07-03 23:09:46,Pizza Margherita,Jantar,2,90.0
4745,2026-08-08 22:23:46,Hambúrguer Artesanal,Lanches,3,90.0
4746,2026-07-29 15:24:46,Suco de Laranja,Bebidas,1,8.0
4747,2026-08-29 16:11:46,Feijoada,Almoço,2,70.0
4748,2026-09-11 00:51:46,Pizza Margherita,Jantar,1,45.0
4749,2026-06-29 07:13:46,Feijoada,Almoço,1,35.0
4750,2026-07-26 00:26:46,Hambúrguer Artesanal,Lanches,1,30.0
4751,2026-07-05 20:42:46,Hambúrguer Artesanal,Lanches,1,30.0
4752,2026-08-30 21:48:46,Pizza Margherita,Jantar,1,45.0
4753,2026-06-27 17:03:46,Hambúrguer Artesanal,Lanches,1,30.0
4754,2026-08-27 13:33:46,Feijoada,Almoço,1,35.0
4755,2026-07-03 14:57:46,Feijoada,Almoço,1,35.0
4756,2026-07-20 09:35:46,Cerveja IPA,Bebidas,1,15.0
4757,2026-07-26 08:51:46,Cerveja IPA,Bebidas,1,15.0
4758,2026-09-19 22:49:46,Pizza Margherita,Jantar,1,45.0
4759,2026-08-15 04:18:46,Feijoada,Almoço,2,70.0
4760,2026-08-25 03:18:46,Suco de Laranja,Bebidas,1,8.0
4761,2026-08-12 10:51:46,Hambúrguer Artesanal,Lanches,3,90.0
4762,2026-09-15 17:56:46,Prato Executivo Frango,Almoço,2,50.0
4763,2026-09-16 02:01:46,Cerveja IPA,Bebidas,1,15.0
4764,2026-09-20 14:28:46,Suco de Laranja,Bebidas,1,8.0
4765,2026-08-07 10:40:46,Suco de Laranja,Bebidas,1,8.0
4766,2026-09-20 01:42:46,Hambúrguer Artesanal,Lanches,1,30.0
4767,2026-08-07 05:26:46,Cerveja IPA,Bebidas,3,45.0
4768,2026-07-08 07:03:46,Pizza Margherita,Jantar,2,90.0
4769,2026-09-01 10:05:46,Cerveja IPA,Bebidas,2,30.0
4770,2026-09-06 23:12:46,Cerveja IPA,Bebidas,1,15.0
4771,2026-08-02 06:30:46,Feijoada,Almoço,1,35.0
4772,2026-08-13 14:38:46,Suco de Laranja,Bebidas,2,16.0
4773,2026-07-25 00:10:46,Suco de Laranja,Bebidas,3,24.0
4774,2026-07-25 23:00:46,Suco de Laranja,Bebidas,3,24.0
4775,2026-07-18 08:09:46,Prato Executivo Frango,Almoço,1,25.0
4776,2026-07-01 15:26:46,Pizza Margherita,Jantar,1,45.0
4777,2026-09-13 13:04:46,Prato Executivo Frango,Almoço,1,25.0
4778,2026-08-25 11:39:46,Suco de Laranja,Bebidas,2,16.0
4779,2026-08-16 02:35:46,Suco de Laranja,Bebidas,1,8.0
4780,2026-08-20 15:43:46,Suco de Laranja,Bebidas,1,8.0
4781,2026-08-02 19:10:46,Pizza Margherita,Jantar,1,45.0
4782,2026-08-14 19:20:46,Pizza Margherita,Jantar,1,45.0
4783,2026-07-25 02:55:46,Suco de Laranja,Bebidas,2,16.0
4784,2026-07-02 11:42:46,Feijoada,Almoço,1,35.0
4785,2026-08-28 13:30:46,Prato Executivo Frango,Almoço,1,25.0
4786,2026-07-15 07:17:46,Hambúrguer Artesanal,Lanches,1,30.0
4787,2026-07-26 05:12:46,Pizza Margherita,Jantar,2,90.0
4788,2026-07-02 15:45:46,Suco de Laranja,Bebidas,1,8.0
4789,2026-08-07 09:59:46,Pizza Margherita,Jantar,1,45.0
4790,2026-08-30 01:21:46,Suco de Laranja,Bebidas,1,8.0
4791,2026-08-07 03:29:46,Suco de Laranja,Bebidas,1,8.0
4792,2026-07-03 15:00:46,Hambúrguer Artesanal,Lanches,1,30.0
4793,2026-07-24 23:19:46,Suco de Laranja,Bebidas,3,24.0
4794,2026-08-13 05:37:46,Cerveja IPA,Bebidas,3,45.0
4795,2026-09-03 10:18:46,Pizza Margherita,Jantar,2,90.0
4796,2026-07-29 10:10:46,Feijoada,Almoço,1,35.0
4797,2026-08-06 10:30:46,Feijoada,Almoço,1,35.0
4798,2026-07-25 03:47:46,Cerveja IPA,Bebidas,1,15.0
4799,2026-08-16 17:22:46,Feijoada,Almoço,1,35.0
4800,2026-08-11 07:18:46,Feijoada,Almoço,1,35.0
4801,2026-07-27 21:40:46,Suco de Laranja,Bebidas,1,8.0
4802,2026-09-06 05:20:46,Cerveja IPA,Bebidas,2,30.0
4803,2026-06-25 22:10:46,Suco de Laranja,Bebidas,1,8.0
4804,2026-08-10 04:11:46,Pizza Margherita,Jantar,1,45.0
4805,2026-08-11 08:22:46,Suco de Laranja,Bebidas,1,8.0
4806,2026-08-16 03:13:46,Pizza Margherita,Jantar,1,45.0
4807,2026-09-20 12:38:46,Suco de Laranja,Bebidas,3,24.0
4808,2026-07-02 16:29:46,Hambúrguer Artesanal,Lanches,1,30.0
4809,2026-08-27 18:11:46,Suco de Laranja,Bebidas,1,8.0
4810,2026-08-18 22:22:46,Pizza Margherita,Jantar,1,45.0
4811,2026-07-24 06:50:46,Suco de Laranja,Bebidas,1,8.0
4812,2026-07-08 03:35:46,Prato Executivo Frango,Almoço,1,25.0
4813,2026-08-28 02:41:46,Suco de Laranja,Bebidas,1,8.0
4814,2026-08-07 07:42:46,Feijoada,Almoço,1,35.0
4815,2026-08-17 08:39:46,Feijoada,Almoço,1,35.0
4816,2026-09-01 14:34:46,Prato Executivo Frango,Almoço,1,25.0
4817,2026-09-01 20:36:46,Hambúrguer Artesanal,Lanches,2,60.0
4818,2026-07-08 21:53:46,Pizza Margherita,Jantar,1,45.0
4819,2026-07-11 05:24:46,Cerveja IPA,Bebidas,1,15.0
4820,2026-09-01 11:15:46,Cerveja IPA,Bebidas,1,15.0
4821,2026-08-18 17:22:46,Suco de Laranja,Bebidas,3,24.0
4822,2026-07-22 10:59:46,Cerveja IPA,Bebidas,1,15.0
4823,2026-09-01 08:21:46,Suco de Laranja,Bebidas,1,8.0
4824,2026-09-08 14:23:46,Feijoada,Almoço,1,35.0
4825,2026-08-16 19:24:46,Hambúrguer Artesanal,Lanches,1,30.0
4826,2026-09-08 09:42:46,Prato Executivo Frango,Almoço,1,25.0
4827,2026-07-05 10:35:46,Cerveja IPA,Bebidas,1,15.0
4828,2026-07-02 12:54:46,Cerveja IPA,Bebidas,1,15.0
4829,2026-08-26 13:55:46,Prato Executivo Frango,Almoço,3,75.0
4830,2026-09-19 17:27:46,Prato Executivo Frango,Almoço,1,25.0
4831,2026-08-16 07:36:46,Cerveja IPA,Bebidas,1,15.0
4832,2026-07-30 21:00:46,Cerveja IPA,Bebidas,1,15.0
4833,2026-09-10 23:42:46,Hambúrguer Artesanal,Lanches,1,30.0
4834,2026-06-29 15:43:46,Feijoada,Almoço,1,35.0
4835,2026-08-04 02:16:46,Pizza Margherita,Jantar,1,45.0
4836,2026-07-20 14:42:46,Prato Executivo Frango,Almoço,1,25.0
4837,2026-08-02 09:17:46,Cerveja IPA,Bebidas,1,15.0
4838,2026-08-05 05:41:46,Cerveja IPA,Bebidas,2,30.0
4839,2026-08-12 22:41:46,Hambúrguer Artesanal,Lanches,1,30.0
4840,2026-08-16 07:04:46,Suco de Laranja,Bebidas,1,8.0
4841,2026-07-07 15:07:46,Hambúrguer Artesanal,Lanches,2,60.0
4842,2026-08-16 20:49:46,Cerveja IPA,Bebidas,3,45.0
4843,2026-06-29 07:19:46,Suco de Laranja,Bebidas,2,16.0
4844,2026-07-25 02:15:46,Suco de Laranja,Bebidas,2,16.0
4845,2026-08-11 15:28:46,Prato Executivo Frango,Almoço,1,25.0
4846,2026-07-09 12:22:46,Suco de Laranja,Bebidas,1,8.0
4847,2026-08-31 16:23:46,Cerveja IPA,Bebidas,1,15.0
4848,2026-09-18 16:33:46,Feijoada,Almoço,1,35.0
4849,2026-09-18 14:46:46,Prato Executivo Frango,Almoço,1,25.0
4850,2026-09-11 04:45:46,Feijoada,Almoço,2,70.0
4851,2026-09-11 06:13:46,Pizza Margherita,Jantar,1,45.0
4852,2026-08-25 08:43:46,Feijoada,Almoço,1,35.0
4853,2026-08-12 14:30:46,Suco de Laranja,Bebidas,1,8.0
4854,2026-07-30 02:14:46,Cerveja IPA,Bebidas,1,15.0
4855,2026-08-27 16:53:46,Suco de Laranja,Bebidas,1,8.0
4856,2026-09-15 03:20:46,Feijoada,Almoço,1,35.0
4857,2026-07-13 22:10:46,Suco de Laranja,Bebidas,1,8.0
4858,2026-09-08 11:51:46,Feijoada,Almoço,1,35.0
4859,2026-08-21 03:38:46,Cerveja IPA,Bebidas,1,15.0
4860,2026-07-31 00:38:46,Feijoada,Almoço,3,105.0
4861,2026-09-05 13:25:46,Suco de Laranja,Bebidas,1,8.0
4862,2026-09-04 05:58:46,Pizza Margherita,Jantar,3,135.0
4863,2026-09-11 22:56:46,Hambúrguer Artesanal,Lanches,2,60.0
4864,2026-08-13 20:09:46,Pizza Margherita,Jantar,1,45.0
4865,2026-08-12 22:16:46,Pizza Margherita,Jantar,1,45.0
4866,2026-07-30 09:03:46,Prato Executivo Frango,Almoço,1,25.0
4867,2026-08-03 22:43:46,Suco de Laranja,Bebidas,1,8.0
4868,2026-08-19 16:08:46,Cerveja IPA,Bebidas,1,15.0
4869,2026-08-20 23:01:46,Hambúrguer Artesanal,Lanches,1,30.0
4870,2026-09-11 21:14:46,Hambúrguer Artesanal,Lanches,1,30.0
4871,2026-08-18 13:22:46,Feijoada,Almoço,1,35.0
4872,2026-08-31 20:34:46,Suco de Laranja,Bebidas,1,8.0
4873,2026-07-04 17:52:46,Pizza Margherita,Jantar,1,45.0
4874,2026-09-19 13:55:46,Feijoada,Almoço,1,35.0
4875,2026-07-09 02:12:46,Cerveja IPA,Bebidas,2,30.0
4876,2026-06-27 14:29:46,Prato Executivo Frango,Almoço,1,25.0
4877,2026-08-31 18:45:46,Pizza Margherita,Jantar,1,45.0
4878,2026-08-28 06:52:46,Pizza Margherita,Jantar,1,45.0
4879,2026-07-04 09:16:46,Suco de Laranja,Bebidas,2,16.0
4880,2026-08-25 14:51:46,Feijoada,Almoço,3,105.0
4881,2026-08-07 04:40:46,Pizza Margherita,Jantar,1,45.0
4882,2026-07-19 22:44:46,Cerveja IPA,Bebidas,2,30.0
4883,2026-07-20 10:28:46,Suco de Laranja,Bebidas,1,8.0
4884,2026-09-06 13:42:46,Cerveja IPA,Bebidas,1,15.0
4885,2026-06-30 18:35:46,Cerveja IPA,Bebidas,2,30.0
4886,2026-07-20 16:07:46,Prato Executivo Frango,Almoço,1,25.0
4887,2026-07-25 10:17:46,Pizza Margherita,Jantar,1,45.0
4888,2026-08-07 08:35:46,Suco de Laranja,Bebidas,3,24.0
4889,2026-09-10 17:47:46,Pizza Margherita,Jantar,1,45.0
4890,2026-08-14 22:11:46,Hambúrguer Artesanal,Lanches,1,30.0
4891,2026-06-27 09:42:46,Hambúrguer Artesanal,Lanches,3,90.0
4892,2026-07-26 17:23:46,Pizza Margherita,Jantar,3,135.0
4893,2026-09-15 20:24:46,Cerveja IPA,Bebidas,1,15.0
4894,2026-08-22 10:54:46,Suco de Laranja,Bebidas,1,8.0
4895,2026-07-02 23:31:46,Cerveja IPA,Bebidas,1,15.0
4896,2026-07-03 04:51:46,Hambúrguer Artesanal,Lanches,1,30.0
4897,2026-08-04 18:47:46,Suco de Laranja,Bebidas,1,8.0
4898,2026-09-20 17:34:46,Suco de Laranja,Bebidas,1,8.0
4899,2026-08-01 11:05:46,Prato Executivo Frango,Almoço,2,50.0
4900,2026-08-29 20:11:46,Suco de Laranja,Bebidas,1,8.0
4901,2026-07-26 19:57:46,Pizza Margherita,Jantar,1,45.0
4902,2026-09-02 08:48:46,Hambúrguer Artesanal,Lanches,1,30.0
4903,2026-09-21 04:10:46,Pizza Margherita,Jantar,2,90.0
4904,2026-08-22 23:27:46,Hambúrguer Artesanal,Lanches,1,30.0
4905,2026-07-25 02:34:46,Cerveja IPA,Bebidas,1,15.0
4906,2026-07-25 16:55:46,Cerveja IPA,Bebidas,3,45.0
4907,2026-07-01 15:11:46,Suco de Laranja,Bebidas,1,8.0
4908,2026-08-13 19:32:46,Hambúrguer Artesanal,Lanches,2,60.0
4909,2026-07-23 23:00:46,Hambúrguer Artesanal,Lanches,1,30.0
4910,2026-09-08 18:27:46,Pizza Margherita,Jantar,1,45.0
4911,2026-08-18 05:06:46,Pizza Margherita,Jantar,2,90.0
4912,2026-07-21 02:20:46,Feijoada,Almoço,1,35.0
4913,2026-07-02 17:33:46,Cerveja IPA,Bebidas,1,15.0
4914,2026-09-20 04:47:46,Pizza Margherita,Jantar,2,90.0
4915,2026-07-21 00:12:46,Cerveja IPA,Bebidas,2,30.0
4916,2026-09-02 20:31:46,Suco de Laranja,Bebidas,1,8.0
4917,2026-07-01 19:30:46,Pizza Margherita,Jantar,1,45.0
4918,2026-07-31 12:20:46,Suco de Laranja,Bebidas,2,16.0
4919,2026-07-29 04:31:46,Cerveja IPA,Bebidas,1,15.0
4920,2026-09-22 19:15:46,Cerveja IPA,Bebidas,1,15.0
4921,2026-06-29 08:06:46,Feijoada,Almoço,1,35.0
4922,2026-07-18 22:55:46,Pizza Margherita,Jantar,1,45.0
4923,2026-07-28 02:29:46,Pizza Margherita,Jantar,1,45.0
4924,2026-08-16 03:50:46,Hambúrguer Artesanal,Lanches,1,30.0
4925,2026-07-17 06:54:46,Suco de Laranja,Bebidas,1,8.0
4926,2026-08-09 08:42:46,Feijoada,Almoço,2,70.0
4927,2026-07-20 03:11:46,Feijoada,Almoço,1,35.0
4928,2026-08-06 04:58:46,Hambúrguer Artesanal,Lanches,2,60.0
4929,2026-08-17 10:40:46,Feijoada,Almoço,1,35.0
4930,2026-08-02 23:07:46,Pizza Margherita,Jantar,1,45.0
4931,2026-06-28 06:52:46,Pizza Margherita,Jantar,1,45.0
4932,2026-07-11 08:24:46,Pizza Margherita,Jantar,1,45.0
4933,2026-08-09 11:57:46,Suco de Laranja,Bebidas,1,8.0
4934,2026-08-10 00:25:46,Hambúrguer Artesanal,Lanches,2,60.0
4935,2026-09-22 08:30:46,Feijoada,Almoço,3,105.0
4936,2026-06-25 17:11:46,Prato Executivo Frango,Almoço,1,25.0
4937,2026-07-18 06:36:46,Prato Executivo Frango,Almoço,1,25.0
4938,2026-07-02 19:35:46,Hambúrguer Artesanal,Lanches,1,30.0
4939,2026-08-21 06:00:46,Suco de Laranja,Bebidas,1,8.0
4940,2026-08-13 18:28:46,Cerveja IPA,Bebidas,2,30.0
4941,2026-07-27 22:56:46,Pizza Margherita,Jantar,1,45.0
4942,2026-08-20 04:18:46,Pizza Margherita,Jantar,1,45.0
4943,2026-09-07 05:26:46,Pizza Margherita,Jantar,1,45.0
4944,2026-07-26 07:59:46,Prato Executivo Frango,Almoço,2,50.0
4945,2026-08-30 22:12:46,Suco de Laranja,Bebidas,3,24.0
4946,2026-08-03 19:46:46,Suco de Laranja,Bebidas,2,16.0
4947,2026-07-19 10:41:46,Feijoada,Almoço,1,35.0
4948,2026-07-06 20:14:46,Pizza Margherita,Jantar,1,45.0
4949,2026-08-03 21:47:46,Pizza Margherita,Jantar,1,45.0
4950,2026-08-08 08:44:46,Prato Executivo Frango,Almoço,3,75.0
4951,2026-07-18 04:59:46,Feijoada,Almoço,1,35.0
4952,2026-08-24 09:44:46,Hambúrguer Artesanal,Lanches,3,90.0
4953,2026-08-26 02:59:46,Hambúrguer Artesanal,Lanches,1,30.0
4954,2026-07-05 21:39:46,Pizza Margherita,Jantar,1,45.0
4955,2026-08-02 01:16:46,Cerveja IPA,Bebidas,1,15.0
4956,2026-08-25 11:51:46,Suco de Laranja,Bebidas,1,8.0
4957,2026-08-24 09:32:46,Feijoada,Almoço,2,70.0
4958,2026-08-05 00:04:46,Prato Executivo Frango,Almoço,3,75.0
4959,2026-07-19 05:47:46,Prato Executivo Frango,Almoço,2,50.0
4960,2026-09-09 17:54:46,Feijoada,Almoço,2,70.0
4961,2026-09-03 09:27:46,Cerveja IPA,Bebidas,1,15.0
4962,2026-07-30 18:40:46,Cerveja IPA,Bebidas,3,45.0
4963,2026-09-15 17:36:46,Feijoada,Almoço,1,35.0
4964,2026-08-02 17:33:46,Hambúrguer Artesanal,Lanches,3,90.0
4965,2026-07-30 17:34:46,Pizza Margherita,Jantar,1,45.0
4966,2026-08-08 13:18:46,Cerveja IPA,Bebidas,2,30.0
4967,2026-09-08 12:06:46,Prato Executivo Frango,Almoço,1,25.0
4968,2026-09-15 18:36:46,Suco de Laranja,Bebidas,1,8.0
4969,2026-08-02 11:37:46,Feijoada,Almoço,1,35.0
4970,2026-07-07 23:39:46,Pizza Margherita,Jantar,1,45.0
4971,2026-07-23 16:29:46,Prato Executivo Frango,Almoço,1,25.0
4972,2026-08-20 19:11:46,Cerveja IPA,Bebidas,1,15.0
4973,2026-08-20 07:47:46,Hambúrguer Artesanal,Lanches,2,60.0
4974,2026-07-25 03:21:46,Cerveja IPA,Bebidas,1,15.0
4975,2026-09-22 03:49:46,Suco de Laranja,Bebidas,1,8.0
4976,2026-08-09 20:51:46,Cerveja IPA,Bebidas,1,15.0
4977,2026-09-17 03:12:46,Hambúrguer Artesanal,Lanches,1,30.0
4978,2026-07-01 12:16:46,Cerveja IPA,Bebidas,1,15.0
4979,2026-07-27 22:41:46,Cerveja IPA,Bebidas,1,15.0
4980,2026-08-28 14:04:46,Prato Executivo Frango,Almoço,2,50.0
4981,2026-08-11 11:02:46,Feijoada,Almoço,2,70.0
4982,2026-08-17 00:23:46,Pizza Margherita,Jantar,2,90.0
4983,2026-07-17 06:25:46,Hambúrguer Artesanal,Lanches,1,30.0
4984,2026-08-08 07:12:46,Feijoada,Almoço,1,35.0
4985,2026-07-19 17:40:46,Feijoada,Almoço,2,70.0
4986,2026-08-25 10:31:46,Hambúrguer Artesanal,Lanches,1,30.0
4987,2026-08-25 13:59:46,Cerveja IPA,Bebidas,1,15.0
4988,2026-07-10 22:01:46,Pizza Margherita,Jantar,1,45.0
4989,2026-08-20 23:31:46,Suco de Laranja,Bebidas,1,8.0
4990,2026-07-01 22:24:46,Suco de Laranja,Bebidas,1,8.0
4991,2026-06-26 17:15:46,Suco de Laranja,Bebidas,1,8.0
4992,2026-07-28 13:13:46,Suco de Laranja,Bebidas,1,8.0
4993,2026-08-28 03:48:46,Feijoada,Almoço,1,35.0
4994,2026-09-03 08:29:46,Hambúrguer Artesanal,Lanches,1,30.0
4995,2026-06-24 23:12:46,Suco de Laranja,Bebidas,1,8.0
4996,2026-08-16 09:07:46,Feijoada,Almoço,1,35.0
4997,2026-09-21 00:17:46,Feijoada,Almoço,3,105.0
4998,2026-08-16 07:31:46,Prato Executivo Frango,Almoço,1,25.0
4999,2026-08-16 04:33:46,Suco de Laranja,Bebidas,1,8.0
5000,2026-08-26 06:16:46,Prato Executivo Frango,Almoço,1,25.0
